Cell_ID,X_centroid,Y_centroid,Cell_Type,Sample,Stratum,Component
sample_01_c00001,29.934098,30.088193,A,sample_01,tissue,section
sample_01_c00002,33.936351,29.921248,A,sample_01,tissue,section
sample_01_c00003,38.016758,29.933142,A,sample_01,tissue,section
sample_01_c00004,41.926036,29.965771,A,sample_01,tissue,section
sample_01_c00005,46.041587,30.013474,A,sample_01,tissue,section
sample_01_c00006,49.995663,30.04766,B,sample_01,tissue,section
sample_01_c00007,53.912954,29.907544,B,sample_01,tissue,section
sample_01_c00008,58.007419,30.040299,B,sample_01,tissue,section
sample_01_c00009,61.926827,29.912976,B,sample_01,tissue,section
sample_01_c00010,66.067838,30.025809,B,sample_01,tissue,section
sample_01_c00011,69.935374,30.002751,C,sample_01,tissue,section
sample_01_c00012,73.967736,30.069332,C,sample_01,tissue,section
sample_01_c00013,77.906212,30.08546,C,sample_01,tissue,section
sample_01_c00014,81.933107,30.018288,C,sample_01,tissue,section
sample_01_c00015,86.095139,30.049706,C,sample_01,tissue,section
sample_01_c00016,89.99531,29.963198,D,sample_01,tissue,section
sample_01_c00017,93.926596,29.945241,D,sample_01,tissue,section
sample_01_c00018,97.939948,29.968246,D,sample_01,tissue,section
sample_01_c00019,101.991614,29.968044,D,sample_01,tissue,section
sample_01_c00020,106.07597,29.947299,D,sample_01,tissue,section
sample_01_c00021,109.938091,30.033119,E,sample_01,tissue,section
sample_01_c00022,113.937938,29.997495,E,sample_01,tissue,section
sample_01_c00023,118.003102,30.075028,E,sample_01,tissue,section
sample_01_c00024,122.080115,30.081479,E,sample_01,tissue,section
sample_01_c00025,125.994635,30.043771,E,sample_01,tissue,section
sample_01_c00026,130.083314,30.094104,F,sample_01,tissue,section
sample_01_c00027,134.053372,30.082612,F,sample_01,tissue,section
sample_01_c00028,137.902283,30.099358,F,sample_01,tissue,section
sample_01_c00029,142.028188,29.928207,F,sample_01,tissue,section
sample_01_c00030,145.926988,29.965645,F,sample_01,tissue,section
sample_01_c00031,29.987388,33.900882,A,sample_01,tissue,section
sample_01_c00032,34.041906,34.013363,A,sample_01,tissue,section
sample_01_c00033,37.95957,34.054227,A,sample_01,tissue,section
sample_01_c00034,42.057535,34.055293,A,sample_01,tissue,section
sample_01_c00035,46.08448,33.940392,A,sample_01,tissue,section
sample_01_c00036,49.987123,34.048133,B,sample_01,tissue,section
sample_01_c00037,53.984636,34.038821,B,sample_01,tissue,section
sample_01_c00038,58.077101,33.92115,B,sample_01,tissue,section
sample_01_c00039,62.081657,33.938817,B,sample_01,tissue,section
sample_01_c00040,66.069709,33.988072,B,sample_01,tissue,section
sample_01_c00041,70.03063,33.96216,C,sample_01,tissue,section
sample_01_c00042,74.063439,34.040096,C,sample_01,tissue,section
sample_01_c00043,78.036907,34.044316,C,sample_01,tissue,section
sample_01_c00044,81.984264,33.949057,C,sample_01,tissue,section
sample_01_c00045,86.079271,33.98437,C,sample_01,tissue,section
sample_01_c00046,90.083452,33.954133,D,sample_01,tissue,section
sample_01_c00047,93.966334,33.965918,D,sample_01,tissue,section
sample_01_c00048,97.922048,33.970269,D,sample_01,tissue,section
sample_01_c00049,101.91252,33.935738,D,sample_01,tissue,section
sample_01_c00050,106.08055,34.048342,D,sample_01,tissue,section
sample_01_c00051,109.950117,34.066052,E,sample_01,tissue,section
sample_01_c00052,113.904955,33.997603,E,sample_01,tissue,section
sample_01_c00053,118.088199,33.923967,E,sample_01,tissue,section
sample_01_c00054,122.07093,33.934998,E,sample_01,tissue,section
sample_01_c00055,125.921708,34.066173,E,sample_01,tissue,section
sample_01_c00056,129.939576,33.936301,F,sample_01,tissue,section
sample_01_c00057,134.026043,34.057472,F,sample_01,tissue,section
sample_01_c00058,138.034032,34.092146,F,sample_01,tissue,section
sample_01_c00059,141.928005,34.097807,F,sample_01,tissue,section
sample_01_c00060,146.038113,34.003011,F,sample_01,tissue,section
sample_01_c00061,29.945848,37.991077,A,sample_01,tissue,section
sample_01_c00062,33.943999,38.018524,A,sample_01,tissue,section
sample_01_c00063,38.05962,37.938875,A,sample_01,tissue,section
sample_01_c00064,42.018715,38.023321,A,sample_01,tissue,section
sample_01_c00065,45.976534,37.972281,A,sample_01,tissue,section
sample_01_c00066,50.016071,37.953919,B,sample_01,tissue,section
sample_01_c00067,53.952851,37.978339,B,sample_01,tissue,section
sample_01_c00068,57.973171,37.943333,B,sample_01,tissue,section
sample_01_c00069,62.041693,37.935794,B,sample_01,tissue,section
sample_01_c00070,65.971115,38.06334,B,sample_01,tissue,section
sample_01_c00071,69.957311,38.043307,C,sample_01,tissue,section
sample_01_c00072,74.062116,37.995722,C,sample_01,tissue,section
sample_01_c00073,78.00764,38.051111,C,sample_01,tissue,section
sample_01_c00074,81.931861,37.992814,C,sample_01,tissue,section
sample_01_c00075,85.966574,38.002097,C,sample_01,tissue,section
sample_01_c00076,89.951198,38.079333,D,sample_01,tissue,section
sample_01_c00077,94.034141,37.999177,D,sample_01,tissue,section
sample_01_c00078,98.067457,37.907737,D,sample_01,tissue,section
sample_01_c00079,101.963171,38.068499,D,sample_01,tissue,section
sample_01_c00080,106.078233,37.937432,D,sample_01,tissue,section
sample_01_c00081,109.923796,38.054123,E,sample_01,tissue,section
sample_01_c00082,113.931396,38.078031,E,sample_01,tissue,section
sample_01_c00083,118.075369,38.095589,E,sample_01,tissue,section
sample_01_c00084,122.024653,38.010785,E,sample_01,tissue,section
sample_01_c00085,125.988408,37.930055,E,sample_01,tissue,section
sample_01_c00086,130.073674,38.005155,F,sample_01,tissue,section
sample_01_c00087,133.999713,38.025406,F,sample_01,tissue,section
sample_01_c00088,137.965559,38.075313,F,sample_01,tissue,section
sample_01_c00089,141.937456,37.902199,F,sample_01,tissue,section
sample_01_c00090,146.085995,38.008247,F,sample_01,tissue,section
sample_01_c00091,29.912325,42.04861,A,sample_01,tissue,section
sample_01_c00092,33.977184,41.979423,A,sample_01,tissue,section
sample_01_c00093,37.915477,41.997345,A,sample_01,tissue,section
sample_01_c00094,42.064713,41.940706,A,sample_01,tissue,section
sample_01_c00095,46.097144,42.023402,A,sample_01,tissue,section
sample_01_c00096,50.054698,41.973947,B,sample_01,tissue,section
sample_01_c00097,54.038369,41.92007,B,sample_01,tissue,section
sample_01_c00098,57.914474,41.944767,B,sample_01,tissue,section
sample_01_c00099,61.921382,42.070181,B,sample_01,tissue,section
sample_01_c00100,66.005064,41.961131,B,sample_01,tissue,section
sample_01_c00101,70.010186,41.989347,C,sample_01,tissue,section
sample_01_c00102,73.964108,41.939526,C,sample_01,tissue,section
sample_01_c00103,78.064006,41.96007,C,sample_01,tissue,section
sample_01_c00104,82.083128,42.088043,C,sample_01,tissue,section
sample_01_c00105,86.04936,41.95668,C,sample_01,tissue,section
sample_01_c00106,89.983724,42.085787,D,sample_01,tissue,section
sample_01_c00107,93.924891,41.977602,D,sample_01,tissue,section
sample_01_c00108,97.973209,41.961069,D,sample_01,tissue,section
sample_01_c00109,101.95132,41.92527,D,sample_01,tissue,section
sample_01_c00110,106.046356,42.091693,D,sample_01,tissue,section
sample_01_c00111,109.904389,41.961227,E,sample_01,tissue,section
sample_01_c00112,114.071844,41.988208,E,sample_01,tissue,section
sample_01_c00113,118.093155,41.933938,E,sample_01,tissue,section
sample_01_c00114,121.919014,42.024257,E,sample_01,tissue,section
sample_01_c00115,126.080612,42.083618,E,sample_01,tissue,section
sample_01_c00116,130.049436,42.099505,F,sample_01,tissue,section
sample_01_c00117,134.036108,42.071019,F,sample_01,tissue,section
sample_01_c00118,138.012965,41.943752,F,sample_01,tissue,section
sample_01_c00119,141.984977,42.028476,F,sample_01,tissue,section
sample_01_c00120,145.980727,41.955787,F,sample_01,tissue,section
sample_01_c00121,30.071777,45.971754,A,sample_01,tissue,section
sample_01_c00122,33.975668,46.000482,A,sample_01,tissue,section
sample_01_c00123,38.028455,46.089901,A,sample_01,tissue,section
sample_01_c00124,42.012868,45.995108,A,sample_01,tissue,section
sample_01_c00125,45.95993,46.036291,A,sample_01,tissue,section
sample_01_c00126,50.00991,45.979899,B,sample_01,tissue,section
sample_01_c00127,53.915374,46.085978,B,sample_01,tissue,section
sample_01_c00128,58.085469,46.046411,B,sample_01,tissue,section
sample_01_c00129,62.017059,45.994364,B,sample_01,tissue,section
sample_01_c00130,66.041337,45.984079,B,sample_01,tissue,section
sample_01_c00131,70.023645,46.044197,C,sample_01,tissue,section
sample_01_c00132,74.070037,45.978874,C,sample_01,tissue,section
sample_01_c00133,77.917251,46.085006,C,sample_01,tissue,section
sample_01_c00134,81.929875,45.969902,C,sample_01,tissue,section
sample_01_c00135,85.916786,46.050442,C,sample_01,tissue,section
sample_01_c00136,90.032644,45.924653,D,sample_01,tissue,section
sample_01_c00137,93.939448,45.965775,D,sample_01,tissue,section
sample_01_c00138,98.076376,46.098655,D,sample_01,tissue,section
sample_01_c00139,101.921593,46.001355,D,sample_01,tissue,section
sample_01_c00140,105.919188,45.934524,D,sample_01,tissue,section
sample_01_c00141,109.969813,46.094649,E,sample_01,tissue,section
sample_01_c00142,114.010876,45.931092,E,sample_01,tissue,section
sample_01_c00143,118.007008,45.982333,E,sample_01,tissue,section
sample_01_c00144,121.973266,45.957313,E,sample_01,tissue,section
sample_01_c00145,126.026312,45.911263,E,sample_01,tissue,section
sample_01_c00146,130.017707,45.945017,F,sample_01,tissue,section
sample_01_c00147,133.975639,46.030767,F,sample_01,tissue,section
sample_01_c00148,137.962807,45.934514,F,sample_01,tissue,section
sample_01_c00149,142.057807,46.016425,F,sample_01,tissue,section
sample_01_c00150,145.924805,45.923548,F,sample_01,tissue,section
sample_01_c00151,29.993964,50.060587,A,sample_01,tissue,section
sample_01_c00152,33.953644,50.027412,A,sample_01,tissue,section
sample_01_c00153,37.958178,50.082369,A,sample_01,tissue,section
sample_01_c00154,42.084406,49.999934,A,sample_01,tissue,section
sample_01_c00155,46.097102,49.965141,A,sample_01,tissue,section
sample_01_c00156,50.004568,50.026526,B,sample_01,tissue,section
sample_01_c00157,53.923398,50.066571,B,sample_01,tissue,section
sample_01_c00158,57.948888,49.903531,B,sample_01,tissue,section
sample_01_c00159,62.059742,49.936976,B,sample_01,tissue,section
sample_01_c00160,66.065677,50.052702,B,sample_01,tissue,section
sample_01_c00161,70.063719,49.969557,C,sample_01,tissue,section
sample_01_c00162,73.964776,49.961194,C,sample_01,tissue,section
sample_01_c00163,78.040229,50.013883,C,sample_01,tissue,section
sample_01_c00164,82.034802,50.011241,C,sample_01,tissue,section
sample_01_c00165,86.029401,49.946954,C,sample_01,tissue,section
sample_01_c00166,89.964396,49.917367,D,sample_01,tissue,section
sample_01_c00167,93.910959,49.993496,D,sample_01,tissue,section
sample_01_c00168,97.960457,50.053997,D,sample_01,tissue,section
sample_01_c00169,101.921628,49.951931,D,sample_01,tissue,section
sample_01_c00170,105.916053,49.959445,D,sample_01,tissue,section
sample_01_c00171,110.073025,50.087196,E,sample_01,tissue,section
sample_01_c00172,113.933185,49.909256,E,sample_01,tissue,section
sample_01_c00173,118.038827,49.925934,E,sample_01,tissue,section
sample_01_c00174,122.035171,49.969118,E,sample_01,tissue,section
sample_01_c00175,126.073949,50.052757,E,sample_01,tissue,section
sample_01_c00176,130.087533,49.974598,F,sample_01,tissue,section
sample_01_c00177,134.011763,49.966096,F,sample_01,tissue,section
sample_01_c00178,137.967816,49.926561,F,sample_01,tissue,section
sample_01_c00179,141.900709,49.976138,F,sample_01,tissue,section
sample_01_c00180,145.910212,49.919822,F,sample_01,tissue,section
sample_01_c00181,30.051495,53.932442,A,sample_01,tissue,section
sample_01_c00182,33.990001,53.914459,A,sample_01,tissue,section
sample_01_c00183,38.095893,54.011539,A,sample_01,tissue,section
sample_01_c00184,41.970054,53.914368,A,sample_01,tissue,section
sample_01_c00185,46.010971,54.00564,A,sample_01,tissue,section
sample_01_c00186,50.063632,54.051826,B,sample_01,tissue,section
sample_01_c00187,54.085963,54.005342,B,sample_01,tissue,section
sample_01_c00188,57.905504,54.031762,B,sample_01,tissue,section
sample_01_c00189,62.085654,54.094341,B,sample_01,tissue,section
sample_01_c00190,65.970883,53.910703,B,sample_01,tissue,section
sample_01_c00191,69.906762,53.918911,C,sample_01,tissue,section
sample_01_c00192,73.900912,53.968963,C,sample_01,tissue,section
sample_01_c00193,78.042821,53.923714,C,sample_01,tissue,section
sample_01_c00194,82.00567,54.005657,C,sample_01,tissue,section
sample_01_c00195,86.000307,53.916623,C,sample_01,tissue,section
sample_01_c00196,89.915566,53.974923,D,sample_01,tissue,section
sample_01_c00197,94.069295,53.900022,D,sample_01,tissue,section
sample_01_c00198,97.962816,54.01901,D,sample_01,tissue,section
sample_01_c00199,101.964334,53.978669,D,sample_01,tissue,section
sample_01_c00200,105.972841,54.072576,D,sample_01,tissue,section
sample_01_c00201,110.06356,53.971391,E,sample_01,tissue,section
sample_01_c00202,113.993802,54.097965,E,sample_01,tissue,section
sample_01_c00203,118.02996,53.966606,E,sample_01,tissue,section
sample_01_c00204,121.989362,54.06795,E,sample_01,tissue,section
sample_01_c00205,126.089281,53.996187,E,sample_01,tissue,section
sample_01_c00206,130.050859,54.077856,F,sample_01,tissue,section
sample_01_c00207,134.073894,54.096588,F,sample_01,tissue,section
sample_01_c00208,137.984654,54.011197,F,sample_01,tissue,section
sample_01_c00209,142.054679,54.063707,F,sample_01,tissue,section
sample_01_c00210,145.970877,54.073706,F,sample_01,tissue,section
sample_01_c00211,30.03252,57.907504,A,sample_01,tissue,section
sample_01_c00212,34.011586,57.967363,A,sample_01,tissue,section
sample_01_c00213,38.05998,58.091944,A,sample_01,tissue,section
sample_01_c00214,42.045684,58.081668,A,sample_01,tissue,section
sample_01_c00215,46.053998,57.997076,A,sample_01,tissue,section
sample_01_c00216,50.016143,58.090601,B,sample_01,tissue,section
sample_01_c00217,53.949876,57.926964,B,sample_01,tissue,section
sample_01_c00218,58.094759,57.914689,B,sample_01,tissue,section
sample_01_c00219,61.918268,57.93589,B,sample_01,tissue,section
sample_01_c00220,65.945125,58.075934,B,sample_01,tissue,section
sample_01_c00221,70.060895,57.996037,C,sample_01,tissue,section
sample_01_c00222,73.999567,58.006243,C,sample_01,tissue,section
sample_01_c00223,78.074275,58.016185,C,sample_01,tissue,section
sample_01_c00224,82.099913,57.99948,C,sample_01,tissue,section
sample_01_c00225,85.999115,57.902692,C,sample_01,tissue,section
sample_01_c00226,90.028115,57.933196,D,sample_01,tissue,section
sample_01_c00227,93.962843,57.964129,D,sample_01,tissue,section
sample_01_c00228,98.054732,57.988379,D,sample_01,tissue,section
sample_01_c00229,101.945903,58.090866,D,sample_01,tissue,section
sample_01_c00230,105.982219,58.064537,D,sample_01,tissue,section
sample_01_c00231,110.045484,57.917949,E,sample_01,tissue,section
sample_01_c00232,114.009896,58.055093,E,sample_01,tissue,section
sample_01_c00233,117.969929,57.948765,E,sample_01,tissue,section
sample_01_c00234,121.906323,58.067376,E,sample_01,tissue,section
sample_01_c00235,125.909562,57.94433,E,sample_01,tissue,section
sample_01_c00236,129.958326,57.906465,F,sample_01,tissue,section
sample_01_c00237,134.023658,57.929415,F,sample_01,tissue,section
sample_01_c00238,138.002634,57.942836,F,sample_01,tissue,section
sample_01_c00239,141.932186,57.927714,F,sample_01,tissue,section
sample_01_c00240,146.090219,57.995858,F,sample_01,tissue,section
sample_01_c00241,29.914941,62.039726,A,sample_01,tissue,section
sample_01_c00242,34.040731,61.95239,A,sample_01,tissue,section
sample_01_c00243,38.061208,61.932664,A,sample_01,tissue,section
sample_01_c00244,41.936572,62.091944,A,sample_01,tissue,section
sample_01_c00245,46.049878,62.020687,A,sample_01,tissue,section
sample_01_c00246,49.971007,61.961604,B,sample_01,tissue,section
sample_01_c00247,54.026179,62.058258,B,sample_01,tissue,section
sample_01_c00248,58.055357,62.083147,B,sample_01,tissue,section
sample_01_c00249,61.923094,62.05487,B,sample_01,tissue,section
sample_01_c00250,65.990075,61.940203,B,sample_01,tissue,section
sample_01_c00251,69.912659,61.984211,C,sample_01,tissue,section
sample_01_c00252,74.062341,61.909434,C,sample_01,tissue,section
sample_01_c00253,77.928519,61.993703,C,sample_01,tissue,section
sample_01_c00254,81.964291,61.983588,C,sample_01,tissue,section
sample_01_c00255,86.076919,62.035442,C,sample_01,tissue,section
sample_01_c00256,90.000428,61.981054,D,sample_01,tissue,section
sample_01_c00257,93.963213,61.918098,D,sample_01,tissue,section
sample_01_c00258,97.982514,62.086778,D,sample_01,tissue,section
sample_01_c00259,102.020096,61.999273,D,sample_01,tissue,section
sample_01_c00260,105.989955,62.032354,D,sample_01,tissue,section
sample_01_c00261,109.964407,61.988768,E,sample_01,tissue,section
sample_01_c00262,114.013936,62.032227,E,sample_01,tissue,section
sample_01_c00263,117.90292,62.009359,E,sample_01,tissue,section
sample_01_c00264,121.928667,61.908587,E,sample_01,tissue,section
sample_01_c00265,126.07025,61.991315,E,sample_01,tissue,section
sample_01_c00266,129.966853,61.916646,F,sample_01,tissue,section
sample_01_c00267,134.002341,62.097722,F,sample_01,tissue,section
sample_01_c00268,137.974634,62.041859,F,sample_01,tissue,section
sample_01_c00269,141.956526,62.059731,F,sample_01,tissue,section
sample_01_c00270,145.913183,61.98455,F,sample_01,tissue,section
sample_01_c00271,29.976468,65.979646,A,sample_01,tissue,section
sample_01_c00272,34.00838,66.024716,A,sample_01,tissue,section
sample_01_c00273,37.906869,65.944193,A,sample_01,tissue,section
sample_01_c00274,41.955805,65.923276,A,sample_01,tissue,section
sample_01_c00275,46.098254,65.938027,A,sample_01,tissue,section
sample_01_c00276,50.0453,65.918815,B,sample_01,tissue,section
sample_01_c00277,53.978035,66.096666,B,sample_01,tissue,section
sample_01_c00278,57.94172,66.097176,B,sample_01,tissue,section
sample_01_c00279,61.96417,65.915043,B,sample_01,tissue,section
sample_01_c00280,66.089464,65.972373,B,sample_01,tissue,section
sample_01_c00281,69.969651,65.950928,C,sample_01,tissue,section
sample_01_c00282,74.055737,66.019214,C,sample_01,tissue,section
sample_01_c00283,77.905945,66.061152,C,sample_01,tissue,section
sample_01_c00284,82.037782,65.966024,C,sample_01,tissue,section
sample_01_c00285,85.944807,66.012349,C,sample_01,tissue,section
sample_01_c00286,89.904929,65.965137,D,sample_01,tissue,section
sample_01_c00287,94.094754,65.975392,D,sample_01,tissue,section
sample_01_c00288,97.967517,66.037381,D,sample_01,tissue,section
sample_01_c00289,102.098626,65.902025,D,sample_01,tissue,section
sample_01_c00290,105.908723,66.004601,D,sample_01,tissue,section
sample_01_c00291,110.044712,66.080816,E,sample_01,tissue,section
sample_01_c00292,113.96856,66.075119,E,sample_01,tissue,section
sample_01_c00293,117.96481,65.959099,E,sample_01,tissue,section
sample_01_c00294,122.076926,65.910924,E,sample_01,tissue,section
sample_01_c00295,126.06011,66.039651,E,sample_01,tissue,section
sample_01_c00296,129.977796,66.014886,F,sample_01,tissue,section
sample_01_c00297,133.944308,66.006719,F,sample_01,tissue,section
sample_01_c00298,138.055785,65.980958,F,sample_01,tissue,section
sample_01_c00299,142.038558,65.959342,F,sample_01,tissue,section
sample_01_c00300,145.905837,65.985008,F,sample_01,tissue,section
sample_01_c00301,29.962653,69.979117,A,sample_01,tissue,section
sample_01_c00302,34.066672,69.979817,A,sample_01,tissue,section
sample_01_c00303,38.063603,70.085686,A,sample_01,tissue,section
sample_01_c00304,42.016559,69.970898,A,sample_01,tissue,section
sample_01_c00305,45.933686,69.946933,A,sample_01,tissue,section
sample_01_c00306,50.002167,69.924872,B,sample_01,tissue,section
sample_01_c00307,54.096887,69.955055,B,sample_01,tissue,section
sample_01_c00308,57.944099,69.928844,B,sample_01,tissue,section
sample_01_c00309,61.990283,70.052375,B,sample_01,tissue,section
sample_01_c00310,65.990709,69.985971,B,sample_01,tissue,section
sample_01_c00311,70.003501,70.041345,C,sample_01,tissue,section
sample_01_c00312,74.014687,70.046484,C,sample_01,tissue,section
sample_01_c00313,78.011688,70.079455,C,sample_01,tissue,section
sample_01_c00314,81.968355,69.953314,C,sample_01,tissue,section
sample_01_c00315,86.083952,69.998974,C,sample_01,tissue,section
sample_01_c00316,90.015625,69.989789,D,sample_01,tissue,section
sample_01_c00317,93.948724,69.997019,D,sample_01,tissue,section
sample_01_c00318,98.095113,70.017023,D,sample_01,tissue,section
sample_01_c00319,101.959363,70.054841,D,sample_01,tissue,section
sample_01_c00320,105.976635,70.030921,D,sample_01,tissue,section
sample_01_c00321,110.027788,69.999995,E,sample_01,tissue,section
sample_01_c00322,113.969372,70.097424,E,sample_01,tissue,section
sample_01_c00323,118.081542,69.969688,E,sample_01,tissue,section
sample_01_c00324,121.901023,69.92493,E,sample_01,tissue,section
sample_01_c00325,125.965302,70.039642,E,sample_01,tissue,section
sample_01_c00326,130.009976,69.961002,F,sample_01,tissue,section
sample_01_c00327,133.912512,70.08379,F,sample_01,tissue,section
sample_01_c00328,138.021023,70.087379,F,sample_01,tissue,section
sample_01_c00329,142.002345,70.01726,F,sample_01,tissue,section
sample_01_c00330,145.942169,70.002396,F,sample_01,tissue,section
sample_01_c00331,29.940939,74.049183,A,sample_01,tissue,section
sample_01_c00332,33.993506,73.981764,A,sample_01,tissue,section
sample_01_c00333,38.07799,73.921951,A,sample_01,tissue,section
sample_01_c00334,41.984463,73.997148,A,sample_01,tissue,section
sample_01_c00335,45.970689,74.020547,A,sample_01,tissue,section
sample_01_c00336,49.93417,73.937853,B,sample_01,tissue,section
sample_01_c00337,53.981805,73.940749,B,sample_01,tissue,section
sample_01_c00338,57.972187,74.011715,B,sample_01,tissue,section
sample_01_c00339,62.056194,74.005812,B,sample_01,tissue,section
sample_01_c00340,65.973669,74.070966,B,sample_01,tissue,section
sample_01_c00341,70.008972,74.022779,C,sample_01,tissue,section
sample_01_c00342,74.001077,73.996064,C,sample_01,tissue,section
sample_01_c00343,78.091127,73.909397,C,sample_01,tissue,section
sample_01_c00344,82.017248,74.048389,C,sample_01,tissue,section
sample_01_c00345,85.948246,74.088085,C,sample_01,tissue,section
sample_01_c00346,90.005507,74.031986,D,sample_01,tissue,section
sample_01_c00347,94.067699,73.965611,D,sample_01,tissue,section
sample_01_c00348,98.044809,74.04944,D,sample_01,tissue,section
sample_01_c00349,102.040021,73.965055,D,sample_01,tissue,section
sample_01_c00350,106.035887,73.945891,D,sample_01,tissue,section
sample_01_c00351,109.986167,73.900654,E,sample_01,tissue,section
sample_01_c00352,113.992016,73.900749,E,sample_01,tissue,section
sample_01_c00353,118.008329,74.015983,E,sample_01,tissue,section
sample_01_c00354,121.989913,74.071653,E,sample_01,tissue,section
sample_01_c00355,125.901509,73.929475,E,sample_01,tissue,section
sample_01_c00356,129.984003,73.905066,F,sample_01,tissue,section
sample_01_c00357,134.056818,74.098107,F,sample_01,tissue,section
sample_01_c00358,138.047108,74.080213,F,sample_01,tissue,section
sample_01_c00359,142.005891,73.948574,F,sample_01,tissue,section
sample_01_c00360,146.036503,74.054494,F,sample_01,tissue,section
sample_01_c00361,30.020828,77.94917,A,sample_01,tissue,section
sample_01_c00362,33.922066,77.992343,A,sample_01,tissue,section
sample_01_c00363,38.004656,77.96236,A,sample_01,tissue,section
sample_01_c00364,41.970094,78.067232,A,sample_01,tissue,section
sample_01_c00365,45.978861,78.001261,A,sample_01,tissue,section
sample_01_c00366,50.03481,78.028855,B,sample_01,tissue,section
sample_01_c00367,53.94427,78.022394,B,sample_01,tissue,section
sample_01_c00368,57.960385,77.987075,B,sample_01,tissue,section
sample_01_c00369,62.087466,77.971003,B,sample_01,tissue,section
sample_01_c00370,66.017787,78.056483,B,sample_01,tissue,section
sample_01_c00371,70.048953,77.978102,C,sample_01,tissue,section
sample_01_c00372,74.092299,78.093706,C,sample_01,tissue,section
sample_01_c00373,77.970998,77.997075,C,sample_01,tissue,section
sample_01_c00374,81.974521,77.966867,C,sample_01,tissue,section
sample_01_c00375,86.026198,78.041168,C,sample_01,tissue,section
sample_01_c00376,90.055858,78.045855,D,sample_01,tissue,section
sample_01_c00377,93.997831,77.965772,D,sample_01,tissue,section
sample_01_c00378,98.099207,78.059998,D,sample_01,tissue,section
sample_01_c00379,101.999339,78.095315,D,sample_01,tissue,section
sample_01_c00380,105.934803,78.064093,D,sample_01,tissue,section
sample_01_c00381,110.065976,77.913331,E,sample_01,tissue,section
sample_01_c00382,113.930423,77.992518,E,sample_01,tissue,section
sample_01_c00383,117.998249,77.972182,E,sample_01,tissue,section
sample_01_c00384,122.037341,78.019413,E,sample_01,tissue,section
sample_01_c00385,126.034865,77.978581,E,sample_01,tissue,section
sample_01_c00386,129.93348,78.000365,F,sample_01,tissue,section
sample_01_c00387,133.98011,77.903054,F,sample_01,tissue,section
sample_01_c00388,137.937719,77.906638,F,sample_01,tissue,section
sample_01_c00389,141.943231,77.948291,F,sample_01,tissue,section
sample_01_c00390,145.918922,77.903354,F,sample_01,tissue,section
sample_01_c00391,30.053236,82.083433,A,sample_01,tissue,section
sample_01_c00392,34.078244,82.085047,A,sample_01,tissue,section
sample_01_c00393,38.042416,82.097952,A,sample_01,tissue,section
sample_01_c00394,41.93581,81.994901,A,sample_01,tissue,section
sample_01_c00395,46.017805,81.97741,A,sample_01,tissue,section
sample_01_c00396,50.056628,82.084857,B,sample_01,tissue,section
sample_01_c00397,53.961014,81.933039,B,sample_01,tissue,section
sample_01_c00398,57.997235,81.907448,B,sample_01,tissue,section
sample_01_c00399,62.03662,82.02489,B,sample_01,tissue,section
sample_01_c00400,65.941384,81.917408,B,sample_01,tissue,section
sample_01_c00401,70.008953,82.01686,C,sample_01,tissue,section
sample_01_c00402,73.940541,81.997319,C,sample_01,tissue,section
sample_01_c00403,77.949702,82.001874,C,sample_01,tissue,section
sample_01_c00404,81.958792,81.941424,C,sample_01,tissue,section
sample_01_c00405,86.055201,82.02588,C,sample_01,tissue,section
sample_01_c00406,90.098676,81.902184,D,sample_01,tissue,section
sample_01_c00407,93.909028,81.900487,D,sample_01,tissue,section
sample_01_c00408,98.009926,81.943864,D,sample_01,tissue,section
sample_01_c00409,102.016634,82.086266,D,sample_01,tissue,section
sample_01_c00410,106.011634,82.083298,D,sample_01,tissue,section
sample_01_c00411,110.033008,81.928432,E,sample_01,tissue,section
sample_01_c00412,113.923302,81.937421,E,sample_01,tissue,section
sample_01_c00413,117.967962,81.993986,E,sample_01,tissue,section
sample_01_c00414,122.086598,81.933427,E,sample_01,tissue,section
sample_01_c00415,126.021188,81.934235,E,sample_01,tissue,section
sample_01_c00416,130.096013,81.999612,F,sample_01,tissue,section
sample_01_c00417,133.94854,82.012497,F,sample_01,tissue,section
sample_01_c00418,138.03006,81.970311,F,sample_01,tissue,section
sample_01_c00419,141.988472,82.054123,F,sample_01,tissue,section
sample_01_c00420,146.046049,81.978706,F,sample_01,tissue,section
sample_01_c00421,29.965959,85.915495,A,sample_01,tissue,section
sample_01_c00422,34.086958,85.905659,A,sample_01,tissue,section
sample_01_c00423,37.936094,85.958997,A,sample_01,tissue,section
sample_01_c00424,42.063093,85.958172,A,sample_01,tissue,section
sample_01_c00425,45.950343,85.957706,A,sample_01,tissue,section
sample_01_c00426,49.980896,86.08442,B,sample_01,tissue,section
sample_01_c00427,54.003955,86.028351,B,sample_01,tissue,section
sample_01_c00428,57.933188,85.972292,B,sample_01,tissue,section
sample_01_c00429,62.041594,86.005172,B,sample_01,tissue,section
sample_01_c00430,66.003871,85.902982,B,sample_01,tissue,section
sample_01_c00431,69.999111,86.005943,C,sample_01,tissue,section
sample_01_c00432,74.031057,86.010516,C,sample_01,tissue,section
sample_01_c00433,78.039035,85.920378,C,sample_01,tissue,section
sample_01_c00434,82.074155,86.040626,C,sample_01,tissue,section
sample_01_c00435,85.985673,86.054881,C,sample_01,tissue,section
sample_01_c00436,90.057257,86.090174,D,sample_01,tissue,section
sample_01_c00437,93.942279,85.948535,D,sample_01,tissue,section
sample_01_c00438,98.064484,85.999537,D,sample_01,tissue,section
sample_01_c00439,102.084749,85.971543,D,sample_01,tissue,section
sample_01_c00440,105.980546,86.041811,D,sample_01,tissue,section
sample_01_c00441,109.950813,86.030894,E,sample_01,tissue,section
sample_01_c00442,113.98188,86.030204,E,sample_01,tissue,section
sample_01_c00443,118.005486,85.903025,E,sample_01,tissue,section
sample_01_c00444,121.980683,85.936205,E,sample_01,tissue,section
sample_01_c00445,125.989324,86.064299,E,sample_01,tissue,section
sample_01_c00446,130.065391,85.970934,F,sample_01,tissue,section
sample_01_c00447,134.035612,85.919644,F,sample_01,tissue,section
sample_01_c00448,138.047531,86.040786,F,sample_01,tissue,section
sample_01_c00449,141.901137,85.992182,F,sample_01,tissue,section
sample_01_c00450,146.022941,86.00215,F,sample_01,tissue,section
sample_01_c00451,29.980404,89.998636,A,sample_01,tissue,section
sample_01_c00452,34.029776,90.046461,A,sample_01,tissue,section
sample_01_c00453,38.053621,89.948261,A,sample_01,tissue,section
sample_01_c00454,42.031574,90.042388,A,sample_01,tissue,section
sample_01_c00455,45.915732,90.001677,A,sample_01,tissue,section
sample_01_c00456,50.077833,89.983411,B,sample_01,tissue,section
sample_01_c00457,53.935083,90.018321,B,sample_01,tissue,section
sample_01_c00458,58.031104,90.002259,B,sample_01,tissue,section
sample_01_c00459,62.042615,90.045174,B,sample_01,tissue,section
sample_01_c00460,66.033703,90.066319,B,sample_01,tissue,section
sample_01_c00461,69.92772,89.991057,C,sample_01,tissue,section
sample_01_c00462,73.989253,89.985055,C,sample_01,tissue,section
sample_01_c00463,78.045367,90.021808,C,sample_01,tissue,section
sample_01_c00464,81.931756,89.995615,C,sample_01,tissue,section
sample_01_c00465,86.047042,90.094158,C,sample_01,tissue,section
sample_01_c00466,89.974287,90.074858,D,sample_01,tissue,section
sample_01_c00467,94.023262,89.985297,D,sample_01,tissue,section
sample_01_c00468,97.971226,90.024862,D,sample_01,tissue,section
sample_01_c00469,101.905031,89.952173,D,sample_01,tissue,section
sample_01_c00470,106.045118,89.947625,D,sample_01,tissue,section
sample_01_c00471,109.901745,90.084482,E,sample_01,tissue,section
sample_01_c00472,113.917029,90.015672,E,sample_01,tissue,section
sample_01_c00473,118.077887,89.981174,E,sample_01,tissue,section
sample_01_c00474,121.935448,90.064089,E,sample_01,tissue,section
sample_01_c00475,125.985837,89.940407,E,sample_01,tissue,section
sample_01_c00476,130.074723,90.073331,F,sample_01,tissue,section
sample_01_c00477,133.988667,90.063001,F,sample_01,tissue,section
sample_01_c00478,138.084334,89.954781,F,sample_01,tissue,section
sample_01_c00479,141.984234,89.999838,F,sample_01,tissue,section
sample_01_c00480,145.976796,90.069676,F,sample_01,tissue,section
sample_01_c00481,30.03074,94.081209,A,sample_01,tissue,section
sample_01_c00482,34.089882,94.008275,A,sample_01,tissue,section
sample_01_c00483,38.083647,94.020634,A,sample_01,tissue,section
sample_01_c00484,41.947882,94.034038,A,sample_01,tissue,section
sample_01_c00485,46.033763,93.939712,A,sample_01,tissue,section
sample_01_c00486,49.983525,93.949843,B,sample_01,tissue,section
sample_01_c00487,53.991186,94.052249,B,sample_01,tissue,section
sample_01_c00488,58.03991,94.060823,B,sample_01,tissue,section
sample_01_c00489,62.069078,94.082166,B,sample_01,tissue,section
sample_01_c00490,66.023283,94.072244,B,sample_01,tissue,section
sample_01_c00491,70.063494,93.993497,C,sample_01,tissue,section
sample_01_c00492,74.01844,93.981465,C,sample_01,tissue,section
sample_01_c00493,78.023517,94.052348,C,sample_01,tissue,section
sample_01_c00494,82.058558,93.905178,C,sample_01,tissue,section
sample_01_c00495,85.911169,93.947858,C,sample_01,tissue,section
sample_01_c00496,89.904699,94.039517,D,sample_01,tissue,section
sample_01_c00497,93.989156,93.994846,D,sample_01,tissue,section
sample_01_c00498,98.063509,93.903658,D,sample_01,tissue,section
sample_01_c00499,101.908338,93.930992,D,sample_01,tissue,section
sample_01_c00500,106.097808,93.978783,D,sample_01,tissue,section
sample_01_c00501,109.935982,94.02885,E,sample_01,tissue,section
sample_01_c00502,113.990346,94.008638,E,sample_01,tissue,section
sample_01_c00503,117.935536,94.082094,E,sample_01,tissue,section
sample_01_c00504,121.999583,93.980272,E,sample_01,tissue,section
sample_01_c00505,126.092738,94.053942,E,sample_01,tissue,section
sample_01_c00506,129.919583,94.035036,F,sample_01,tissue,section
sample_01_c00507,133.973859,94.082692,F,sample_01,tissue,section
sample_01_c00508,137.924791,94.085403,F,sample_01,tissue,section
sample_01_c00509,142.098931,94.031074,F,sample_01,tissue,section
sample_01_c00510,146.057109,94.095603,F,sample_01,tissue,section
sample_01_c00511,30.05943,98.034064,A,sample_01,tissue,section
sample_01_c00512,33.937761,97.937109,A,sample_01,tissue,section
sample_01_c00513,38.070768,97.922649,A,sample_01,tissue,section
sample_01_c00514,41.906576,98.027238,A,sample_01,tissue,section
sample_01_c00515,45.915298,97.995458,A,sample_01,tissue,section
sample_01_c00516,50.04686,97.961956,B,sample_01,tissue,section
sample_01_c00517,54.025092,97.991297,B,sample_01,tissue,section
sample_01_c00518,58.025938,98.017689,B,sample_01,tissue,section
sample_01_c00519,62.019449,98.085633,B,sample_01,tissue,section
sample_01_c00520,65.936884,97.995036,B,sample_01,tissue,section
sample_01_c00521,69.917827,98.027741,C,sample_01,tissue,section
sample_01_c00522,74.047661,98.042963,C,sample_01,tissue,section
sample_01_c00523,78.089326,98.086939,C,sample_01,tissue,section
sample_01_c00524,81.919324,98.069917,C,sample_01,tissue,section
sample_01_c00525,85.917663,98.013164,C,sample_01,tissue,section
sample_01_c00526,90.094589,97.929449,D,sample_01,tissue,section
sample_01_c00527,93.960639,97.960149,D,sample_01,tissue,section
sample_01_c00528,97.936202,98.066558,D,sample_01,tissue,section
sample_01_c00529,101.983531,97.989983,D,sample_01,tissue,section
sample_01_c00530,105.930033,97.956882,D,sample_01,tissue,section
sample_01_c00531,110.05872,98.093806,E,sample_01,tissue,section
sample_01_c00532,114.03636,97.932752,E,sample_01,tissue,section
sample_01_c00533,118.015311,97.955928,E,sample_01,tissue,section
sample_01_c00534,121.91746,98.089673,E,sample_01,tissue,section
sample_01_c00535,126.086735,97.932396,E,sample_01,tissue,section
sample_01_c00536,129.959752,97.951227,F,sample_01,tissue,section
sample_01_c00537,133.961472,98.002731,F,sample_01,tissue,section
sample_01_c00538,138.053014,97.926921,F,sample_01,tissue,section
sample_01_c00539,142.084848,98.032594,F,sample_01,tissue,section
sample_01_c00540,145.930896,98.053111,F,sample_01,tissue,section
sample_01_c00541,30.035779,101.991866,A,sample_01,tissue,section
sample_01_c00542,33.914999,102.020074,A,sample_01,tissue,section
sample_01_c00543,37.920528,101.969644,A,sample_01,tissue,section
sample_01_c00544,42.014145,101.980973,A,sample_01,tissue,section
sample_01_c00545,45.95995,101.90606,A,sample_01,tissue,section
sample_01_c00546,50.09421,102.097398,B,sample_01,tissue,section
sample_01_c00547,53.942827,102.01186,B,sample_01,tissue,section
sample_01_c00548,57.977098,101.960262,B,sample_01,tissue,section
sample_01_c00549,62.056527,102.088183,B,sample_01,tissue,section
sample_01_c00550,66.09424,102.098979,B,sample_01,tissue,section
sample_01_c00551,70.039841,101.988235,C,sample_01,tissue,section
sample_01_c00552,74.06849,102.014942,C,sample_01,tissue,section
sample_01_c00553,77.989052,102.077959,C,sample_01,tissue,section
sample_01_c00554,82.078239,101.976387,C,sample_01,tissue,section
sample_01_c00555,86.001444,102.022558,C,sample_01,tissue,section
sample_01_c00556,90.05368,101.961838,D,sample_01,tissue,section
sample_01_c00557,94.018625,102.02388,D,sample_01,tissue,section
sample_01_c00558,98.071257,102.07657,D,sample_01,tissue,section
sample_01_c00559,102.092093,102.042244,D,sample_01,tissue,section
sample_01_c00560,106.082674,102.079917,D,sample_01,tissue,section
sample_01_c00561,110.055524,102.028884,E,sample_01,tissue,section
sample_01_c00562,113.995408,102.022083,E,sample_01,tissue,section
sample_01_c00563,118.091734,102.092818,E,sample_01,tissue,section
sample_01_c00564,122.050199,101.941394,E,sample_01,tissue,section
sample_01_c00565,125.995275,102.038448,E,sample_01,tissue,section
sample_01_c00566,129.998538,102.091065,F,sample_01,tissue,section
sample_01_c00567,134.09724,102.073076,F,sample_01,tissue,section
sample_01_c00568,138.020941,102.082696,F,sample_01,tissue,section
sample_01_c00569,142.08329,101.92063,F,sample_01,tissue,section
sample_01_c00570,145.921566,101.937237,F,sample_01,tissue,section
sample_01_c00571,29.93375,106.061,A,sample_01,tissue,section
sample_01_c00572,34.092183,106.084844,A,sample_01,tissue,section
sample_01_c00573,38.059868,105.993611,A,sample_01,tissue,section
sample_01_c00574,42.014309,105.923642,A,sample_01,tissue,section
sample_01_c00575,46.006421,106.051983,A,sample_01,tissue,section
sample_01_c00576,50.064559,105.915061,B,sample_01,tissue,section
sample_01_c00577,53.980866,106.050869,B,sample_01,tissue,section
sample_01_c00578,57.971816,105.988091,B,sample_01,tissue,section
sample_01_c00579,61.918656,106.097609,B,sample_01,tissue,section
sample_01_c00580,66.097673,106.022093,B,sample_01,tissue,section
sample_01_c00581,70.064639,106.011634,C,sample_01,tissue,section
sample_01_c00582,74.034502,106.00855,C,sample_01,tissue,section
sample_01_c00583,78.02064,106.02851,C,sample_01,tissue,section
sample_01_c00584,81.963804,105.983812,C,sample_01,tissue,section
sample_01_c00585,86.056308,105.97531,C,sample_01,tissue,section
sample_01_c00586,89.928344,106.08298,D,sample_01,tissue,section
sample_01_c00587,93.960941,105.952716,D,sample_01,tissue,section
sample_01_c00588,97.913029,106.001932,D,sample_01,tissue,section
sample_01_c00589,101.910697,106.051955,D,sample_01,tissue,section
sample_01_c00590,105.921096,106.08063,D,sample_01,tissue,section
sample_01_c00591,110.052852,105.907246,E,sample_01,tissue,section
sample_01_c00592,113.941991,105.949311,E,sample_01,tissue,section
sample_01_c00593,117.922784,106.076085,E,sample_01,tissue,section
sample_01_c00594,121.931033,106.037222,E,sample_01,tissue,section
sample_01_c00595,125.991583,105.971596,E,sample_01,tissue,section
sample_01_c00596,129.919321,105.99179,F,sample_01,tissue,section
sample_01_c00597,134.060494,106.03757,F,sample_01,tissue,section
sample_01_c00598,137.9047,105.910197,F,sample_01,tissue,section
sample_01_c00599,142.050598,106.099517,F,sample_01,tissue,section
sample_01_c00600,145.962924,106.003134,F,sample_01,tissue,section
sample_02_c00001,29.984056,30.036241,A,sample_02,tissue,section
sample_02_c00002,34.041141,29.983291,A,sample_02,tissue,section
sample_02_c00003,38.022831,30.012981,A,sample_02,tissue,section
sample_02_c00004,42.044472,30.049566,A,sample_02,tissue,section
sample_02_c00005,46.090569,30.075217,A,sample_02,tissue,section
sample_02_c00006,50.057461,29.934955,B,sample_02,tissue,section
sample_02_c00007,54.071818,29.949718,B,sample_02,tissue,section
sample_02_c00008,58.093298,30.017704,B,sample_02,tissue,section
sample_02_c00009,62.048928,29.980389,B,sample_02,tissue,section
sample_02_c00010,65.934138,30.081159,B,sample_02,tissue,section
sample_02_c00011,70.070223,30.091316,C,sample_02,tissue,section
sample_02_c00012,73.903086,29.999842,C,sample_02,tissue,section
sample_02_c00013,77.91058,29.946462,C,sample_02,tissue,section
sample_02_c00014,82.090547,30.025832,C,sample_02,tissue,section
sample_02_c00015,86.042238,29.984756,C,sample_02,tissue,section
sample_02_c00016,90.015503,30.015971,D,sample_02,tissue,section
sample_02_c00017,93.943737,30.076704,D,sample_02,tissue,section
sample_02_c00018,98.068734,29.944217,D,sample_02,tissue,section
sample_02_c00019,102.017393,30.017577,D,sample_02,tissue,section
sample_02_c00020,105.915882,30.023308,D,sample_02,tissue,section
sample_02_c00021,109.941527,30.090428,E,sample_02,tissue,section
sample_02_c00022,114.072987,29.954098,E,sample_02,tissue,section
sample_02_c00023,118.042645,29.954124,E,sample_02,tissue,section
sample_02_c00024,121.922268,30.022824,E,sample_02,tissue,section
sample_02_c00025,126.088431,30.088545,E,sample_02,tissue,section
sample_02_c00026,129.904107,30.006487,F,sample_02,tissue,section
sample_02_c00027,133.96276,29.939726,F,sample_02,tissue,section
sample_02_c00028,138.019298,29.926312,F,sample_02,tissue,section
sample_02_c00029,142.072807,30.046717,F,sample_02,tissue,section
sample_02_c00030,146.061937,30.099738,F,sample_02,tissue,section
sample_02_c00031,29.900363,33.996851,A,sample_02,tissue,section
sample_02_c00032,34.023835,34.019621,A,sample_02,tissue,section
sample_02_c00033,37.909484,33.931699,A,sample_02,tissue,section
sample_02_c00034,41.955789,33.901689,A,sample_02,tissue,section
sample_02_c00035,45.910727,33.916594,A,sample_02,tissue,section
sample_02_c00036,49.997788,34.054763,B,sample_02,tissue,section
sample_02_c00037,53.912078,34.050809,B,sample_02,tissue,section
sample_02_c00038,58.062202,33.904289,B,sample_02,tissue,section
sample_02_c00039,62.081602,33.987728,B,sample_02,tissue,section
sample_02_c00040,66.027447,34.016312,B,sample_02,tissue,section
sample_02_c00041,69.940142,34.058338,C,sample_02,tissue,section
sample_02_c00042,74.087954,33.950016,C,sample_02,tissue,section
sample_02_c00043,77.959211,33.937632,C,sample_02,tissue,section
sample_02_c00044,82.018922,33.928327,C,sample_02,tissue,section
sample_02_c00045,86.022143,33.925613,C,sample_02,tissue,section
sample_02_c00046,90.06162,33.9976,D,sample_02,tissue,section
sample_02_c00047,94.08724,33.960317,D,sample_02,tissue,section
sample_02_c00048,97.941564,33.908256,D,sample_02,tissue,section
sample_02_c00049,102.087115,33.909739,D,sample_02,tissue,section
sample_02_c00050,105.931486,34.021424,D,sample_02,tissue,section
sample_02_c00051,109.984101,33.967184,E,sample_02,tissue,section
sample_02_c00052,114.083996,34.060417,E,sample_02,tissue,section
sample_02_c00053,118.064696,34.087548,E,sample_02,tissue,section
sample_02_c00054,121.948237,34.078044,E,sample_02,tissue,section
sample_02_c00055,125.994266,34.006965,E,sample_02,tissue,section
sample_02_c00056,130.092863,33.969779,F,sample_02,tissue,section
sample_02_c00057,134.098803,33.92671,F,sample_02,tissue,section
sample_02_c00058,137.927624,33.916605,F,sample_02,tissue,section
sample_02_c00059,141.97523,33.959967,F,sample_02,tissue,section
sample_02_c00060,146.065243,33.943923,F,sample_02,tissue,section
sample_02_c00061,29.910575,37.933638,A,sample_02,tissue,section
sample_02_c00062,34.050586,38.090615,A,sample_02,tissue,section
sample_02_c00063,37.952497,38.081732,A,sample_02,tissue,section
sample_02_c00064,42.026863,38.051326,A,sample_02,tissue,section
sample_02_c00065,45.922759,38.034318,A,sample_02,tissue,section
sample_02_c00066,50.092616,38.048171,B,sample_02,tissue,section
sample_02_c00067,54.093537,38.080163,B,sample_02,tissue,section
sample_02_c00068,58.040626,38.098163,B,sample_02,tissue,section
sample_02_c00069,62.025658,38.094777,B,sample_02,tissue,section
sample_02_c00070,66.046477,37.935577,B,sample_02,tissue,section
sample_02_c00071,69.978099,38.054585,C,sample_02,tissue,section
sample_02_c00072,73.914794,37.918917,C,sample_02,tissue,section
sample_02_c00073,77.902949,38.065538,C,sample_02,tissue,section
sample_02_c00074,81.912419,37.972672,C,sample_02,tissue,section
sample_02_c00075,86.076442,38.003642,C,sample_02,tissue,section
sample_02_c00076,89.904835,37.93062,D,sample_02,tissue,section
sample_02_c00077,93.983963,38.044356,D,sample_02,tissue,section
sample_02_c00078,97.992033,38.050639,D,sample_02,tissue,section
sample_02_c00079,101.902589,37.997472,D,sample_02,tissue,section
sample_02_c00080,105.916233,38.013827,D,sample_02,tissue,section
sample_02_c00081,109.944091,38.038747,E,sample_02,tissue,section
sample_02_c00082,113.927562,37.9725,E,sample_02,tissue,section
sample_02_c00083,118.003845,38.093717,E,sample_02,tissue,section
sample_02_c00084,121.952659,37.906899,E,sample_02,tissue,section
sample_02_c00085,126.051222,37.984981,E,sample_02,tissue,section
sample_02_c00086,130.015867,37.989551,F,sample_02,tissue,section
sample_02_c00087,134.089482,37.960975,F,sample_02,tissue,section
sample_02_c00088,138.061416,38.049251,F,sample_02,tissue,section
sample_02_c00089,141.973101,37.900971,F,sample_02,tissue,section
sample_02_c00090,146.096749,38.095519,F,sample_02,tissue,section
sample_02_c00091,29.999306,42.052161,A,sample_02,tissue,section
sample_02_c00092,34.039013,42.051972,A,sample_02,tissue,section
sample_02_c00093,38.031302,42.038874,A,sample_02,tissue,section
sample_02_c00094,41.92698,41.952783,A,sample_02,tissue,section
sample_02_c00095,46.036354,42.097639,A,sample_02,tissue,section
sample_02_c00096,50.046167,42.088002,B,sample_02,tissue,section
sample_02_c00097,53.953457,42.016396,B,sample_02,tissue,section
sample_02_c00098,58.004843,41.987952,B,sample_02,tissue,section
sample_02_c00099,62.023429,41.926147,B,sample_02,tissue,section
sample_02_c00100,65.960818,42.023325,B,sample_02,tissue,section
sample_02_c00101,69.919624,42.051968,C,sample_02,tissue,section
sample_02_c00102,74.077425,41.930578,C,sample_02,tissue,section
sample_02_c00103,78.066958,42.077447,C,sample_02,tissue,section
sample_02_c00104,82.005602,42.057455,C,sample_02,tissue,section
sample_02_c00105,85.985726,41.934756,C,sample_02,tissue,section
sample_02_c00106,90.02987,42.01347,D,sample_02,tissue,section
sample_02_c00107,94.031218,42.022174,D,sample_02,tissue,section
sample_02_c00108,98.045465,41.929054,D,sample_02,tissue,section
sample_02_c00109,101.949278,42.057717,D,sample_02,tissue,section
sample_02_c00110,105.9291,41.961594,D,sample_02,tissue,section
sample_02_c00111,109.974746,42.087237,E,sample_02,tissue,section
sample_02_c00112,113.924236,42.072131,E,sample_02,tissue,section
sample_02_c00113,118.084377,42.000846,E,sample_02,tissue,section
sample_02_c00114,122.05613,42.08955,E,sample_02,tissue,section
sample_02_c00115,125.921502,42.060528,E,sample_02,tissue,section
sample_02_c00116,130.082631,42.074371,F,sample_02,tissue,section
sample_02_c00117,134.001896,42.028431,F,sample_02,tissue,section
sample_02_c00118,138.050598,42.05634,F,sample_02,tissue,section
sample_02_c00119,141.90395,42.061136,F,sample_02,tissue,section
sample_02_c00120,146.082947,42.08646,F,sample_02,tissue,section
sample_02_c00121,29.998208,45.995002,A,sample_02,tissue,section
sample_02_c00122,34.043553,46.082885,A,sample_02,tissue,section
sample_02_c00123,37.961725,46.043005,A,sample_02,tissue,section
sample_02_c00124,42.09389,45.90901,A,sample_02,tissue,section
sample_02_c00125,46.061626,45.947552,A,sample_02,tissue,section
sample_02_c00126,49.933873,45.97367,B,sample_02,tissue,section
sample_02_c00127,53.980055,45.914834,B,sample_02,tissue,section
sample_02_c00128,57.958365,46.082887,B,sample_02,tissue,section
sample_02_c00129,62.054126,46.024216,B,sample_02,tissue,section
sample_02_c00130,66.012763,46.034542,B,sample_02,tissue,section
sample_02_c00131,70.023026,46.021537,C,sample_02,tissue,section
sample_02_c00132,73.954274,46.068915,C,sample_02,tissue,section
sample_02_c00133,78.007911,46.090151,C,sample_02,tissue,section
sample_02_c00134,82.09422,45.919668,C,sample_02,tissue,section
sample_02_c00135,86.016763,45.956221,C,sample_02,tissue,section
sample_02_c00136,90.03331,45.958501,D,sample_02,tissue,section
sample_02_c00137,94.044616,46.032123,D,sample_02,tissue,section
sample_02_c00138,97.971778,45.901056,D,sample_02,tissue,section
sample_02_c00139,102.018392,46.074167,D,sample_02,tissue,section
sample_02_c00140,105.978084,45.906904,D,sample_02,tissue,section
sample_02_c00141,110.041783,45.971635,E,sample_02,tissue,section
sample_02_c00142,113.913321,45.936044,E,sample_02,tissue,section
sample_02_c00143,118.074364,46.025801,E,sample_02,tissue,section
sample_02_c00144,122.036437,46.084734,E,sample_02,tissue,section
sample_02_c00145,125.921241,46.085161,E,sample_02,tissue,section
sample_02_c00146,130.026933,45.936315,F,sample_02,tissue,section
sample_02_c00147,134.084044,46.061478,F,sample_02,tissue,section
sample_02_c00148,138.030953,46.072009,F,sample_02,tissue,section
sample_02_c00149,141.977388,46.041562,F,sample_02,tissue,section
sample_02_c00150,145.970757,46.054358,F,sample_02,tissue,section
sample_02_c00151,30.028431,49.928873,A,sample_02,tissue,section
sample_02_c00152,33.9002,49.965377,A,sample_02,tissue,section
sample_02_c00153,38.05466,49.988627,A,sample_02,tissue,section
sample_02_c00154,42.044543,50.02581,A,sample_02,tissue,section
sample_02_c00155,46.07238,50.095594,A,sample_02,tissue,section
sample_02_c00156,50.031775,49.902833,B,sample_02,tissue,section
sample_02_c00157,53.933097,49.972613,B,sample_02,tissue,section
sample_02_c00158,58.037191,50.044936,B,sample_02,tissue,section
sample_02_c00159,61.950628,50.019868,B,sample_02,tissue,section
sample_02_c00160,65.965432,49.968411,B,sample_02,tissue,section
sample_02_c00161,70.035383,50.084597,C,sample_02,tissue,section
sample_02_c00162,74.044492,49.910243,C,sample_02,tissue,section
sample_02_c00163,78.069738,49.990442,C,sample_02,tissue,section
sample_02_c00164,81.940081,50.003862,C,sample_02,tissue,section
sample_02_c00165,86.091511,49.987696,C,sample_02,tissue,section
sample_02_c00166,89.905835,50.007516,D,sample_02,tissue,section
sample_02_c00167,94.060038,49.97617,D,sample_02,tissue,section
sample_02_c00168,98.064215,50.047042,D,sample_02,tissue,section
sample_02_c00169,101.916485,50.076573,D,sample_02,tissue,section
sample_02_c00170,106.08504,49.946592,D,sample_02,tissue,section
sample_02_c00171,109.989692,49.924314,E,sample_02,tissue,section
sample_02_c00172,113.997055,49.989222,E,sample_02,tissue,section
sample_02_c00173,118.052834,50.074844,E,sample_02,tissue,section
sample_02_c00174,122.071786,50.01003,E,sample_02,tissue,section
sample_02_c00175,126.075669,49.964232,E,sample_02,tissue,section
sample_02_c00176,130.061389,50.038018,F,sample_02,tissue,section
sample_02_c00177,134.098062,49.967228,F,sample_02,tissue,section
sample_02_c00178,137.952026,50.084405,F,sample_02,tissue,section
sample_02_c00179,141.924086,50.06838,F,sample_02,tissue,section
sample_02_c00180,146.099627,49.967086,F,sample_02,tissue,section
sample_02_c00181,29.940398,54.070236,A,sample_02,tissue,section
sample_02_c00182,33.994007,54.090091,A,sample_02,tissue,section
sample_02_c00183,37.977008,53.918561,A,sample_02,tissue,section
sample_02_c00184,41.920068,53.935546,A,sample_02,tissue,section
sample_02_c00185,46.064599,53.908242,A,sample_02,tissue,section
sample_02_c00186,50.014672,53.921325,B,sample_02,tissue,section
sample_02_c00187,53.977111,53.950379,B,sample_02,tissue,section
sample_02_c00188,58.047978,53.941724,B,sample_02,tissue,section
sample_02_c00189,62.02417,54.084074,B,sample_02,tissue,section
sample_02_c00190,65.921883,54.081884,B,sample_02,tissue,section
sample_02_c00191,70.04411,54.018028,C,sample_02,tissue,section
sample_02_c00192,74.042161,54.083749,C,sample_02,tissue,section
sample_02_c00193,78.045776,54.029574,C,sample_02,tissue,section
sample_02_c00194,81.929063,54.05816,C,sample_02,tissue,section
sample_02_c00195,85.914347,54.068355,C,sample_02,tissue,section
sample_02_c00196,89.98496,54.092343,D,sample_02,tissue,section
sample_02_c00197,94.012733,54.04611,D,sample_02,tissue,section
sample_02_c00198,97.955956,53.946548,D,sample_02,tissue,section
sample_02_c00199,102.061371,54.051842,D,sample_02,tissue,section
sample_02_c00200,105.979027,54.081322,D,sample_02,tissue,section
sample_02_c00201,110.065176,53.90069,E,sample_02,tissue,section
sample_02_c00202,114.087556,53.915156,E,sample_02,tissue,section
sample_02_c00203,118.07271,54.076704,E,sample_02,tissue,section
sample_02_c00204,122.081905,54.084081,E,sample_02,tissue,section
sample_02_c00205,125.929618,54.066249,E,sample_02,tissue,section
sample_02_c00206,129.911777,54.021362,F,sample_02,tissue,section
sample_02_c00207,133.914912,54.031315,F,sample_02,tissue,section
sample_02_c00208,137.937954,54.029115,F,sample_02,tissue,section
sample_02_c00209,142.052015,53.971729,F,sample_02,tissue,section
sample_02_c00210,145.911122,54.006201,F,sample_02,tissue,section
sample_02_c00211,29.994317,57.932685,A,sample_02,tissue,section
sample_02_c00212,34.044133,58.050774,A,sample_02,tissue,section
sample_02_c00213,38.05284,58.027722,A,sample_02,tissue,section
sample_02_c00214,41.955479,58.088654,A,sample_02,tissue,section
sample_02_c00215,46.065901,58.011621,A,sample_02,tissue,section
sample_02_c00216,49.918353,58.043199,B,sample_02,tissue,section
sample_02_c00217,53.991235,58.011383,B,sample_02,tissue,section
sample_02_c00218,58.091999,57.948503,B,sample_02,tissue,section
sample_02_c00219,61.998966,58.042185,B,sample_02,tissue,section
sample_02_c00220,65.943109,58.027098,B,sample_02,tissue,section
sample_02_c00221,69.955876,57.943668,C,sample_02,tissue,section
sample_02_c00222,73.995593,57.909566,C,sample_02,tissue,section
sample_02_c00223,77.962821,58.08086,C,sample_02,tissue,section
sample_02_c00224,82.011952,58.033436,C,sample_02,tissue,section
sample_02_c00225,85.987592,58.061069,C,sample_02,tissue,section
sample_02_c00226,89.99952,58.0784,D,sample_02,tissue,section
sample_02_c00227,94.00247,57.917327,D,sample_02,tissue,section
sample_02_c00228,98.020119,58.016731,D,sample_02,tissue,section
sample_02_c00229,102.096213,57.958375,D,sample_02,tissue,section
sample_02_c00230,106.075001,57.959921,D,sample_02,tissue,section
sample_02_c00231,109.930252,57.994046,E,sample_02,tissue,section
sample_02_c00232,114.027728,58.077682,E,sample_02,tissue,section
sample_02_c00233,117.90119,57.952861,E,sample_02,tissue,section
sample_02_c00234,122.035248,58.003273,E,sample_02,tissue,section
sample_02_c00235,125.906045,57.956643,E,sample_02,tissue,section
sample_02_c00236,130.063719,57.949845,F,sample_02,tissue,section
sample_02_c00237,134.000829,57.952091,F,sample_02,tissue,section
sample_02_c00238,137.957307,57.925162,F,sample_02,tissue,section
sample_02_c00239,141.995192,58.031558,F,sample_02,tissue,section
sample_02_c00240,145.987013,58.075537,F,sample_02,tissue,section
sample_02_c00241,30.086901,62.035391,A,sample_02,tissue,section
sample_02_c00242,33.984449,61.958489,A,sample_02,tissue,section
sample_02_c00243,38.071899,61.961867,A,sample_02,tissue,section
sample_02_c00244,41.983229,61.974381,A,sample_02,tissue,section
sample_02_c00245,46.080494,61.941398,A,sample_02,tissue,section
sample_02_c00246,49.975928,62.0738,B,sample_02,tissue,section
sample_02_c00247,54.007554,61.99674,B,sample_02,tissue,section
sample_02_c00248,58.01917,62.068153,B,sample_02,tissue,section
sample_02_c00249,61.910478,61.910758,B,sample_02,tissue,section
sample_02_c00250,65.988394,61.980331,B,sample_02,tissue,section
sample_02_c00251,70.009684,61.958202,C,sample_02,tissue,section
sample_02_c00252,74.02558,61.973364,C,sample_02,tissue,section
sample_02_c00253,77.979112,62.087428,C,sample_02,tissue,section
sample_02_c00254,81.901971,62.073465,C,sample_02,tissue,section
sample_02_c00255,85.958286,62.093599,C,sample_02,tissue,section
sample_02_c00256,90.017518,61.926751,D,sample_02,tissue,section
sample_02_c00257,94.095954,61.999486,D,sample_02,tissue,section
sample_02_c00258,97.947098,61.908801,D,sample_02,tissue,section
sample_02_c00259,102.003178,62.002861,D,sample_02,tissue,section
sample_02_c00260,105.971645,61.936121,D,sample_02,tissue,section
sample_02_c00261,109.967939,61.979048,E,sample_02,tissue,section
sample_02_c00262,114.012639,62.094239,E,sample_02,tissue,section
sample_02_c00263,118.021456,61.944413,E,sample_02,tissue,section
sample_02_c00264,122.078396,61.985465,E,sample_02,tissue,section
sample_02_c00265,126.0951,62.084322,E,sample_02,tissue,section
sample_02_c00266,129.997081,62.033326,F,sample_02,tissue,section
sample_02_c00267,134.073933,62.060958,F,sample_02,tissue,section
sample_02_c00268,138.07689,62.008437,F,sample_02,tissue,section
sample_02_c00269,141.904303,61.901843,F,sample_02,tissue,section
sample_02_c00270,146.081216,62.079944,F,sample_02,tissue,section
sample_02_c00271,30.000755,65.992371,A,sample_02,tissue,section
sample_02_c00272,34.095018,66.074562,A,sample_02,tissue,section
sample_02_c00273,37.966998,66.041657,A,sample_02,tissue,section
sample_02_c00274,41.923672,66.070281,A,sample_02,tissue,section
sample_02_c00275,45.964203,65.991421,A,sample_02,tissue,section
sample_02_c00276,50.014118,66.093381,B,sample_02,tissue,section
sample_02_c00277,54.008411,66.062943,B,sample_02,tissue,section
sample_02_c00278,57.967408,65.944759,B,sample_02,tissue,section
sample_02_c00279,61.912184,66.032814,B,sample_02,tissue,section
sample_02_c00280,65.909772,65.974814,B,sample_02,tissue,section
sample_02_c00281,70.061534,65.911657,C,sample_02,tissue,section
sample_02_c00282,74.044267,66.078454,C,sample_02,tissue,section
sample_02_c00283,77.983655,65.961171,C,sample_02,tissue,section
sample_02_c00284,82.093654,65.987805,C,sample_02,tissue,section
sample_02_c00285,86.091379,66.088609,C,sample_02,tissue,section
sample_02_c00286,89.949339,65.966641,D,sample_02,tissue,section
sample_02_c00287,94.049356,65.993948,D,sample_02,tissue,section
sample_02_c00288,97.93241,65.959041,D,sample_02,tissue,section
sample_02_c00289,102.08733,66.016626,D,sample_02,tissue,section
sample_02_c00290,105.971613,66.029389,D,sample_02,tissue,section
sample_02_c00291,109.918531,65.985803,E,sample_02,tissue,section
sample_02_c00292,113.961364,65.947937,E,sample_02,tissue,section
sample_02_c00293,117.922326,66.050426,E,sample_02,tissue,section
sample_02_c00294,122.080232,65.921806,E,sample_02,tissue,section
sample_02_c00295,125.921438,66.008845,E,sample_02,tissue,section
sample_02_c00296,129.946472,66.087131,F,sample_02,tissue,section
sample_02_c00297,133.939839,66.081624,F,sample_02,tissue,section
sample_02_c00298,138.069078,66.064573,F,sample_02,tissue,section
sample_02_c00299,142.060964,65.953246,F,sample_02,tissue,section
sample_02_c00300,146.076443,66.075088,F,sample_02,tissue,section
sample_02_c00301,29.907231,70.034386,A,sample_02,tissue,section
sample_02_c00302,34.01104,70.008453,A,sample_02,tissue,section
sample_02_c00303,37.947749,69.94411,A,sample_02,tissue,section
sample_02_c00304,42.073727,69.964565,A,sample_02,tissue,section
sample_02_c00305,46.03701,69.986316,A,sample_02,tissue,section
sample_02_c00306,50.095446,69.973439,B,sample_02,tissue,section
sample_02_c00307,53.916275,69.961069,B,sample_02,tissue,section
sample_02_c00308,57.971902,69.946019,B,sample_02,tissue,section
sample_02_c00309,62.075342,69.918899,B,sample_02,tissue,section
sample_02_c00310,65.918606,69.938304,B,sample_02,tissue,section
sample_02_c00311,70.058362,70.042647,C,sample_02,tissue,section
sample_02_c00312,74.034847,70.033003,C,sample_02,tissue,section
sample_02_c00313,78.076082,69.973556,C,sample_02,tissue,section
sample_02_c00314,81.928484,70.056893,C,sample_02,tissue,section
sample_02_c00315,86.01119,70.088898,C,sample_02,tissue,section
sample_02_c00316,89.965305,70.068715,D,sample_02,tissue,section
sample_02_c00317,93.946195,70.040365,D,sample_02,tissue,section
sample_02_c00318,98.005329,69.977551,D,sample_02,tissue,section
sample_02_c00319,101.93777,70.083796,D,sample_02,tissue,section
sample_02_c00320,106.032193,69.915454,D,sample_02,tissue,section
sample_02_c00321,109.987657,70.039262,E,sample_02,tissue,section
sample_02_c00322,113.926613,69.905533,E,sample_02,tissue,section
sample_02_c00323,118.056844,69.913421,E,sample_02,tissue,section
sample_02_c00324,122.035692,69.949972,E,sample_02,tissue,section
sample_02_c00325,126.040718,69.908516,E,sample_02,tissue,section
sample_02_c00326,129.908763,70.004755,F,sample_02,tissue,section
sample_02_c00327,133.928911,69.927094,F,sample_02,tissue,section
sample_02_c00328,137.986858,69.955976,F,sample_02,tissue,section
sample_02_c00329,142.056766,70.082337,F,sample_02,tissue,section
sample_02_c00330,146.062887,69.993813,F,sample_02,tissue,section
sample_02_c00331,30.027347,74.07457,A,sample_02,tissue,section
sample_02_c00332,34.054114,74.068165,A,sample_02,tissue,section
sample_02_c00333,37.930585,74.001388,A,sample_02,tissue,section
sample_02_c00334,42.077159,74.020631,A,sample_02,tissue,section
sample_02_c00335,46.094992,73.921143,A,sample_02,tissue,section
sample_02_c00336,50.027574,73.988233,B,sample_02,tissue,section
sample_02_c00337,53.919859,73.94534,B,sample_02,tissue,section
sample_02_c00338,58.068031,73.921044,B,sample_02,tissue,section
sample_02_c00339,62.040626,73.913432,B,sample_02,tissue,section
sample_02_c00340,66.031327,73.920954,B,sample_02,tissue,section
sample_02_c00341,70.054081,73.962145,C,sample_02,tissue,section
sample_02_c00342,73.904489,73.927126,C,sample_02,tissue,section
sample_02_c00343,77.967284,74.045777,C,sample_02,tissue,section
sample_02_c00344,82.002162,74.08846,C,sample_02,tissue,section
sample_02_c00345,86.047167,74.007625,C,sample_02,tissue,section
sample_02_c00346,89.908087,73.91991,D,sample_02,tissue,section
sample_02_c00347,93.931925,73.930166,D,sample_02,tissue,section
sample_02_c00348,98.092066,73.908637,D,sample_02,tissue,section
sample_02_c00349,101.979155,73.979822,D,sample_02,tissue,section
sample_02_c00350,105.940208,74.017837,D,sample_02,tissue,section
sample_02_c00351,109.968851,74.069082,E,sample_02,tissue,section
sample_02_c00352,114.048758,74.058329,E,sample_02,tissue,section
sample_02_c00353,117.958125,73.920792,E,sample_02,tissue,section
sample_02_c00354,122.05946,73.996925,E,sample_02,tissue,section
sample_02_c00355,125.916317,74.017805,E,sample_02,tissue,section
sample_02_c00356,129.991758,74.048447,F,sample_02,tissue,section
sample_02_c00357,133.964738,74.096895,F,sample_02,tissue,section
sample_02_c00358,137.976356,73.943162,F,sample_02,tissue,section
sample_02_c00359,141.97899,74.074894,F,sample_02,tissue,section
sample_02_c00360,145.913799,73.954629,F,sample_02,tissue,section
sample_02_c00361,29.985502,77.996961,A,sample_02,tissue,section
sample_02_c00362,33.974841,77.976766,A,sample_02,tissue,section
sample_02_c00363,38.069337,78.009799,A,sample_02,tissue,section
sample_02_c00364,42.086825,77.922852,A,sample_02,tissue,section
sample_02_c00365,46.084574,78.03336,A,sample_02,tissue,section
sample_02_c00366,49.922707,78.082346,B,sample_02,tissue,section
sample_02_c00367,54.082164,77.968522,B,sample_02,tissue,section
sample_02_c00368,57.960742,78.015191,B,sample_02,tissue,section
sample_02_c00369,62.05074,77.903609,B,sample_02,tissue,section
sample_02_c00370,66.016598,77.925183,B,sample_02,tissue,section
sample_02_c00371,70.074757,78.006275,C,sample_02,tissue,section
sample_02_c00372,73.918602,78.093969,C,sample_02,tissue,section
sample_02_c00373,78.028808,77.901511,C,sample_02,tissue,section
sample_02_c00374,82.021032,77.976847,C,sample_02,tissue,section
sample_02_c00375,85.939312,78.046899,C,sample_02,tissue,section
sample_02_c00376,89.994267,77.956541,D,sample_02,tissue,section
sample_02_c00377,94.072986,77.923227,D,sample_02,tissue,section
sample_02_c00378,98.083286,77.999415,D,sample_02,tissue,section
sample_02_c00379,101.937393,77.901689,D,sample_02,tissue,section
sample_02_c00380,105.902058,78.039077,D,sample_02,tissue,section
sample_02_c00381,110.084838,78.041475,E,sample_02,tissue,section
sample_02_c00382,113.984067,77.921317,E,sample_02,tissue,section
sample_02_c00383,118.03635,78.08711,E,sample_02,tissue,section
sample_02_c00384,122.05747,78.033805,E,sample_02,tissue,section
sample_02_c00385,125.976168,78.060601,E,sample_02,tissue,section
sample_02_c00386,130.069906,78.008328,F,sample_02,tissue,section
sample_02_c00387,133.93266,77.993536,F,sample_02,tissue,section
sample_02_c00388,137.911449,77.989921,F,sample_02,tissue,section
sample_02_c00389,141.990991,78.03249,F,sample_02,tissue,section
sample_02_c00390,145.97862,77.978873,F,sample_02,tissue,section
sample_02_c00391,30.052445,81.907695,A,sample_02,tissue,section
sample_02_c00392,33.983418,82.020159,A,sample_02,tissue,section
sample_02_c00393,38.003259,82.005185,A,sample_02,tissue,section
sample_02_c00394,42.077898,81.944384,A,sample_02,tissue,section
sample_02_c00395,45.982868,82.027788,A,sample_02,tissue,section
sample_02_c00396,50.0081,82.077351,B,sample_02,tissue,section
sample_02_c00397,53.960138,81.944622,B,sample_02,tissue,section
sample_02_c00398,58.091074,82.027488,B,sample_02,tissue,section
sample_02_c00399,61.923617,82.091686,B,sample_02,tissue,section
sample_02_c00400,66.094147,81.968317,B,sample_02,tissue,section
sample_02_c00401,70.038454,82.07358,C,sample_02,tissue,section
sample_02_c00402,73.98565,82.094302,C,sample_02,tissue,section
sample_02_c00403,78.087725,81.996458,C,sample_02,tissue,section
sample_02_c00404,81.985006,82.00482,C,sample_02,tissue,section
sample_02_c00405,85.964924,81.979905,C,sample_02,tissue,section
sample_02_c00406,89.987829,82.045546,D,sample_02,tissue,section
sample_02_c00407,94.023256,82.062377,D,sample_02,tissue,section
sample_02_c00408,98.021283,81.994804,D,sample_02,tissue,section
sample_02_c00409,101.975998,81.99675,D,sample_02,tissue,section
sample_02_c00410,105.988285,82.053801,D,sample_02,tissue,section
sample_02_c00411,109.980533,82.04631,E,sample_02,tissue,section
sample_02_c00412,113.930798,81.919461,E,sample_02,tissue,section
sample_02_c00413,118.041221,82.022518,E,sample_02,tissue,section
sample_02_c00414,121.92194,82.091873,E,sample_02,tissue,section
sample_02_c00415,126.065921,82.064796,E,sample_02,tissue,section
sample_02_c00416,130.093581,81.914603,F,sample_02,tissue,section
sample_02_c00417,134.054548,82.042551,F,sample_02,tissue,section
sample_02_c00418,137.97117,82.068417,F,sample_02,tissue,section
sample_02_c00419,141.971166,81.912734,F,sample_02,tissue,section
sample_02_c00420,146.045594,82.010148,F,sample_02,tissue,section
sample_02_c00421,30.027418,86.078924,A,sample_02,tissue,section
sample_02_c00422,33.985366,85.963716,A,sample_02,tissue,section
sample_02_c00423,38.097381,85.927297,A,sample_02,tissue,section
sample_02_c00424,42.046932,86.041203,A,sample_02,tissue,section
sample_02_c00425,46.036566,86.084758,A,sample_02,tissue,section
sample_02_c00426,49.926247,86.092016,B,sample_02,tissue,section
sample_02_c00427,53.938279,85.933961,B,sample_02,tissue,section
sample_02_c00428,58.032592,85.91485,B,sample_02,tissue,section
sample_02_c00429,61.977229,85.924806,B,sample_02,tissue,section
sample_02_c00430,66.02877,85.933345,B,sample_02,tissue,section
sample_02_c00431,70.058843,85.999596,C,sample_02,tissue,section
sample_02_c00432,74.034796,85.970283,C,sample_02,tissue,section
sample_02_c00433,78.028912,86.090032,C,sample_02,tissue,section
sample_02_c00434,81.953565,86.002804,C,sample_02,tissue,section
sample_02_c00435,85.967547,85.995558,C,sample_02,tissue,section
sample_02_c00436,90.034893,85.90076,D,sample_02,tissue,section
sample_02_c00437,94.028006,86.087714,D,sample_02,tissue,section
sample_02_c00438,97.934631,85.94056,D,sample_02,tissue,section
sample_02_c00439,101.943215,86.006174,D,sample_02,tissue,section
sample_02_c00440,106.018363,85.951412,D,sample_02,tissue,section
sample_02_c00441,109.930873,86.048169,E,sample_02,tissue,section
sample_02_c00442,113.988433,85.922607,E,sample_02,tissue,section
sample_02_c00443,117.984482,86.049137,E,sample_02,tissue,section
sample_02_c00444,122.067431,86.08976,E,sample_02,tissue,section
sample_02_c00445,126.055268,86.009021,E,sample_02,tissue,section
sample_02_c00446,130.054435,85.9145,F,sample_02,tissue,section
sample_02_c00447,134.028348,86.040973,F,sample_02,tissue,section
sample_02_c00448,138.00921,85.96165,F,sample_02,tissue,section
sample_02_c00449,141.918235,86.01625,F,sample_02,tissue,section
sample_02_c00450,145.90428,85.935467,F,sample_02,tissue,section
sample_02_c00451,29.977618,89.962619,A,sample_02,tissue,section
sample_02_c00452,34.020137,90.090196,A,sample_02,tissue,section
sample_02_c00453,37.900934,90.079439,A,sample_02,tissue,section
sample_02_c00454,41.928292,90.007344,A,sample_02,tissue,section
sample_02_c00455,45.973585,89.933576,A,sample_02,tissue,section
sample_02_c00456,49.912916,89.997102,B,sample_02,tissue,section
sample_02_c00457,53.924656,89.945836,B,sample_02,tissue,section
sample_02_c00458,58.051184,89.976636,B,sample_02,tissue,section
sample_02_c00459,62.042369,90.045935,B,sample_02,tissue,section
sample_02_c00460,65.953423,90.059698,B,sample_02,tissue,section
sample_02_c00461,70.054723,89.944274,C,sample_02,tissue,section
sample_02_c00462,73.954268,89.900437,C,sample_02,tissue,section
sample_02_c00463,77.987784,89.973179,C,sample_02,tissue,section
sample_02_c00464,81.938949,90.011859,C,sample_02,tissue,section
sample_02_c00465,85.920664,90.053351,C,sample_02,tissue,section
sample_02_c00466,89.97718,90.047089,D,sample_02,tissue,section
sample_02_c00467,93.989503,90.093124,D,sample_02,tissue,section
sample_02_c00468,97.967122,89.942629,D,sample_02,tissue,section
sample_02_c00469,102.087163,90.00411,D,sample_02,tissue,section
sample_02_c00470,105.920283,89.984088,D,sample_02,tissue,section
sample_02_c00471,110.077881,89.99561,E,sample_02,tissue,section
sample_02_c00472,114.082335,90.084263,E,sample_02,tissue,section
sample_02_c00473,117.99545,90.039322,E,sample_02,tissue,section
sample_02_c00474,121.977448,90.049487,E,sample_02,tissue,section
sample_02_c00475,126.09107,90.073922,E,sample_02,tissue,section
sample_02_c00476,130.093404,89.905667,F,sample_02,tissue,section
sample_02_c00477,134.005969,90.085983,F,sample_02,tissue,section
sample_02_c00478,137.927044,89.942437,F,sample_02,tissue,section
sample_02_c00479,141.926539,89.917497,F,sample_02,tissue,section
sample_02_c00480,145.908203,89.953781,F,sample_02,tissue,section
sample_02_c00481,29.955401,94.007483,A,sample_02,tissue,section
sample_02_c00482,33.919877,94.062003,A,sample_02,tissue,section
sample_02_c00483,37.923752,93.923116,A,sample_02,tissue,section
sample_02_c00484,42.012266,94.026184,A,sample_02,tissue,section
sample_02_c00485,46.090794,94.085113,A,sample_02,tissue,section
sample_02_c00486,49.90566,94.071443,B,sample_02,tissue,section
sample_02_c00487,54.088719,94.026417,B,sample_02,tissue,section
sample_02_c00488,58.048293,94.033843,B,sample_02,tissue,section
sample_02_c00489,62.00801,93.91084,B,sample_02,tissue,section
sample_02_c00490,65.949134,94.024711,B,sample_02,tissue,section
sample_02_c00491,70.035152,94.03139,C,sample_02,tissue,section
sample_02_c00492,73.917248,94.025537,C,sample_02,tissue,section
sample_02_c00493,77.95034,94.042559,C,sample_02,tissue,section
sample_02_c00494,81.957151,93.93082,C,sample_02,tissue,section
sample_02_c00495,85.993554,94.059853,C,sample_02,tissue,section
sample_02_c00496,89.90334,93.959228,D,sample_02,tissue,section
sample_02_c00497,93.975538,93.98672,D,sample_02,tissue,section
sample_02_c00498,98.033721,94.028343,D,sample_02,tissue,section
sample_02_c00499,101.970954,93.921399,D,sample_02,tissue,section
sample_02_c00500,106.064073,93.913242,D,sample_02,tissue,section
sample_02_c00501,110.047652,94.098261,E,sample_02,tissue,section
sample_02_c00502,114.029316,94.097637,E,sample_02,tissue,section
sample_02_c00503,118.062916,94.066202,E,sample_02,tissue,section
sample_02_c00504,122.083197,93.971819,E,sample_02,tissue,section
sample_02_c00505,125.930663,94.005126,E,sample_02,tissue,section
sample_02_c00506,129.911549,93.995469,F,sample_02,tissue,section
sample_02_c00507,134.087709,93.903553,F,sample_02,tissue,section
sample_02_c00508,137.968203,93.981999,F,sample_02,tissue,section
sample_02_c00509,142.033657,94.002368,F,sample_02,tissue,section
sample_02_c00510,145.985767,94.050811,F,sample_02,tissue,section
sample_02_c00511,29.985402,97.921553,A,sample_02,tissue,section
sample_02_c00512,33.946525,97.978262,A,sample_02,tissue,section
sample_02_c00513,38.001221,98.095462,A,sample_02,tissue,section
sample_02_c00514,42.028767,97.915186,A,sample_02,tissue,section
sample_02_c00515,45.913394,98.007669,A,sample_02,tissue,section
sample_02_c00516,50.009293,97.94206,B,sample_02,tissue,section
sample_02_c00517,54.03337,97.921694,B,sample_02,tissue,section
sample_02_c00518,57.977262,97.960972,B,sample_02,tissue,section
sample_02_c00519,61.977538,97.989115,B,sample_02,tissue,section
sample_02_c00520,65.970871,97.995122,B,sample_02,tissue,section
sample_02_c00521,70.010318,97.99869,C,sample_02,tissue,section
sample_02_c00522,74.002358,98.085173,C,sample_02,tissue,section
sample_02_c00523,77.951617,98.018152,C,sample_02,tissue,section
sample_02_c00524,82.089817,97.93027,C,sample_02,tissue,section
sample_02_c00525,85.929695,98.089844,C,sample_02,tissue,section
sample_02_c00526,89.938415,98.0566,D,sample_02,tissue,section
sample_02_c00527,93.916447,97.988679,D,sample_02,tissue,section
sample_02_c00528,97.930789,97.916003,D,sample_02,tissue,section
sample_02_c00529,102.089928,97.939601,D,sample_02,tissue,section
sample_02_c00530,105.916061,97.905127,D,sample_02,tissue,section
sample_02_c00531,109.947742,98.057661,E,sample_02,tissue,section
sample_02_c00532,113.907215,97.962905,E,sample_02,tissue,section
sample_02_c00533,117.985948,97.947481,E,sample_02,tissue,section
sample_02_c00534,121.928653,98.007835,E,sample_02,tissue,section
sample_02_c00535,125.99099,97.936081,E,sample_02,tissue,section
sample_02_c00536,130.017048,97.924703,F,sample_02,tissue,section
sample_02_c00537,134.085061,97.976324,F,sample_02,tissue,section
sample_02_c00538,137.9503,98.09408,F,sample_02,tissue,section
sample_02_c00539,142.062808,98.064412,F,sample_02,tissue,section
sample_02_c00540,145.968366,97.919889,F,sample_02,tissue,section
sample_02_c00541,30.059637,102.024141,A,sample_02,tissue,section
sample_02_c00542,34.035229,102.073988,A,sample_02,tissue,section
sample_02_c00543,37.917132,101.983755,A,sample_02,tissue,section
sample_02_c00544,41.933456,102.046356,A,sample_02,tissue,section
sample_02_c00545,46.057202,101.966608,A,sample_02,tissue,section
sample_02_c00546,49.993824,102.037805,B,sample_02,tissue,section
sample_02_c00547,53.984979,102.027697,B,sample_02,tissue,section
sample_02_c00548,58.053835,102.049818,B,sample_02,tissue,section
sample_02_c00549,62.0189,102.095535,B,sample_02,tissue,section
sample_02_c00550,65.909157,102.049866,B,sample_02,tissue,section
sample_02_c00551,70.016073,101.922656,C,sample_02,tissue,section
sample_02_c00552,73.993633,102.051,C,sample_02,tissue,section
sample_02_c00553,78.079174,101.905919,C,sample_02,tissue,section
sample_02_c00554,81.95151,101.981502,C,sample_02,tissue,section
sample_02_c00555,85.975562,102.043901,C,sample_02,tissue,section
sample_02_c00556,89.995639,102.045297,D,sample_02,tissue,section
sample_02_c00557,94.018166,102.022696,D,sample_02,tissue,section
sample_02_c00558,98.017615,101.977024,D,sample_02,tissue,section
sample_02_c00559,102.035346,101.921084,D,sample_02,tissue,section
sample_02_c00560,106.07342,102.043583,D,sample_02,tissue,section
sample_02_c00561,109.909981,102.077865,E,sample_02,tissue,section
sample_02_c00562,114.02098,102.030041,E,sample_02,tissue,section
sample_02_c00563,117.994131,102.078826,E,sample_02,tissue,section
sample_02_c00564,121.925674,102.090963,E,sample_02,tissue,section
sample_02_c00565,125.949362,102.061372,E,sample_02,tissue,section
sample_02_c00566,129.953382,102.098076,F,sample_02,tissue,section
sample_02_c00567,134.064547,101.993149,F,sample_02,tissue,section
sample_02_c00568,137.983068,102.065283,F,sample_02,tissue,section
sample_02_c00569,142.053024,101.910179,F,sample_02,tissue,section
sample_02_c00570,145.928865,102.086915,F,sample_02,tissue,section
sample_02_c00571,29.940908,106.062829,A,sample_02,tissue,section
sample_02_c00572,33.990075,105.964897,A,sample_02,tissue,section
sample_02_c00573,37.901203,105.929029,A,sample_02,tissue,section
sample_02_c00574,41.911393,106.040244,A,sample_02,tissue,section
sample_02_c00575,45.94171,105.989596,A,sample_02,tissue,section
sample_02_c00576,49.92654,105.981312,B,sample_02,tissue,section
sample_02_c00577,53.974294,106.000302,B,sample_02,tissue,section
sample_02_c00578,57.944972,106.027094,B,sample_02,tissue,section
sample_02_c00579,62.021947,105.964317,B,sample_02,tissue,section
sample_02_c00580,65.919769,105.988266,B,sample_02,tissue,section
sample_02_c00581,70.003388,105.970719,C,sample_02,tissue,section
sample_02_c00582,74.052061,105.97017,C,sample_02,tissue,section
sample_02_c00583,78.060268,105.93566,C,sample_02,tissue,section
sample_02_c00584,82.076265,105.947312,C,sample_02,tissue,section
sample_02_c00585,85.958667,106.089049,C,sample_02,tissue,section
sample_02_c00586,89.960118,105.972477,D,sample_02,tissue,section
sample_02_c00587,94.034259,106.07088,D,sample_02,tissue,section
sample_02_c00588,98.091962,106.021876,D,sample_02,tissue,section
sample_02_c00589,101.950515,105.975401,D,sample_02,tissue,section
sample_02_c00590,105.970319,106.042894,D,sample_02,tissue,section
sample_02_c00591,109.911584,105.923265,E,sample_02,tissue,section
sample_02_c00592,113.957552,106.095026,E,sample_02,tissue,section
sample_02_c00593,118.011796,105.942253,E,sample_02,tissue,section
sample_02_c00594,122.083788,106.011047,E,sample_02,tissue,section
sample_02_c00595,126.048391,106.075772,E,sample_02,tissue,section
sample_02_c00596,129.963943,105.987183,F,sample_02,tissue,section
sample_02_c00597,133.908811,105.94601,F,sample_02,tissue,section
sample_02_c00598,137.90372,106.065344,F,sample_02,tissue,section
sample_02_c00599,142.014506,106.046443,F,sample_02,tissue,section
sample_02_c00600,145.939667,105.939627,F,sample_02,tissue,section
sample_03_c00001,30.072696,30.079435,A,sample_03,tissue,section
sample_03_c00002,34.013351,30.024846,A,sample_03,tissue,section
sample_03_c00003,38.02334,29.961255,A,sample_03,tissue,section
sample_03_c00004,41.944525,29.942121,A,sample_03,tissue,section
sample_03_c00005,45.963163,29.98435,A,sample_03,tissue,section
sample_03_c00006,50.058025,30.077558,B,sample_03,tissue,section
sample_03_c00007,54.097785,29.900595,B,sample_03,tissue,section
sample_03_c00008,58.093842,30.079617,B,sample_03,tissue,section
sample_03_c00009,62.08341,30.089274,B,sample_03,tissue,section
sample_03_c00010,66.045221,29.994277,B,sample_03,tissue,section
sample_03_c00011,69.993161,30.099758,C,sample_03,tissue,section
sample_03_c00012,74.094839,29.995192,C,sample_03,tissue,section
sample_03_c00013,77.93859,30.066711,C,sample_03,tissue,section
sample_03_c00014,81.937969,30.06679,C,sample_03,tissue,section
sample_03_c00015,85.923712,30.042399,C,sample_03,tissue,section
sample_03_c00016,89.987697,29.951333,D,sample_03,tissue,section
sample_03_c00017,93.946766,29.997567,D,sample_03,tissue,section
sample_03_c00018,98.073381,29.946116,D,sample_03,tissue,section
sample_03_c00019,101.963411,30.016863,D,sample_03,tissue,section
sample_03_c00020,106.055929,30.051824,D,sample_03,tissue,section
sample_03_c00021,109.991528,30.083981,E,sample_03,tissue,section
sample_03_c00022,113.991171,30.069995,E,sample_03,tissue,section
sample_03_c00023,118.024529,30.098621,E,sample_03,tissue,section
sample_03_c00024,122.016095,29.947756,E,sample_03,tissue,section
sample_03_c00025,125.960317,30.077446,E,sample_03,tissue,section
sample_03_c00026,130.084639,29.966194,F,sample_03,tissue,section
sample_03_c00027,133.99573,30.091964,F,sample_03,tissue,section
sample_03_c00028,137.979177,30.022973,F,sample_03,tissue,section
sample_03_c00029,142.095735,30.071312,F,sample_03,tissue,section
sample_03_c00030,146.08495,29.965989,F,sample_03,tissue,section
sample_03_c00031,30.080485,34.03735,A,sample_03,tissue,section
sample_03_c00032,33.966102,33.992888,A,sample_03,tissue,section
sample_03_c00033,37.965749,34.017958,A,sample_03,tissue,section
sample_03_c00034,42.050756,33.973217,A,sample_03,tissue,section
sample_03_c00035,46.074396,33.905333,A,sample_03,tissue,section
sample_03_c00036,49.964652,34.023877,B,sample_03,tissue,section
sample_03_c00037,54.069355,34.016189,B,sample_03,tissue,section
sample_03_c00038,57.918788,34.082735,B,sample_03,tissue,section
sample_03_c00039,61.999425,34.08537,B,sample_03,tissue,section
sample_03_c00040,65.946454,33.959165,B,sample_03,tissue,section
sample_03_c00041,69.92528,34.051873,C,sample_03,tissue,section
sample_03_c00042,74.056431,34.0363,C,sample_03,tissue,section
sample_03_c00043,77.921321,33.947262,C,sample_03,tissue,section
sample_03_c00044,81.997156,34.079868,C,sample_03,tissue,section
sample_03_c00045,86.075258,33.96502,C,sample_03,tissue,section
sample_03_c00046,89.969029,34.014944,D,sample_03,tissue,section
sample_03_c00047,93.910962,34.026325,D,sample_03,tissue,section
sample_03_c00048,98.013591,34.072377,D,sample_03,tissue,section
sample_03_c00049,102.032123,33.910463,D,sample_03,tissue,section
sample_03_c00050,105.932889,33.995591,D,sample_03,tissue,section
sample_03_c00051,109.906577,34.00038,E,sample_03,tissue,section
sample_03_c00052,114.004488,33.938596,E,sample_03,tissue,section
sample_03_c00053,117.989928,33.961402,E,sample_03,tissue,section
sample_03_c00054,121.983109,33.927284,E,sample_03,tissue,section
sample_03_c00055,126.065932,34.008668,E,sample_03,tissue,section
sample_03_c00056,129.920924,33.942445,F,sample_03,tissue,section
sample_03_c00057,133.966213,34.045575,F,sample_03,tissue,section
sample_03_c00058,137.985499,34.026543,F,sample_03,tissue,section
sample_03_c00059,142.033694,33.957828,F,sample_03,tissue,section
sample_03_c00060,146.026975,34.084863,F,sample_03,tissue,section
sample_03_c00061,30.027741,38.009882,A,sample_03,tissue,section
sample_03_c00062,33.905537,37.967591,A,sample_03,tissue,section
sample_03_c00063,37.983427,38.051432,A,sample_03,tissue,section
sample_03_c00064,42.01856,37.910009,A,sample_03,tissue,section
sample_03_c00065,46.067958,38.067562,A,sample_03,tissue,section
sample_03_c00066,49.907952,38.085646,B,sample_03,tissue,section
sample_03_c00067,54.064801,38.04544,B,sample_03,tissue,section
sample_03_c00068,58.036166,37.939991,B,sample_03,tissue,section
sample_03_c00069,61.966776,38.055983,B,sample_03,tissue,section
sample_03_c00070,65.980256,37.950585,B,sample_03,tissue,section
sample_03_c00071,69.944369,38.09722,C,sample_03,tissue,section
sample_03_c00072,73.929879,38.087313,C,sample_03,tissue,section
sample_03_c00073,78.059884,38.069523,C,sample_03,tissue,section
sample_03_c00074,82.057037,38.082447,C,sample_03,tissue,section
sample_03_c00075,85.933292,37.999235,C,sample_03,tissue,section
sample_03_c00076,90.060063,38.080074,D,sample_03,tissue,section
sample_03_c00077,94.053082,38.099923,D,sample_03,tissue,section
sample_03_c00078,97.925462,37.998693,D,sample_03,tissue,section
sample_03_c00079,101.944373,37.994828,D,sample_03,tissue,section
sample_03_c00080,106.032344,38.083404,D,sample_03,tissue,section
sample_03_c00081,109.901461,38.022644,E,sample_03,tissue,section
sample_03_c00082,113.979223,38.032432,E,sample_03,tissue,section
sample_03_c00083,118.069759,37.915101,E,sample_03,tissue,section
sample_03_c00084,121.910935,37.981412,E,sample_03,tissue,section
sample_03_c00085,125.988612,37.989964,E,sample_03,tissue,section
sample_03_c00086,129.923016,37.992157,F,sample_03,tissue,section
sample_03_c00087,134.003585,37.97945,F,sample_03,tissue,section
sample_03_c00088,137.919096,38.004021,F,sample_03,tissue,section
sample_03_c00089,142.036599,37.931403,F,sample_03,tissue,section
sample_03_c00090,145.924064,38.098262,F,sample_03,tissue,section
sample_03_c00091,30.097457,41.9953,A,sample_03,tissue,section
sample_03_c00092,33.992578,42.083916,A,sample_03,tissue,section
sample_03_c00093,37.946869,42.053518,A,sample_03,tissue,section
sample_03_c00094,42.054776,42.025898,A,sample_03,tissue,section
sample_03_c00095,45.980963,41.983753,A,sample_03,tissue,section
sample_03_c00096,49.992969,42.098601,B,sample_03,tissue,section
sample_03_c00097,53.999428,42.010976,B,sample_03,tissue,section
sample_03_c00098,57.967837,42.046338,B,sample_03,tissue,section
sample_03_c00099,61.931933,41.972914,B,sample_03,tissue,section
sample_03_c00100,66.01913,41.937753,B,sample_03,tissue,section
sample_03_c00101,70.068356,41.944699,C,sample_03,tissue,section
sample_03_c00102,73.958196,42.063016,C,sample_03,tissue,section
sample_03_c00103,77.914868,41.921875,C,sample_03,tissue,section
sample_03_c00104,81.934935,41.980373,C,sample_03,tissue,section
sample_03_c00105,86.08837,41.900027,C,sample_03,tissue,section
sample_03_c00106,90.035715,42.017185,D,sample_03,tissue,section
sample_03_c00107,94.078359,41.967996,D,sample_03,tissue,section
sample_03_c00108,97.986993,41.937197,D,sample_03,tissue,section
sample_03_c00109,101.903522,41.953711,D,sample_03,tissue,section
sample_03_c00110,106.02506,42.015987,D,sample_03,tissue,section
sample_03_c00111,109.963889,42.020733,E,sample_03,tissue,section
sample_03_c00112,114.077865,41.950987,E,sample_03,tissue,section
sample_03_c00113,118.088485,41.933152,E,sample_03,tissue,section
sample_03_c00114,122.088118,41.928757,E,sample_03,tissue,section
sample_03_c00115,126.097075,41.949604,E,sample_03,tissue,section
sample_03_c00116,129.970547,42.093583,F,sample_03,tissue,section
sample_03_c00117,134.076685,42.063736,F,sample_03,tissue,section
sample_03_c00118,138.084876,42.078685,F,sample_03,tissue,section
sample_03_c00119,142.022552,42.010681,F,sample_03,tissue,section
sample_03_c00120,145.986169,41.906906,F,sample_03,tissue,section
sample_03_c00121,30.066889,45.941097,A,sample_03,tissue,section
sample_03_c00122,33.939261,46.07095,A,sample_03,tissue,section
sample_03_c00123,38.070624,46.034728,A,sample_03,tissue,section
sample_03_c00124,42.067251,45.908259,A,sample_03,tissue,section
sample_03_c00125,45.913232,46.037323,A,sample_03,tissue,section
sample_03_c00126,49.907154,46.005216,B,sample_03,tissue,section
sample_03_c00127,54.046741,46.035048,B,sample_03,tissue,section
sample_03_c00128,57.940387,45.959335,B,sample_03,tissue,section
sample_03_c00129,61.991094,45.944113,B,sample_03,tissue,section
sample_03_c00130,66.064533,46.005498,B,sample_03,tissue,section
sample_03_c00131,70.095232,45.963129,C,sample_03,tissue,section
sample_03_c00132,73.942069,46.026823,C,sample_03,tissue,section
sample_03_c00133,77.976875,46.072912,C,sample_03,tissue,section
sample_03_c00134,82.089605,46.090608,C,sample_03,tissue,section
sample_03_c00135,85.906662,46.009725,C,sample_03,tissue,section
sample_03_c00136,89.943771,46.083772,D,sample_03,tissue,section
sample_03_c00137,94.047492,45.94017,D,sample_03,tissue,section
sample_03_c00138,98.009254,46.017245,D,sample_03,tissue,section
sample_03_c00139,102.028677,45.96522,D,sample_03,tissue,section
sample_03_c00140,105.971886,45.954594,D,sample_03,tissue,section
sample_03_c00141,109.913363,45.910926,E,sample_03,tissue,section
sample_03_c00142,114.019704,46.033499,E,sample_03,tissue,section
sample_03_c00143,117.986283,45.916497,E,sample_03,tissue,section
sample_03_c00144,122.030818,45.93233,E,sample_03,tissue,section
sample_03_c00145,126.021733,46.021334,E,sample_03,tissue,section
sample_03_c00146,130.099175,45.998885,F,sample_03,tissue,section
sample_03_c00147,133.914943,46.099121,F,sample_03,tissue,section
sample_03_c00148,137.950323,45.928016,F,sample_03,tissue,section
sample_03_c00149,142.048913,46.00706,F,sample_03,tissue,section
sample_03_c00150,145.970143,45.922636,F,sample_03,tissue,section
sample_03_c00151,29.971302,49.954153,A,sample_03,tissue,section
sample_03_c00152,34.084596,49.937285,A,sample_03,tissue,section
sample_03_c00153,38.055276,49.912045,A,sample_03,tissue,section
sample_03_c00154,41.916724,49.927778,A,sample_03,tissue,section
sample_03_c00155,45.925353,49.903362,A,sample_03,tissue,section
sample_03_c00156,50.077826,49.989254,B,sample_03,tissue,section
sample_03_c00157,54.096955,50.072557,B,sample_03,tissue,section
sample_03_c00158,57.961754,50.005765,B,sample_03,tissue,section
sample_03_c00159,61.982083,49.949498,B,sample_03,tissue,section
sample_03_c00160,65.986681,50.03756,B,sample_03,tissue,section
sample_03_c00161,69.936073,50.01282,C,sample_03,tissue,section
sample_03_c00162,74.047413,50.022686,C,sample_03,tissue,section
sample_03_c00163,78.018774,50.034178,C,sample_03,tissue,section
sample_03_c00164,81.911646,49.933314,C,sample_03,tissue,section
sample_03_c00165,86.034446,50.03059,C,sample_03,tissue,section
sample_03_c00166,90.076205,49.957075,D,sample_03,tissue,section
sample_03_c00167,94.056461,49.903218,D,sample_03,tissue,section
sample_03_c00168,97.990395,49.965824,D,sample_03,tissue,section
sample_03_c00169,102.027028,50.053018,D,sample_03,tissue,section
sample_03_c00170,105.954237,49.918988,D,sample_03,tissue,section
sample_03_c00171,109.94731,49.971935,E,sample_03,tissue,section
sample_03_c00172,113.958317,49.910297,E,sample_03,tissue,section
sample_03_c00173,118.087105,49.944985,E,sample_03,tissue,section
sample_03_c00174,122.064778,50.053309,E,sample_03,tissue,section
sample_03_c00175,126.009903,50.093016,E,sample_03,tissue,section
sample_03_c00176,129.934727,50.036566,F,sample_03,tissue,section
sample_03_c00177,133.911642,49.990807,F,sample_03,tissue,section
sample_03_c00178,138.038187,49.912703,F,sample_03,tissue,section
sample_03_c00179,142.057896,49.969655,F,sample_03,tissue,section
sample_03_c00180,146.081423,49.933782,F,sample_03,tissue,section
sample_03_c00181,30.031244,53.921193,A,sample_03,tissue,section
sample_03_c00182,34.004625,53.954797,A,sample_03,tissue,section
sample_03_c00183,38.0474,53.949003,A,sample_03,tissue,section
sample_03_c00184,41.99861,53.902269,A,sample_03,tissue,section
sample_03_c00185,45.976815,54.063036,A,sample_03,tissue,section
sample_03_c00186,49.943014,53.905118,B,sample_03,tissue,section
sample_03_c00187,54.063286,53.918917,B,sample_03,tissue,section
sample_03_c00188,58.055563,53.987261,B,sample_03,tissue,section
sample_03_c00189,62.003166,53.91684,B,sample_03,tissue,section
sample_03_c00190,65.900314,53.978264,B,sample_03,tissue,section
sample_03_c00191,69.914324,54.097204,C,sample_03,tissue,section
sample_03_c00192,74.000325,54.059617,C,sample_03,tissue,section
sample_03_c00193,77.994544,53.910365,C,sample_03,tissue,section
sample_03_c00194,81.911133,53.935265,C,sample_03,tissue,section
sample_03_c00195,85.932502,54.010832,C,sample_03,tissue,section
sample_03_c00196,89.964263,54.072934,D,sample_03,tissue,section
sample_03_c00197,94.004029,53.968492,D,sample_03,tissue,section
sample_03_c00198,98.052638,54.048291,D,sample_03,tissue,section
sample_03_c00199,102.054565,53.946125,D,sample_03,tissue,section
sample_03_c00200,105.98068,53.990577,D,sample_03,tissue,section
sample_03_c00201,110.080539,54.040404,E,sample_03,tissue,section
sample_03_c00202,114.062729,53.926655,E,sample_03,tissue,section
sample_03_c00203,117.982627,53.935971,E,sample_03,tissue,section
sample_03_c00204,122.092593,53.963511,E,sample_03,tissue,section
sample_03_c00205,126.029098,54.098969,E,sample_03,tissue,section
sample_03_c00206,130.082408,53.927133,F,sample_03,tissue,section
sample_03_c00207,134.065379,54.001049,F,sample_03,tissue,section
sample_03_c00208,137.964292,54.0214,F,sample_03,tissue,section
sample_03_c00209,141.919149,54.078346,F,sample_03,tissue,section
sample_03_c00210,146.037554,53.967072,F,sample_03,tissue,section
sample_03_c00211,30.099823,57.95686,A,sample_03,tissue,section
sample_03_c00212,33.969944,58.036561,A,sample_03,tissue,section
sample_03_c00213,37.914141,57.926519,A,sample_03,tissue,section
sample_03_c00214,41.956614,57.994678,A,sample_03,tissue,section
sample_03_c00215,45.900321,57.993147,A,sample_03,tissue,section
sample_03_c00216,49.968822,58.000976,B,sample_03,tissue,section
sample_03_c00217,53.992703,58.057986,B,sample_03,tissue,section
sample_03_c00218,57.928664,58.031316,B,sample_03,tissue,section
sample_03_c00219,62.003155,57.950619,B,sample_03,tissue,section
sample_03_c00220,65.978736,58.003177,B,sample_03,tissue,section
sample_03_c00221,69.956427,58.061664,C,sample_03,tissue,section
sample_03_c00222,74.051105,57.907056,C,sample_03,tissue,section
sample_03_c00223,77.944104,58.086711,C,sample_03,tissue,section
sample_03_c00224,82.014374,58.077058,C,sample_03,tissue,section
sample_03_c00225,85.996061,58.075873,C,sample_03,tissue,section
sample_03_c00226,89.910238,58.059569,D,sample_03,tissue,section
sample_03_c00227,94.036531,58.029405,D,sample_03,tissue,section
sample_03_c00228,98.023962,57.952775,D,sample_03,tissue,section
sample_03_c00229,101.932508,58.099014,D,sample_03,tissue,section
sample_03_c00230,106.066806,57.902427,D,sample_03,tissue,section
sample_03_c00231,110.085254,57.936068,E,sample_03,tissue,section
sample_03_c00232,113.932608,57.959456,E,sample_03,tissue,section
sample_03_c00233,117.930476,57.955657,E,sample_03,tissue,section
sample_03_c00234,121.917728,58.035595,E,sample_03,tissue,section
sample_03_c00235,126.062597,57.940093,E,sample_03,tissue,section
sample_03_c00236,130.082354,58.087509,F,sample_03,tissue,section
sample_03_c00237,133.973948,58.002762,F,sample_03,tissue,section
sample_03_c00238,137.98832,57.926567,F,sample_03,tissue,section
sample_03_c00239,141.968498,58.014696,F,sample_03,tissue,section
sample_03_c00240,146.060913,57.985284,F,sample_03,tissue,section
sample_03_c00241,30.040578,61.976546,A,sample_03,tissue,section
sample_03_c00242,33.979243,61.989209,A,sample_03,tissue,section
sample_03_c00243,37.952932,62.044445,A,sample_03,tissue,section
sample_03_c00244,42.020399,61.938717,A,sample_03,tissue,section
sample_03_c00245,45.904863,61.990357,A,sample_03,tissue,section
sample_03_c00246,50.088945,61.933831,B,sample_03,tissue,section
sample_03_c00247,54.091582,62.005332,B,sample_03,tissue,section
sample_03_c00248,58.09573,61.918823,B,sample_03,tissue,section
sample_03_c00249,61.997955,61.955647,B,sample_03,tissue,section
sample_03_c00250,65.989539,62.093993,B,sample_03,tissue,section
sample_03_c00251,69.961413,61.993597,C,sample_03,tissue,section
sample_03_c00252,74.05674,62.089017,C,sample_03,tissue,section
sample_03_c00253,77.968252,62.075217,C,sample_03,tissue,section
sample_03_c00254,81.915478,61.903602,C,sample_03,tissue,section
sample_03_c00255,85.933903,61.916582,C,sample_03,tissue,section
sample_03_c00256,89.994817,62.098791,D,sample_03,tissue,section
sample_03_c00257,93.982341,61.959358,D,sample_03,tissue,section
sample_03_c00258,97.940534,62.069156,D,sample_03,tissue,section
sample_03_c00259,102.059942,62.073878,D,sample_03,tissue,section
sample_03_c00260,106.051436,62.002874,D,sample_03,tissue,section
sample_03_c00261,110.008441,62.044108,E,sample_03,tissue,section
sample_03_c00262,113.918808,62.095207,E,sample_03,tissue,section
sample_03_c00263,118.040886,62.042001,E,sample_03,tissue,section
sample_03_c00264,121.966428,61.952165,E,sample_03,tissue,section
sample_03_c00265,126.06756,61.963819,E,sample_03,tissue,section
sample_03_c00266,129.968794,61.965595,F,sample_03,tissue,section
sample_03_c00267,133.95307,62.003689,F,sample_03,tissue,section
sample_03_c00268,138.012781,61.97663,F,sample_03,tissue,section
sample_03_c00269,141.9375,61.946041,F,sample_03,tissue,section
sample_03_c00270,145.961604,61.993799,F,sample_03,tissue,section
sample_03_c00271,29.928353,66.017741,A,sample_03,tissue,section
sample_03_c00272,33.933704,65.900404,A,sample_03,tissue,section
sample_03_c00273,37.932451,65.92302,A,sample_03,tissue,section
sample_03_c00274,42.067098,66.002574,A,sample_03,tissue,section
sample_03_c00275,45.983801,66.018346,A,sample_03,tissue,section
sample_03_c00276,50.046442,66.002744,B,sample_03,tissue,section
sample_03_c00277,53.921475,66.083307,B,sample_03,tissue,section
sample_03_c00278,58.019222,66.023304,B,sample_03,tissue,section
sample_03_c00279,61.948965,66.044761,B,sample_03,tissue,section
sample_03_c00280,66.049818,65.97258,B,sample_03,tissue,section
sample_03_c00281,70.024146,66.042883,C,sample_03,tissue,section
sample_03_c00282,73.938338,65.933099,C,sample_03,tissue,section
sample_03_c00283,78.014336,65.992257,C,sample_03,tissue,section
sample_03_c00284,81.940915,65.901336,C,sample_03,tissue,section
sample_03_c00285,85.964644,65.967849,C,sample_03,tissue,section
sample_03_c00286,89.952073,65.927831,D,sample_03,tissue,section
sample_03_c00287,93.922012,66.004089,D,sample_03,tissue,section
sample_03_c00288,98.028241,65.957639,D,sample_03,tissue,section
sample_03_c00289,102.017323,65.95425,D,sample_03,tissue,section
sample_03_c00290,105.960499,66.005725,D,sample_03,tissue,section
sample_03_c00291,109.969942,66.026205,E,sample_03,tissue,section
sample_03_c00292,114.070437,66.096873,E,sample_03,tissue,section
sample_03_c00293,117.900864,65.939182,E,sample_03,tissue,section
sample_03_c00294,122.045586,65.951937,E,sample_03,tissue,section
sample_03_c00295,125.987808,65.924136,E,sample_03,tissue,section
sample_03_c00296,129.954778,66.058425,F,sample_03,tissue,section
sample_03_c00297,133.906142,65.996645,F,sample_03,tissue,section
sample_03_c00298,138.022533,65.920886,F,sample_03,tissue,section
sample_03_c00299,142.026885,66.066406,F,sample_03,tissue,section
sample_03_c00300,146.025423,66.0542,F,sample_03,tissue,section
sample_03_c00301,29.965393,70.004574,A,sample_03,tissue,section
sample_03_c00302,34.068971,69.979999,A,sample_03,tissue,section
sample_03_c00303,38.010735,69.936686,A,sample_03,tissue,section
sample_03_c00304,42.082041,69.978284,A,sample_03,tissue,section
sample_03_c00305,46.035541,69.97416,A,sample_03,tissue,section
sample_03_c00306,49.951926,69.973218,B,sample_03,tissue,section
sample_03_c00307,53.971359,70.064214,B,sample_03,tissue,section
sample_03_c00308,57.920279,70.02148,B,sample_03,tissue,section
sample_03_c00309,61.988644,69.917413,B,sample_03,tissue,section
sample_03_c00310,65.989969,70.092991,B,sample_03,tissue,section
sample_03_c00311,69.979586,69.982851,C,sample_03,tissue,section
sample_03_c00312,74.07372,69.954644,C,sample_03,tissue,section
sample_03_c00313,78.070364,70.008276,C,sample_03,tissue,section
sample_03_c00314,82.097881,69.965594,C,sample_03,tissue,section
sample_03_c00315,86.084703,70.078213,C,sample_03,tissue,section
sample_03_c00316,89.932696,69.987145,D,sample_03,tissue,section
sample_03_c00317,94.028909,69.992618,D,sample_03,tissue,section
sample_03_c00318,98.070223,69.975127,D,sample_03,tissue,section
sample_03_c00319,102.05077,70.013753,D,sample_03,tissue,section
sample_03_c00320,106.073125,69.990135,D,sample_03,tissue,section
sample_03_c00321,109.996843,69.908823,E,sample_03,tissue,section
sample_03_c00322,113.927873,69.982579,E,sample_03,tissue,section
sample_03_c00323,117.919848,69.999569,E,sample_03,tissue,section
sample_03_c00324,121.95995,69.978523,E,sample_03,tissue,section
sample_03_c00325,125.920824,69.916734,E,sample_03,tissue,section
sample_03_c00326,129.941384,70.055541,F,sample_03,tissue,section
sample_03_c00327,134.032108,70.087855,F,sample_03,tissue,section
sample_03_c00328,137.986241,69.900073,F,sample_03,tissue,section
sample_03_c00329,141.945767,70.080474,F,sample_03,tissue,section
sample_03_c00330,146.027848,69.908574,F,sample_03,tissue,section
sample_03_c00331,30.070671,74.072465,A,sample_03,tissue,section
sample_03_c00332,33.975001,74.035672,A,sample_03,tissue,section
sample_03_c00333,38.046335,73.969856,A,sample_03,tissue,section
sample_03_c00334,42.065101,73.94724,A,sample_03,tissue,section
sample_03_c00335,46.067995,73.985021,A,sample_03,tissue,section
sample_03_c00336,49.957127,74.047439,B,sample_03,tissue,section
sample_03_c00337,53.905714,74.082166,B,sample_03,tissue,section
sample_03_c00338,58.076294,73.985287,B,sample_03,tissue,section
sample_03_c00339,62.000303,73.923453,B,sample_03,tissue,section
sample_03_c00340,66.081537,73.922518,B,sample_03,tissue,section
sample_03_c00341,70.076197,74.023219,C,sample_03,tissue,section
sample_03_c00342,73.913479,74.053871,C,sample_03,tissue,section
sample_03_c00343,78.053882,73.993469,C,sample_03,tissue,section
sample_03_c00344,82.05671,73.925687,C,sample_03,tissue,section
sample_03_c00345,85.908235,74.066806,C,sample_03,tissue,section
sample_03_c00346,89.97437,74.003056,D,sample_03,tissue,section
sample_03_c00347,93.999053,74.080656,D,sample_03,tissue,section
sample_03_c00348,98.064543,73.903472,D,sample_03,tissue,section
sample_03_c00349,102.030048,74.085356,D,sample_03,tissue,section
sample_03_c00350,105.90495,74.023317,D,sample_03,tissue,section
sample_03_c00351,109.946625,73.934026,E,sample_03,tissue,section
sample_03_c00352,113.902674,74.021512,E,sample_03,tissue,section
sample_03_c00353,117.993071,73.946378,E,sample_03,tissue,section
sample_03_c00354,122.07353,73.977015,E,sample_03,tissue,section
sample_03_c00355,125.924577,74.026527,E,sample_03,tissue,section
sample_03_c00356,130.079354,73.979156,F,sample_03,tissue,section
sample_03_c00357,134.026741,74.075527,F,sample_03,tissue,section
sample_03_c00358,137.904794,73.930245,F,sample_03,tissue,section
sample_03_c00359,142.091361,73.990412,F,sample_03,tissue,section
sample_03_c00360,146.084397,73.941431,F,sample_03,tissue,section
sample_03_c00361,29.968157,78.068184,A,sample_03,tissue,section
sample_03_c00362,33.966754,78.096326,A,sample_03,tissue,section
sample_03_c00363,38.022481,78.024363,A,sample_03,tissue,section
sample_03_c00364,41.964975,78.084613,A,sample_03,tissue,section
sample_03_c00365,45.939478,78.054303,A,sample_03,tissue,section
sample_03_c00366,49.979305,77.904658,B,sample_03,tissue,section
sample_03_c00367,53.997414,78.072742,B,sample_03,tissue,section
sample_03_c00368,57.910444,78.077514,B,sample_03,tissue,section
sample_03_c00369,61.909736,77.966869,B,sample_03,tissue,section
sample_03_c00370,65.968652,78.056065,B,sample_03,tissue,section
sample_03_c00371,69.998326,77.957332,C,sample_03,tissue,section
sample_03_c00372,74.095293,78.065092,C,sample_03,tissue,section
sample_03_c00373,78.045665,78.036915,C,sample_03,tissue,section
sample_03_c00374,81.959057,78.034435,C,sample_03,tissue,section
sample_03_c00375,85.915925,77.967884,C,sample_03,tissue,section
sample_03_c00376,90.08638,78.010942,D,sample_03,tissue,section
sample_03_c00377,94.070296,78.060446,D,sample_03,tissue,section
sample_03_c00378,97.939047,78.048052,D,sample_03,tissue,section
sample_03_c00379,102.03446,78.080779,D,sample_03,tissue,section
sample_03_c00380,106.016028,77.963116,D,sample_03,tissue,section
sample_03_c00381,110.034103,77.95937,E,sample_03,tissue,section
sample_03_c00382,113.910657,77.94445,E,sample_03,tissue,section
sample_03_c00383,118.041733,77.981848,E,sample_03,tissue,section
sample_03_c00384,121.940369,78.011203,E,sample_03,tissue,section
sample_03_c00385,126.030734,78.075284,E,sample_03,tissue,section
sample_03_c00386,130.093028,78.088793,F,sample_03,tissue,section
sample_03_c00387,133.98702,77.971386,F,sample_03,tissue,section
sample_03_c00388,137.957266,78.024817,F,sample_03,tissue,section
sample_03_c00389,141.984368,77.978678,F,sample_03,tissue,section
sample_03_c00390,146.00485,78.063753,F,sample_03,tissue,section
sample_03_c00391,30.088231,82.015894,A,sample_03,tissue,section
sample_03_c00392,33.994658,82.094342,A,sample_03,tissue,section
sample_03_c00393,38.052824,81.959468,A,sample_03,tissue,section
sample_03_c00394,41.941739,81.981041,A,sample_03,tissue,section
sample_03_c00395,46.093602,82.083054,A,sample_03,tissue,section
sample_03_c00396,50.075364,82.052382,B,sample_03,tissue,section
sample_03_c00397,53.954323,81.977807,B,sample_03,tissue,section
sample_03_c00398,57.952766,82.001332,B,sample_03,tissue,section
sample_03_c00399,62.006723,81.912384,B,sample_03,tissue,section
sample_03_c00400,66.086439,82.005192,B,sample_03,tissue,section
sample_03_c00401,69.978339,81.967385,C,sample_03,tissue,section
sample_03_c00402,73.901858,81.927734,C,sample_03,tissue,section
sample_03_c00403,78.087708,82.051137,C,sample_03,tissue,section
sample_03_c00404,81.965367,82.011214,C,sample_03,tissue,section
sample_03_c00405,86.012703,81.980133,C,sample_03,tissue,section
sample_03_c00406,90.079492,82.045702,D,sample_03,tissue,section
sample_03_c00407,94.034504,81.944437,D,sample_03,tissue,section
sample_03_c00408,97.954615,82.007147,D,sample_03,tissue,section
sample_03_c00409,101.92149,82.056133,D,sample_03,tissue,section
sample_03_c00410,106.067289,82.02666,D,sample_03,tissue,section
sample_03_c00411,109.916439,81.904818,E,sample_03,tissue,section
sample_03_c00412,114.028316,81.934663,E,sample_03,tissue,section
sample_03_c00413,118.045172,81.965251,E,sample_03,tissue,section
sample_03_c00414,122.022239,81.987016,E,sample_03,tissue,section
sample_03_c00415,126.096497,82.07147,E,sample_03,tissue,section
sample_03_c00416,130.063081,81.915614,F,sample_03,tissue,section
sample_03_c00417,133.921747,81.98976,F,sample_03,tissue,section
sample_03_c00418,137.921617,81.957916,F,sample_03,tissue,section
sample_03_c00419,141.967675,82.018404,F,sample_03,tissue,section
sample_03_c00420,145.909397,81.93059,F,sample_03,tissue,section
sample_03_c00421,29.998664,86.020829,A,sample_03,tissue,section
sample_03_c00422,34.092385,85.931392,A,sample_03,tissue,section
sample_03_c00423,37.977847,86.076155,A,sample_03,tissue,section
sample_03_c00424,41.986514,85.966312,A,sample_03,tissue,section
sample_03_c00425,45.998195,86.099834,A,sample_03,tissue,section
sample_03_c00426,49.901179,86.055544,B,sample_03,tissue,section
sample_03_c00427,54.062875,85.911363,B,sample_03,tissue,section
sample_03_c00428,58.074288,85.948797,B,sample_03,tissue,section
sample_03_c00429,62.04284,86.057326,B,sample_03,tissue,section
sample_03_c00430,66.084749,85.963482,B,sample_03,tissue,section
sample_03_c00431,69.900239,86.084071,C,sample_03,tissue,section
sample_03_c00432,73.904825,86.045645,C,sample_03,tissue,section
sample_03_c00433,77.991432,86.098851,C,sample_03,tissue,section
sample_03_c00434,82.046621,85.971451,C,sample_03,tissue,section
sample_03_c00435,85.919205,85.915763,C,sample_03,tissue,section
sample_03_c00436,89.995304,86.005944,D,sample_03,tissue,section
sample_03_c00437,93.985779,86.051699,D,sample_03,tissue,section
sample_03_c00438,97.938771,86.086101,D,sample_03,tissue,section
sample_03_c00439,101.930272,86.020769,D,sample_03,tissue,section
sample_03_c00440,105.959222,86.0152,D,sample_03,tissue,section
sample_03_c00441,110.021468,86.04376,E,sample_03,tissue,section
sample_03_c00442,114.009488,86.022976,E,sample_03,tissue,section
sample_03_c00443,118.081612,85.925577,E,sample_03,tissue,section
sample_03_c00444,122.075248,86.062756,E,sample_03,tissue,section
sample_03_c00445,125.932733,85.919733,E,sample_03,tissue,section
sample_03_c00446,129.92885,85.990126,F,sample_03,tissue,section
sample_03_c00447,133.961563,86.032201,F,sample_03,tissue,section
sample_03_c00448,137.901721,85.903085,F,sample_03,tissue,section
sample_03_c00449,141.905159,85.948408,F,sample_03,tissue,section
sample_03_c00450,146.094328,86.096481,F,sample_03,tissue,section
sample_03_c00451,29.914897,89.966257,A,sample_03,tissue,section
sample_03_c00452,33.901455,90.035508,A,sample_03,tissue,section
sample_03_c00453,37.940871,89.931594,A,sample_03,tissue,section
sample_03_c00454,42.027882,90.059483,A,sample_03,tissue,section
sample_03_c00455,46.062998,89.992469,A,sample_03,tissue,section
sample_03_c00456,49.99657,89.953004,B,sample_03,tissue,section
sample_03_c00457,54.085796,90.046301,B,sample_03,tissue,section
sample_03_c00458,57.968865,89.951146,B,sample_03,tissue,section
sample_03_c00459,62.079766,90.064271,B,sample_03,tissue,section
sample_03_c00460,66.060782,90.061487,B,sample_03,tissue,section
sample_03_c00461,69.910853,90.094158,C,sample_03,tissue,section
sample_03_c00462,73.976146,89.939156,C,sample_03,tissue,section
sample_03_c00463,78.012652,90.064589,C,sample_03,tissue,section
sample_03_c00464,82.076362,89.984307,C,sample_03,tissue,section
sample_03_c00465,86.006943,90.032979,C,sample_03,tissue,section
sample_03_c00466,89.97265,90.085744,D,sample_03,tissue,section
sample_03_c00467,94.074297,90.095608,D,sample_03,tissue,section
sample_03_c00468,98.058878,89.907424,D,sample_03,tissue,section
sample_03_c00469,101.906559,90.047562,D,sample_03,tissue,section
sample_03_c00470,105.945829,89.997805,D,sample_03,tissue,section
sample_03_c00471,109.983008,89.938343,E,sample_03,tissue,section
sample_03_c00472,114.002488,89.980698,E,sample_03,tissue,section
sample_03_c00473,118.011064,90.048433,E,sample_03,tissue,section
sample_03_c00474,122.02087,89.928289,E,sample_03,tissue,section
sample_03_c00475,125.990676,89.920527,E,sample_03,tissue,section
sample_03_c00476,129.977749,90.004788,F,sample_03,tissue,section
sample_03_c00477,133.93629,89.950255,F,sample_03,tissue,section
sample_03_c00478,137.919742,90.08039,F,sample_03,tissue,section
sample_03_c00479,142.074609,90.062751,F,sample_03,tissue,section
sample_03_c00480,145.928691,90.062589,F,sample_03,tissue,section
sample_03_c00481,29.937892,94.061213,A,sample_03,tissue,section
sample_03_c00482,33.936565,93.90626,A,sample_03,tissue,section
sample_03_c00483,38.001145,94.06036,A,sample_03,tissue,section
sample_03_c00484,41.929017,93.960976,A,sample_03,tissue,section
sample_03_c00485,45.99392,93.983875,A,sample_03,tissue,section
sample_03_c00486,49.956259,94.075208,B,sample_03,tissue,section
sample_03_c00487,53.992228,94.041188,B,sample_03,tissue,section
sample_03_c00488,58.017343,94.025686,B,sample_03,tissue,section
sample_03_c00489,62.001529,94.062648,B,sample_03,tissue,section
sample_03_c00490,66.03123,93.972418,B,sample_03,tissue,section
sample_03_c00491,70.002476,94.019224,C,sample_03,tissue,section
sample_03_c00492,73.970287,93.916789,C,sample_03,tissue,section
sample_03_c00493,78.071144,93.920494,C,sample_03,tissue,section
sample_03_c00494,82.024871,94.026308,C,sample_03,tissue,section
sample_03_c00495,85.991164,94.040822,C,sample_03,tissue,section
sample_03_c00496,89.925291,94.013918,D,sample_03,tissue,section
sample_03_c00497,94.039606,93.958727,D,sample_03,tissue,section
sample_03_c00498,97.972227,93.916112,D,sample_03,tissue,section
sample_03_c00499,102.046408,93.980135,D,sample_03,tissue,section
sample_03_c00500,105.92483,94.092088,D,sample_03,tissue,section
sample_03_c00501,110.0367,93.95763,E,sample_03,tissue,section
sample_03_c00502,114.054532,93.96261,E,sample_03,tissue,section
sample_03_c00503,117.970777,93.953597,E,sample_03,tissue,section
sample_03_c00504,122.051228,93.980551,E,sample_03,tissue,section
sample_03_c00505,125.99351,93.942556,E,sample_03,tissue,section
sample_03_c00506,129.942407,94.077586,F,sample_03,tissue,section
sample_03_c00507,134.064275,93.966319,F,sample_03,tissue,section
sample_03_c00508,137.92928,93.953944,F,sample_03,tissue,section
sample_03_c00509,142.08489,94.008496,F,sample_03,tissue,section
sample_03_c00510,145.940605,94.027657,F,sample_03,tissue,section
sample_03_c00511,29.995467,98.054839,A,sample_03,tissue,section
sample_03_c00512,34.002851,97.933916,A,sample_03,tissue,section
sample_03_c00513,37.900051,98.029182,A,sample_03,tissue,section
sample_03_c00514,42.041174,97.977507,A,sample_03,tissue,section
sample_03_c00515,45.949365,98.071506,A,sample_03,tissue,section
sample_03_c00516,49.995238,98.053495,B,sample_03,tissue,section
sample_03_c00517,54.023914,97.946509,B,sample_03,tissue,section
sample_03_c00518,58.08157,97.959746,B,sample_03,tissue,section
sample_03_c00519,62.078695,98.004363,B,sample_03,tissue,section
sample_03_c00520,66.057874,97.990218,B,sample_03,tissue,section
sample_03_c00521,70.030484,97.921227,C,sample_03,tissue,section
sample_03_c00522,73.938722,98.082306,C,sample_03,tissue,section
sample_03_c00523,78.03519,97.98887,C,sample_03,tissue,section
sample_03_c00524,81.985676,98.081899,C,sample_03,tissue,section
sample_03_c00525,85.998873,97.931271,C,sample_03,tissue,section
sample_03_c00526,90.080336,98.027255,D,sample_03,tissue,section
sample_03_c00527,94.082954,98.013702,D,sample_03,tissue,section
sample_03_c00528,98.021781,97.916703,D,sample_03,tissue,section
sample_03_c00529,101.985218,97.956427,D,sample_03,tissue,section
sample_03_c00530,105.902976,97.987798,D,sample_03,tissue,section
sample_03_c00531,110.032385,98.078254,E,sample_03,tissue,section
sample_03_c00532,113.906008,98.065714,E,sample_03,tissue,section
sample_03_c00533,118.032314,97.958985,E,sample_03,tissue,section
sample_03_c00534,122.018198,98.009564,E,sample_03,tissue,section
sample_03_c00535,125.968917,97.949088,E,sample_03,tissue,section
sample_03_c00536,129.938,98.095146,F,sample_03,tissue,section
sample_03_c00537,133.974856,98.037465,F,sample_03,tissue,section
sample_03_c00538,138.031614,97.925286,F,sample_03,tissue,section
sample_03_c00539,141.923519,98.066824,F,sample_03,tissue,section
sample_03_c00540,145.963628,98.049173,F,sample_03,tissue,section
sample_03_c00541,29.948143,101.953527,A,sample_03,tissue,section
sample_03_c00542,34.071555,101.973044,A,sample_03,tissue,section
sample_03_c00543,37.900716,102.094469,A,sample_03,tissue,section
sample_03_c00544,42.02846,101.969635,A,sample_03,tissue,section
sample_03_c00545,45.978558,102.07993,A,sample_03,tissue,section
sample_03_c00546,50.070307,101.964103,B,sample_03,tissue,section
sample_03_c00547,54.029712,101.914397,B,sample_03,tissue,section
sample_03_c00548,57.966073,102.038695,B,sample_03,tissue,section
sample_03_c00549,62.036504,102.020741,B,sample_03,tissue,section
sample_03_c00550,65.911576,102.084779,B,sample_03,tissue,section
sample_03_c00551,70.004598,101.90669,C,sample_03,tissue,section
sample_03_c00552,74.037676,101.944777,C,sample_03,tissue,section
sample_03_c00553,77.918626,101.945302,C,sample_03,tissue,section
sample_03_c00554,81.912493,101.971384,C,sample_03,tissue,section
sample_03_c00555,85.907795,102.010981,C,sample_03,tissue,section
sample_03_c00556,89.994913,102.092698,D,sample_03,tissue,section
sample_03_c00557,94.071179,101.946453,D,sample_03,tissue,section
sample_03_c00558,97.974676,101.9691,D,sample_03,tissue,section
sample_03_c00559,102.086824,101.979178,D,sample_03,tissue,section
sample_03_c00560,106.031981,101.938592,D,sample_03,tissue,section
sample_03_c00561,110.024101,101.943667,E,sample_03,tissue,section
sample_03_c00562,113.910892,101.995417,E,sample_03,tissue,section
sample_03_c00563,118.085576,101.995188,E,sample_03,tissue,section
sample_03_c00564,121.930622,102.084485,E,sample_03,tissue,section
sample_03_c00565,126.067081,101.972677,E,sample_03,tissue,section
sample_03_c00566,129.996967,102.06557,F,sample_03,tissue,section
sample_03_c00567,133.917325,102.04096,F,sample_03,tissue,section
sample_03_c00568,137.94878,102.055226,F,sample_03,tissue,section
sample_03_c00569,142.063854,101.960166,F,sample_03,tissue,section
sample_03_c00570,145.924933,101.916444,F,sample_03,tissue,section
sample_03_c00571,30.044937,105.981124,A,sample_03,tissue,section
sample_03_c00572,33.925764,106.055066,A,sample_03,tissue,section
sample_03_c00573,37.991892,105.967436,A,sample_03,tissue,section
sample_03_c00574,42.065407,105.994408,A,sample_03,tissue,section
sample_03_c00575,46.006693,106.02111,A,sample_03,tissue,section
sample_03_c00576,49.971496,106.06452,B,sample_03,tissue,section
sample_03_c00577,53.91839,106.054588,B,sample_03,tissue,section
sample_03_c00578,57.937688,106.095519,B,sample_03,tissue,section
sample_03_c00579,62.098212,105.988985,B,sample_03,tissue,section
sample_03_c00580,66.052387,106.032717,B,sample_03,tissue,section
sample_03_c00581,70.036326,105.908389,C,sample_03,tissue,section
sample_03_c00582,73.955605,105.992888,C,sample_03,tissue,section
sample_03_c00583,77.980648,105.96379,C,sample_03,tissue,section
sample_03_c00584,82.075503,105.942199,C,sample_03,tissue,section
sample_03_c00585,86.090807,105.98841,C,sample_03,tissue,section
sample_03_c00586,90.067388,105.913283,D,sample_03,tissue,section
sample_03_c00587,93.933355,105.992759,D,sample_03,tissue,section
sample_03_c00588,97.924939,106.001613,D,sample_03,tissue,section
sample_03_c00589,102.053428,105.944522,D,sample_03,tissue,section
sample_03_c00590,105.990247,105.903295,D,sample_03,tissue,section
sample_03_c00591,109.926864,105.918827,E,sample_03,tissue,section
sample_03_c00592,113.967704,105.903447,E,sample_03,tissue,section
sample_03_c00593,117.951599,105.948496,E,sample_03,tissue,section
sample_03_c00594,121.954516,106.041836,E,sample_03,tissue,section
sample_03_c00595,125.923456,105.905904,E,sample_03,tissue,section
sample_03_c00596,130.022182,105.973482,F,sample_03,tissue,section
sample_03_c00597,134.090773,106.046257,F,sample_03,tissue,section
sample_03_c00598,137.995397,106.019614,F,sample_03,tissue,section
sample_03_c00599,142.061204,105.998496,F,sample_03,tissue,section
sample_03_c00600,146.059624,106.04232,F,sample_03,tissue,section
