Cell_ID,X_centroid,Y_centroid,Cell_Type,Sample,Stratum,Component
sample_01_g001_c01,24.61167,26.699338,E,sample_01,tissue,section
sample_01_g001_c02,27.758967,24.592374,E,sample_01,tissue,section
sample_01_g001_c03,31.62547,23.224152,E,sample_01,tissue,section
sample_01_g001_c04,35.512556,25.290146,E,sample_01,tissue,section
sample_01_g001_c05,35.579226,29.559913,E,sample_01,tissue,section
sample_01_g001_c06,35.28585,33.237887,E,sample_01,tissue,section
sample_01_g001_c07,32.615954,36.312313,E,sample_01,tissue,section
sample_01_g001_c08,28.703618,35.404031,E,sample_01,tissue,section
sample_01_g001_c09,24.552506,34.654266,E,sample_01,tissue,section
sample_01_g001_c10,23.169913,30.538755,E,sample_01,tissue,section
sample_01_g002_c01,107.361719,23.215632,D,sample_01,tissue,section
sample_01_g002_c02,111.482251,24.370064,D,sample_01,tissue,section
sample_01_g002_c03,114.854617,26.033628,D,sample_01,tissue,section
sample_01_g002_c04,116.212176,29.64726,D,sample_01,tissue,section
sample_01_g002_c05,114.965866,33.194166,D,sample_01,tissue,section
sample_01_g002_c06,112.673862,36.875865,D,sample_01,tissue,section
sample_01_g002_c07,108.296903,36.468765,D,sample_01,tissue,section
sample_01_g002_c08,104.852932,34.205314,D,sample_01,tissue,section
sample_01_g002_c09,102.557378,30.422608,D,sample_01,tissue,section
sample_01_g002_c10,105.006884,26.788306,D,sample_01,tissue,section
sample_01_g003_c01,195.986868,33.559109,D,sample_01,tissue,section
sample_01_g003_c02,192.196989,35.108931,D,sample_01,tissue,section
sample_01_g003_c03,188.426089,36.966481,D,sample_01,tissue,section
sample_01_g003_c04,184.644477,34.69983,D,sample_01,tissue,section
sample_01_g003_c05,183.52699,30.596964,D,sample_01,tissue,section
sample_01_g003_c06,185.194035,27.142922,D,sample_01,tissue,section
sample_01_g003_c07,187.149728,23.37191,D,sample_01,tissue,section
sample_01_g003_c08,191.549309,23.142411,D,sample_01,tissue,section
sample_01_g003_c09,194.293894,26.231821,D,sample_01,tissue,section
sample_01_g003_c10,196.38337,29.411303,D,sample_01,tissue,section
sample_01_g004_c01,268.310001,23.928634,D,sample_01,tissue,section
sample_01_g004_c02,272.33824,23.727798,D,sample_01,tissue,section
sample_01_g004_c03,274.801805,26.815141,D,sample_01,tissue,section
sample_01_g004_c04,276.804408,30.290562,D,sample_01,tissue,section
sample_01_g004_c05,274.450209,33.532906,D,sample_01,tissue,section
sample_01_g004_c06,271.680536,36.037371,D,sample_01,tissue,section
sample_01_g004_c07,267.728357,36.093559,D,sample_01,tissue,section
sample_01_g004_c08,265.368546,33.071872,D,sample_01,tissue,section
sample_01_g004_c09,263.522293,29.723389,D,sample_01,tissue,section
sample_01_g004_c10,264.883637,25.938251,D,sample_01,tissue,section
sample_01_g005_c01,342.794309,31.553432,B,sample_01,tissue,section
sample_01_g005_c02,344.930157,27.760323,B,sample_01,tissue,section
sample_01_g005_c03,347.040051,24.90732,B,sample_01,tissue,section
sample_01_g005_c04,350.565343,24.4671,B,sample_01,tissue,section
sample_01_g005_c05,354.278279,25.220739,B,sample_01,tissue,section
sample_01_g005_c06,355.96047,28.715018,B,sample_01,tissue,section
sample_01_g005_c07,355.392108,32.382042,B,sample_01,tissue,section
sample_01_g005_c08,353.583392,36.165331,B,sample_01,tissue,section
sample_01_g005_c09,349.247532,37.364256,B,sample_01,tissue,section
sample_01_g005_c10,345.455441,35.076721,B,sample_01,tissue,section
sample_01_g006_c01,432.526271,23.62117,B,sample_01,tissue,section
sample_01_g006_c02,434.735215,26.995583,B,sample_01,tissue,section
sample_01_g006_c03,437.309222,30.460567,B,sample_01,tissue,section
sample_01_g006_c04,434.437517,33.671755,B,sample_01,tissue,section
sample_01_g006_c05,431.552367,36.048499,B,sample_01,tissue,section
sample_01_g006_c06,427.591724,36.080894,B,sample_01,tissue,section
sample_01_g006_c07,424.865354,33.257849,B,sample_01,tissue,section
sample_01_g006_c08,423.759424,29.606771,B,sample_01,tissue,section
sample_01_g006_c09,424.455233,25.412067,B,sample_01,tissue,section
sample_01_g006_c10,428.584801,24.485952,B,sample_01,tissue,section
sample_01_g007_c01,515.806667,27.975343,C,sample_01,tissue,section
sample_01_g007_c02,515.436667,31.639093,C,sample_01,tissue,section
sample_01_g007_c03,514.118337,35.421279,C,sample_01,tissue,section
sample_01_g007_c04,510.152878,37.163758,C,sample_01,tissue,section
sample_01_g007_c05,505.745201,36.126994,C,sample_01,tissue,section
sample_01_g007_c06,504.200176,32.022271,C,sample_01,tissue,section
sample_01_g007_c07,504.518013,28.347243,C,sample_01,tissue,section
sample_01_g007_c08,506.396806,25.256843,C,sample_01,tissue,section
sample_01_g007_c09,509.849829,22.963102,C,sample_01,tissue,section
sample_01_g007_c10,514.155943,24.01536,C,sample_01,tissue,section
sample_01_g008_c01,587.79691,36.190421,E,sample_01,tissue,section
sample_01_g008_c02,584.185207,33.982966,E,sample_01,tissue,section
sample_01_g008_c03,584.431405,29.84543,E,sample_01,tissue,section
sample_01_g008_c04,584.141834,25.490236,E,sample_01,tissue,section
sample_01_g008_c05,588.39323,24.544188,E,sample_01,tissue,section
sample_01_g008_c06,592.229837,23.734422,E,sample_01,tissue,section
sample_01_g008_c07,596.027722,25.871184,E,sample_01,tissue,section
sample_01_g008_c08,596.151982,30.170764,E,sample_01,tissue,section
sample_01_g008_c09,594.918786,33.786605,E,sample_01,tissue,section
sample_01_g008_c10,591.645627,35.587753,E,sample_01,tissue,section
sample_01_g009_c01,34.594271,113.43177,B,sample_01,tissue,section
sample_01_g009_c02,31.883873,116.070253,B,sample_01,tissue,section
sample_01_g009_c03,27.742594,116.646852,B,sample_01,tissue,section
sample_01_g009_c04,24.40377,113.953775,B,sample_01,tissue,section
sample_01_g009_c05,23.878671,109.918956,B,sample_01,tissue,section
sample_01_g009_c06,24.928696,106.211902,B,sample_01,tissue,section
sample_01_g009_c07,27.957222,103.41772,B,sample_01,tissue,section
sample_01_g009_c08,32.407733,102.910514,B,sample_01,tissue,section
sample_01_g009_c09,34.694929,106.683,B,sample_01,tissue,section
sample_01_g009_c10,35.774071,110.076446,B,sample_01,tissue,section
sample_01_g010_c01,105.642192,113.751024,A,sample_01,tissue,section
sample_01_g010_c02,104.184139,110.480249,A,sample_01,tissue,section
sample_01_g010_c03,103.947371,106.322915,A,sample_01,tissue,section
sample_01_g010_c04,107.71878,104.552052,A,sample_01,tissue,section
sample_01_g010_c05,111.712637,102.743421,A,sample_01,tissue,section
sample_01_g010_c06,114.786106,105.880314,A,sample_01,tissue,section
sample_01_g010_c07,116.435357,109.468595,A,sample_01,tissue,section
sample_01_g010_c08,116.047828,113.674169,A,sample_01,tissue,section
sample_01_g010_c09,112.434648,115.814358,A,sample_01,tissue,section
sample_01_g010_c10,108.477338,116.451639,A,sample_01,tissue,section
sample_01_g011_c01,183.033683,108.921275,A,sample_01,tissue,section
sample_01_g011_c02,184.764814,104.800824,A,sample_01,tissue,section
sample_01_g011_c03,188.919561,103.327497,A,sample_01,tissue,section
sample_01_g011_c04,192.60605,104.841404,A,sample_01,tissue,section
sample_01_g011_c05,195.814228,107.012183,A,sample_01,tissue,section
sample_01_g011_c06,195.615606,110.869569,A,sample_01,tissue,section
sample_01_g011_c07,194.788493,114.755555,A,sample_01,tissue,section
sample_01_g011_c08,190.970224,115.991849,A,sample_01,tissue,section
sample_01_g011_c09,187.140802,115.659693,A,sample_01,tissue,section
sample_01_g011_c10,184.019109,113.073461,A,sample_01,tissue,section
sample_01_g012_c01,276.296232,113.104681,A,sample_01,tissue,section
sample_01_g012_c02,272.819753,115.359009,A,sample_01,tissue,section
sample_01_g012_c03,269.110006,116.139714,A,sample_01,tissue,section
sample_01_g012_c04,265.069427,115.061733,A,sample_01,tissue,section
sample_01_g012_c05,263.932181,111.042863,A,sample_01,tissue,section
sample_01_g012_c06,264.168036,107.12425,A,sample_01,tissue,section
sample_01_g012_c07,267.149457,104.582475,A,sample_01,tissue,section
sample_01_g012_c08,270.838632,104.214616,A,sample_01,tissue,section
sample_01_g012_c09,274.042157,105.850316,A,sample_01,tissue,section
sample_01_g012_c10,276.717435,108.845489,A,sample_01,tissue,section
sample_01_g013_c01,344.217298,107.777477,B,sample_01,tissue,section
sample_01_g013_c02,346.213704,104.16432,B,sample_01,tissue,section
sample_01_g013_c03,350.316455,104.009193,B,sample_01,tissue,section
sample_01_g013_c04,354.709276,104.189456,B,sample_01,tissue,section
sample_01_g013_c05,355.944863,108.40972,B,sample_01,tissue,section
sample_01_g013_c06,356.796326,112.612098,B,sample_01,tissue,section
sample_01_g013_c07,353.933494,116.062551,B,sample_01,tissue,section
sample_01_g013_c08,349.680189,116.054337,B,sample_01,tissue,section
sample_01_g013_c09,345.833356,115.141017,B,sample_01,tissue,section
sample_01_g013_c10,344.461157,111.481668,B,sample_01,tissue,section
sample_01_g014_c01,431.828142,116.610135,D,sample_01,tissue,section
sample_01_g014_c02,427.962635,115.437505,D,sample_01,tissue,section
sample_01_g014_c03,423.917374,114.019846,D,sample_01,tissue,section
sample_01_g014_c04,423.778844,109.72399,D,sample_01,tissue,section
sample_01_g014_c05,424.961219,105.986177,D,sample_01,tissue,section
sample_01_g014_c06,428.060473,102.987123,D,sample_01,tissue,section
sample_01_g014_c07,432.254638,103.982616,D,sample_01,tissue,section
sample_01_g014_c08,435.732842,106.211316,D,sample_01,tissue,section
sample_01_g014_c09,436.378733,110.283001,D,sample_01,tissue,section
sample_01_g014_c10,435.184346,114.129778,D,sample_01,tissue,section
sample_01_g015_c01,515.838152,113.610189,A,sample_01,tissue,section
sample_01_g015_c02,512.162868,115.281956,A,sample_01,tissue,section
sample_01_g015_c03,508.285435,117.016522,A,sample_01,tissue,section
sample_01_g015_c04,504.277935,114.847212,A,sample_01,tissue,section
sample_01_g015_c05,502.611088,110.551455,A,sample_01,tissue,section
sample_01_g015_c06,504.471041,106.581009,A,sample_01,tissue,section
sample_01_g015_c07,507.709752,104.406967,A,sample_01,tissue,section
sample_01_g015_c08,511.319224,104.601336,A,sample_01,tissue,section
sample_01_g015_c09,514.212425,106.431617,A,sample_01,tissue,section
sample_01_g015_c10,515.570767,109.584238,A,sample_01,tissue,section
sample_01_g016_c01,594.024711,116.268258,E,sample_01,tissue,section
sample_01_g016_c02,589.667883,115.766313,E,sample_01,tissue,section
sample_01_g016_c03,585.92349,114.981166,E,sample_01,tissue,section
sample_01_g016_c04,583.296679,111.759038,E,sample_01,tissue,section
sample_01_g016_c05,584.339356,107.793421,E,sample_01,tissue,section
sample_01_g016_c06,585.98124,103.74101,E,sample_01,tissue,section
sample_01_g016_c07,590.411105,102.862269,E,sample_01,tissue,section
sample_01_g016_c08,593.577859,105.628145,E,sample_01,tissue,section
sample_01_g016_c09,596.960675,108.173429,E,sample_01,tissue,section
sample_01_g016_c10,596.240234,112.43251,E,sample_01,tissue,section
sample_01_g017_c01,24.140671,189.402193,A,sample_01,tissue,section
sample_01_g017_c02,25.704851,186.156247,A,sample_01,tissue,section
sample_01_g017_c03,28.598214,183.502464,A,sample_01,tissue,section
sample_01_g017_c04,32.243478,184.919487,A,sample_01,tissue,section
sample_01_g017_c05,34.875256,187.165441,A,sample_01,tissue,section
sample_01_g017_c06,37.305463,190.745351,A,sample_01,tissue,section
sample_01_g017_c07,34.695534,194.202059,A,sample_01,tissue,section
sample_01_g017_c08,31.237095,195.73416,A,sample_01,tissue,section
sample_01_g017_c09,27.064088,196.648577,A,sample_01,tissue,section
sample_01_g017_c10,24.54416,193.172121,A,sample_01,tissue,section
sample_01_g018_c01,117.281276,190.094031,F,sample_01,tissue,section
sample_01_g018_c02,114.842383,193.614648,F,sample_01,tissue,section
sample_01_g018_c03,112.170425,196.985555,F,sample_01,tissue,section
sample_01_g018_c04,108.177482,195.372081,F,sample_01,tissue,section
sample_01_g018_c05,105.052855,193.497606,F,sample_01,tissue,section
sample_01_g018_c06,104.330231,189.92678,F,sample_01,tissue,section
sample_01_g018_c07,105.049694,186.304792,F,sample_01,tissue,section
sample_01_g018_c08,107.886073,183.196283,F,sample_01,tissue,section
sample_01_g018_c09,112.324385,183.148607,F,sample_01,tissue,section
sample_01_g018_c10,116.053069,185.720511,F,sample_01,tissue,section
sample_01_g019_c01,196.01053,188.148612,A,sample_01,tissue,section
sample_01_g019_c02,195.983391,192.046229,A,sample_01,tissue,section
sample_01_g019_c03,193.450679,194.906163,A,sample_01,tissue,section
sample_01_g019_c04,189.908172,195.978906,A,sample_01,tissue,section
sample_01_g019_c05,185.937659,195.414482,A,sample_01,tissue,section
sample_01_g019_c06,183.830914,191.900226,A,sample_01,tissue,section
sample_01_g019_c07,184.424051,188.09311,A,sample_01,tissue,section
sample_01_g019_c08,185.856864,184.109305,A,sample_01,tissue,section
sample_01_g019_c09,190.102372,183.334566,A,sample_01,tissue,section
sample_01_g019_c10,193.764671,184.982266,A,sample_01,tissue,section
sample_01_g020_c01,267.323615,195.300699,C,sample_01,tissue,section
sample_01_g020_c02,264.196987,192.983657,C,sample_01,tissue,section
sample_01_g020_c03,264.020367,189.0754,C,sample_01,tissue,section
sample_01_g020_c04,265.618474,185.650514,C,sample_01,tissue,section
sample_01_g020_c05,269.079403,184.322499,C,sample_01,tissue,section
sample_01_g020_c06,272.921795,184.213255,C,sample_01,tissue,section
sample_01_g020_c07,276.424991,186.696549,C,sample_01,tissue,section
sample_01_g020_c08,276.464871,190.99963,C,sample_01,tissue,section
sample_01_g020_c09,274.290382,194.259008,C,sample_01,tissue,section
sample_01_g020_c10,270.916671,195.653283,C,sample_01,tissue,section
sample_01_g021_c01,355.489218,192.418272,F,sample_01,tissue,section
sample_01_g021_c02,352.924528,195.019978,F,sample_01,tissue,section
sample_01_g021_c03,349.367337,196.254652,F,sample_01,tissue,section
sample_01_g021_c04,345.303836,195.256828,F,sample_01,tissue,section
sample_01_g021_c05,343.170679,191.479562,F,sample_01,tissue,section
sample_01_g021_c06,343.304671,187.050376,F,sample_01,tissue,section
sample_01_g021_c07,346.806783,184.518816,F,sample_01,tissue,section
sample_01_g021_c08,350.622138,183.849396,F,sample_01,tissue,section
sample_01_g021_c09,354.770313,184.660171,F,sample_01,tissue,section
sample_01_g021_c10,355.660665,188.773625,F,sample_01,tissue,section
sample_01_g022_c01,427.445693,196.223393,F,sample_01,tissue,section
sample_01_g022_c02,425.229204,192.944775,F,sample_01,tissue,section
sample_01_g022_c03,422.665915,189.446612,F,sample_01,tissue,section
sample_01_g022_c04,425.033712,185.786042,F,sample_01,tissue,section
sample_01_g022_c05,428.248063,182.805062,F,sample_01,tissue,section
sample_01_g022_c06,432.567456,183.744569,F,sample_01,tissue,section
sample_01_g022_c07,435.924392,186.343168,F,sample_01,tissue,section
sample_01_g022_c08,436.541498,190.493583,F,sample_01,tissue,section
sample_01_g022_c09,434.472119,193.79465,F,sample_01,tissue,section
sample_01_g022_c10,431.67067,196.861186,F,sample_01,tissue,section
sample_01_g023_c01,503.167947,189.686137,D,sample_01,tissue,section
sample_01_g023_c02,504.654522,185.72813,D,sample_01,tissue,section
sample_01_g023_c03,508.36372,184.047228,D,sample_01,tissue,section
sample_01_g023_c04,512.186604,184.191963,D,sample_01,tissue,section
sample_01_g023_c05,515.565583,186.334396,D,sample_01,tissue,section
sample_01_g023_c06,516.412212,190.294575,D,sample_01,tissue,section
sample_01_g023_c07,514.916946,193.929406,D,sample_01,tissue,section
sample_01_g023_c08,511.722213,196.265395,D,sample_01,tissue,section
sample_01_g023_c09,507.756393,195.959447,D,sample_01,tissue,section
sample_01_g023_c10,505.296963,193.097514,D,sample_01,tissue,section
sample_01_g024_c01,583.289951,189.659074,D,sample_01,tissue,section
sample_01_g024_c02,584.322407,185.417353,D,sample_01,tissue,section
sample_01_g024_c03,588.272806,183.594912,D,sample_01,tissue,section
sample_01_g024_c04,591.966594,184.852317,D,sample_01,tissue,section
sample_01_g024_c05,595.380639,186.493556,D,sample_01,tissue,section
sample_01_g024_c06,597.405577,190.376264,D,sample_01,tissue,section
sample_01_g024_c07,595.222211,194.215087,D,sample_01,tissue,section
sample_01_g024_c08,591.552158,195.755987,D,sample_01,tissue,section
sample_01_g024_c09,587.689439,196.048039,D,sample_01,tissue,section
sample_01_g024_c10,585.266363,193.084807,D,sample_01,tissue,section
sample_01_g025_c01,24.341084,268.596745,B,sample_01,tissue,section
sample_01_g025_c02,25.542633,264.701669,B,sample_01,tissue,section
sample_01_g025_c03,29.493736,262.890532,B,sample_01,tissue,section
sample_01_g025_c04,33.537425,264.322821,B,sample_01,tissue,section
sample_01_g025_c05,35.516813,267.762866,B,sample_01,tissue,section
sample_01_g025_c06,36.513656,271.615207,B,sample_01,tissue,section
sample_01_g025_c07,34.39591,275.225279,B,sample_01,tissue,section
sample_01_g025_c08,30.468651,276.581261,B,sample_01,tissue,section
sample_01_g025_c09,26.403936,275.771287,B,sample_01,tissue,section
sample_01_g025_c10,23.825186,272.503962,B,sample_01,tissue,section
sample_01_g026_c01,107.506051,263.980196,B,sample_01,tissue,section
sample_01_g026_c02,111.435002,264.021053,B,sample_01,tissue,section
sample_01_g026_c03,114.761106,265.933089,B,sample_01,tissue,section
sample_01_g026_c04,116.068946,269.521961,B,sample_01,tissue,section
sample_01_g026_c05,115.227484,273.202932,B,sample_01,tissue,section
sample_01_g026_c06,112.402979,275.800224,B,sample_01,tissue,section
sample_01_g026_c07,108.495716,276.267614,B,sample_01,tissue,section
sample_01_g026_c08,105.780113,273.604605,B,sample_01,tissue,section
sample_01_g026_c09,103.720953,270.494588,B,sample_01,tissue,section
sample_01_g026_c10,104.504843,266.633061,B,sample_01,tissue,section
sample_01_g027_c01,186.755782,275.755522,F,sample_01,tissue,section
sample_01_g027_c02,184.704071,272.423696,F,sample_01,tissue,section
sample_01_g027_c03,183.581937,268.70488,F,sample_01,tissue,section
sample_01_g027_c04,185.483156,265.086476,F,sample_01,tissue,section
sample_01_g027_c05,189.248187,263.493644,F,sample_01,tissue,section
sample_01_g027_c06,192.742751,265.134123,F,sample_01,tissue,section
sample_01_g027_c07,195.249558,267.597526,F,sample_01,tissue,section
sample_01_g027_c08,197.21764,271.456468,F,sample_01,tissue,section
sample_01_g027_c09,194.933703,275.366992,F,sample_01,tissue,section
sample_01_g027_c10,190.671748,275.813455,F,sample_01,tissue,section
sample_01_g028_c01,266.018835,273.972209,E,sample_01,tissue,section
sample_01_g028_c02,263.869705,270.963869,E,sample_01,tissue,section
sample_01_g028_c03,263.488263,266.672863,E,sample_01,tissue,section
sample_01_g028_c04,266.998629,264.093044,E,sample_01,tissue,section
sample_01_g028_c05,271.179159,262.608958,E,sample_01,tissue,section
sample_01_g028_c06,275.140549,264.871015,E,sample_01,tissue,section
sample_01_g028_c07,275.523332,269.131564,E,sample_01,tissue,section
sample_01_g028_c08,276.611306,273.378011,E,sample_01,tissue,section
sample_01_g028_c09,272.559053,275.036435,E,sample_01,tissue,section
sample_01_g028_c10,269.09085,275.698613,E,sample_01,tissue,section
sample_01_g029_c01,354.613671,265.644689,F,sample_01,tissue,section
sample_01_g029_c02,357.0837,269.086274,F,sample_01,tissue,section
sample_01_g029_c03,355.709344,273.119303,F,sample_01,tissue,section
sample_01_g029_c04,352.889543,276.099095,F,sample_01,tissue,section
sample_01_g029_c05,348.690059,276.965978,F,sample_01,tissue,section
sample_01_g029_c06,345.295857,274.440717,F,sample_01,tissue,section
sample_01_g029_c07,344.250352,270.741647,F,sample_01,tissue,section
sample_01_g029_c08,345.051303,267.296278,F,sample_01,tissue,section
sample_01_g029_c09,347.430414,264.576252,F,sample_01,tissue,section
sample_01_g029_c10,351.291807,263.130456,F,sample_01,tissue,section
sample_01_g030_c01,436.558434,271.890799,D,sample_01,tissue,section
sample_01_g030_c02,433.386444,274.347307,D,sample_01,tissue,section
sample_01_g030_c03,430.187205,275.59106,D,sample_01,tissue,section
sample_01_g030_c04,426.907397,274.570798,D,sample_01,tissue,section
sample_01_g030_c05,424.031194,272.162765,D,sample_01,tissue,section
sample_01_g030_c06,424.322105,268.363061,D,sample_01,tissue,section
sample_01_g030_c07,425.510723,264.236945,D,sample_01,tissue,section
sample_01_g030_c08,429.794644,263.866834,D,sample_01,tissue,section
sample_01_g030_c09,433.11981,265.388991,D,sample_01,tissue,section
sample_01_g030_c10,436.390299,267.68451,D,sample_01,tissue,section
sample_01_g031_c01,516.938404,267.81613,A,sample_01,tissue,section
sample_01_g031_c02,515.836636,271.956146,A,sample_01,tissue,section
sample_01_g031_c03,514.254885,275.97142,A,sample_01,tissue,section
sample_01_g031_c04,509.943672,276.105874,A,sample_01,tissue,section
sample_01_g031_c05,505.639095,275.887287,A,sample_01,tissue,section
sample_01_g031_c06,504.707126,271.665938,A,sample_01,tissue,section
sample_01_g031_c07,504.378805,268.116059,A,sample_01,tissue,section
sample_01_g031_c08,506.311215,264.823059,A,sample_01,tissue,section
sample_01_g031_c09,510.068823,262.539666,A,sample_01,tissue,section
sample_01_g031_c10,513.98283,264.623119,A,sample_01,tissue,section
sample_01_g032_c01,594.60525,266.77608,E,sample_01,tissue,section
sample_01_g032_c02,596.058833,270.106385,E,sample_01,tissue,section
sample_01_g032_c03,595.987908,274.513185,E,sample_01,tissue,section
sample_01_g032_c04,591.946255,276.368271,E,sample_01,tissue,section
sample_01_g032_c05,587.64306,276.842748,E,sample_01,tissue,section
sample_01_g032_c06,585.355332,273.251515,E,sample_01,tissue,section
sample_01_g032_c07,583.006384,269.877202,E,sample_01,tissue,section
sample_01_g032_c08,584.797789,266.079009,E,sample_01,tissue,section
sample_01_g032_c09,588.184733,264.06033,E,sample_01,tissue,section
sample_01_g032_c10,591.801021,264.771214,E,sample_01,tissue,section
sample_01_g033_c01,37.150102,347.870692,A,sample_01,tissue,section
sample_01_g033_c02,35.837975,352.057756,A,sample_01,tissue,section
sample_01_g033_c03,33.186765,354.622312,A,sample_01,tissue,section
sample_01_g033_c04,29.832708,356.76578,A,sample_01,tissue,section
sample_01_g033_c05,25.634039,355.70705,A,sample_01,tissue,section
sample_01_g033_c06,23.675927,351.883315,A,sample_01,tissue,section
sample_01_g033_c07,24.613981,348.101549,A,sample_01,tissue,section
sample_01_g033_c08,25.950962,344.126986,A,sample_01,tissue,section
sample_01_g033_c09,30.177168,342.834793,A,sample_01,tissue,section
sample_01_g033_c10,33.906762,344.893201,A,sample_01,tissue,section
sample_01_g034_c01,105.33685,354.131048,C,sample_01,tissue,section
sample_01_g034_c02,103.160957,350.663041,C,sample_01,tissue,section
sample_01_g034_c03,103.923003,346.425728,C,sample_01,tissue,section
sample_01_g034_c04,107.519423,344.305254,C,sample_01,tissue,section
sample_01_g034_c05,111.305546,344.092778,C,sample_01,tissue,section
sample_01_g034_c06,114.217549,346.263707,C,sample_01,tissue,section
sample_01_g034_c07,117.376567,349.284847,C,sample_01,tissue,section
sample_01_g034_c08,116.207542,353.651054,C,sample_01,tissue,section
sample_01_g034_c09,112.869938,356.588617,C,sample_01,tissue,section
sample_01_g034_c10,108.58746,356.39134,C,sample_01,tissue,section
sample_01_g035_c01,195.752356,345.99148,C,sample_01,tissue,section
sample_01_g035_c02,196.95814,350.137169,C,sample_01,tissue,section
sample_01_g035_c03,195.499369,354.16357,C,sample_01,tissue,section
sample_01_g035_c04,191.819412,355.999438,C,sample_01,tissue,section
sample_01_g035_c05,188.115702,355.432527,C,sample_01,tissue,section
sample_01_g035_c06,185.171227,353.364922,C,sample_01,tissue,section
sample_01_g035_c07,184.353943,349.888697,C,sample_01,tissue,section
sample_01_g035_c08,184.372771,345.739627,C,sample_01,tissue,section
sample_01_g035_c09,188.143754,343.879105,C,sample_01,tissue,section
sample_01_g035_c10,191.942842,344.39869,C,sample_01,tissue,section
sample_01_g036_c01,273.83327,345.082913,C,sample_01,tissue,section
sample_01_g036_c02,275.830888,348.321335,C,sample_01,tissue,section
sample_01_g036_c03,276.120766,352.220439,C,sample_01,tissue,section
sample_01_g036_c04,273.248489,354.805099,C,sample_01,tissue,section
sample_01_g036_c05,269.807157,355.695231,C,sample_01,tissue,section
sample_01_g036_c06,266.574783,354.393661,C,sample_01,tissue,section
sample_01_g036_c07,264.047734,351.713609,C,sample_01,tissue,section
sample_01_g036_c08,263.600576,347.678472,C,sample_01,tissue,section
sample_01_g036_c09,266.190986,344.365784,C,sample_01,tissue,section
sample_01_g036_c10,270.234444,343.076181,C,sample_01,tissue,section
sample_01_g037_c01,354.90493,355.167205,C,sample_01,tissue,section
sample_01_g037_c02,350.869225,356.594971,C,sample_01,tissue,section
sample_01_g037_c03,346.522083,356.407759,C,sample_01,tissue,section
sample_01_g037_c04,343.366826,353.165052,C,sample_01,tissue,section
sample_01_g037_c05,344.119777,348.911054,C,sample_01,tissue,section
sample_01_g037_c06,345.793989,345.569087,C,sample_01,tissue,section
sample_01_g037_c07,349.032137,342.656645,C,sample_01,tissue,section
sample_01_g037_c08,353.356607,343.815743,C,sample_01,tissue,section
sample_01_g037_c09,356.736684,346.785558,C,sample_01,tissue,section
sample_01_g037_c10,356.874775,351.273125,C,sample_01,tissue,section
sample_01_g038_c01,424.330466,347.661639,B,sample_01,tissue,section
sample_01_g038_c02,426.95294,345.044485,B,sample_01,tissue,section
sample_01_g038_c03,430.473437,343.86585,B,sample_01,tissue,section
sample_01_g038_c04,433.830505,345.501299,B,sample_01,tissue,section
sample_01_g038_c05,436.142164,348.515571,B,sample_01,tissue,section
sample_01_g038_c06,435.323367,352.195587,B,sample_01,tissue,section
sample_01_g038_c07,433.369392,355.479734,B,sample_01,tissue,section
sample_01_g038_c08,429.43539,357.315446,B,sample_01,tissue,section
sample_01_g038_c09,425.41324,355.386877,B,sample_01,tissue,section
sample_01_g038_c10,423.031592,351.684114,B,sample_01,tissue,section
sample_01_g039_c01,503.7068,353.046644,C,sample_01,tissue,section
sample_01_g039_c02,503.781527,348.884751,C,sample_01,tissue,section
sample_01_g039_c03,506.081405,345.918351,C,sample_01,tissue,section
sample_01_g039_c04,509.034868,342.98388,C,sample_01,tissue,section
sample_01_g039_c05,513.360985,343.723267,C,sample_01,tissue,section
sample_01_g039_c06,515.717445,347.232088,C,sample_01,tissue,section
sample_01_g039_c07,516.678072,351.197675,C,sample_01,tissue,section
sample_01_g039_c08,515.024726,355.233807,C,sample_01,tissue,section
sample_01_g039_c09,510.810797,355.894164,C,sample_01,tissue,section
sample_01_g039_c10,507.312803,355.018415,C,sample_01,tissue,section
sample_01_g040_c01,592.773646,344.090646,B,sample_01,tissue,section
sample_01_g040_c02,595.187072,347.141746,B,sample_01,tissue,section
sample_01_g040_c03,597.30376,350.915393,B,sample_01,tissue,section
sample_01_g040_c04,594.427615,354.149632,B,sample_01,tissue,section
sample_01_g040_c05,591.185996,356.184206,B,sample_01,tissue,section
sample_01_g040_c06,587.225424,355.911336,B,sample_01,tissue,section
sample_01_g040_c07,583.613658,353.519093,B,sample_01,tissue,section
sample_01_g040_c08,583.31641,349.162334,B,sample_01,tissue,section
sample_01_g040_c09,584.607384,344.945954,B,sample_01,tissue,section
sample_01_g040_c10,588.770846,343.590753,B,sample_01,tissue,section
sample_01_g041_c01,34.072265,424.973062,B,sample_01,tissue,section
sample_01_g041_c02,36.960561,428.136295,B,sample_01,tissue,section
sample_01_g041_c03,35.731537,432.20134,B,sample_01,tissue,section
sample_01_g041_c04,33.903858,436.013836,B,sample_01,tissue,section
sample_01_g041_c05,29.689332,435.907117,B,sample_01,tissue,section
sample_01_g041_c06,25.329119,435.765889,B,sample_01,tissue,section
sample_01_g041_c07,22.865581,431.910256,B,sample_01,tissue,section
sample_01_g041_c08,23.415336,427.470995,B,sample_01,tissue,section
sample_01_g041_c09,26.975442,425.340713,B,sample_01,tissue,section
sample_01_g041_c10,30.378622,422.800797,B,sample_01,tissue,section
sample_01_g042_c01,106.042074,435.005365,C,sample_01,tissue,section
sample_01_g042_c02,103.100264,431.934918,C,sample_01,tissue,section
sample_01_g042_c03,103.826235,427.712002,C,sample_01,tissue,section
sample_01_g042_c04,106.540042,424.805196,C,sample_01,tissue,section
sample_01_g042_c05,110.293206,422.808466,C,sample_01,tissue,section
sample_01_g042_c06,113.776209,425.224442,C,sample_01,tissue,section
sample_01_g042_c07,117.002977,428.036129,C,sample_01,tissue,section
sample_01_g042_c08,116.423427,432.380523,C,sample_01,tissue,section
sample_01_g042_c09,113.103954,434.660297,C,sample_01,tissue,section
sample_01_g042_c10,109.705328,437.227482,C,sample_01,tissue,section
sample_01_g043_c01,186.474643,434.685771,E,sample_01,tissue,section
sample_01_g043_c02,183.292151,432.056416,E,sample_01,tissue,section
sample_01_g043_c03,184.378802,428.069282,E,sample_01,tissue,section
sample_01_g043_c04,186.833174,425.484669,E,sample_01,tissue,section
sample_01_g043_c05,190.122972,422.631454,E,sample_01,tissue,section
sample_01_g043_c06,193.567211,425.258599,E,sample_01,tissue,section
sample_01_g043_c07,195.484974,428.31848,E,sample_01,tissue,section
sample_01_g043_c08,195.216386,431.791677,E,sample_01,tissue,section
sample_01_g043_c09,194.087557,435.828128,E,sample_01,tissue,section
sample_01_g043_c10,189.888141,436.702643,E,sample_01,tissue,section
sample_01_g044_c01,270.807121,424.255618,D,sample_01,tissue,section
sample_01_g044_c02,274.190035,425.660796,D,sample_01,tissue,section
sample_01_g044_c03,276.530599,428.84825,D,sample_01,tissue,section
sample_01_g044_c04,275.240375,432.555681,D,sample_01,tissue,section
sample_01_g044_c05,272.683188,435.045929,D,sample_01,tissue,section
sample_01_g044_c06,269.144427,436.089225,D,sample_01,tissue,section
sample_01_g044_c07,265.72319,434.429068,D,sample_01,tissue,section
sample_01_g044_c08,264.37617,430.99183,D,sample_01,tissue,section
sample_01_g044_c09,265.040275,427.581189,D,sample_01,tissue,section
sample_01_g044_c10,267.208313,424.750032,D,sample_01,tissue,section
sample_01_g045_c01,355.61582,432.512384,E,sample_01,tissue,section
sample_01_g045_c02,352.88978,435.02601,E,sample_01,tissue,section
sample_01_g045_c03,349.277284,436.759722,E,sample_01,tissue,section
sample_01_g045_c04,345.238597,435.269068,E,sample_01,tissue,section
sample_01_g045_c05,344.158214,431.23078,E,sample_01,tissue,section
sample_01_g045_c06,343.44791,427.068752,E,sample_01,tissue,section
sample_01_g045_c07,346.354153,423.659012,E,sample_01,tissue,section
sample_01_g045_c08,350.653641,423.886358,E,sample_01,tissue,section
sample_01_g045_c09,353.7317,425.870423,E,sample_01,tissue,section
sample_01_g045_c10,356.867894,428.553034,E,sample_01,tissue,section
sample_01_g046_c01,422.811958,428.1976,E,sample_01,tissue,section
sample_01_g046_c02,425.687669,424.846775,E,sample_01,tissue,section
sample_01_g046_c03,429.612674,424.352392,E,sample_01,tissue,section
sample_01_g046_c04,433.814661,423.913405,E,sample_01,tissue,section
sample_01_g046_c05,436.942325,427.205919,E,sample_01,tissue,section
sample_01_g046_c06,436.593792,431.653392,E,sample_01,tissue,section
sample_01_g046_c07,434.279798,435.114347,E,sample_01,tissue,section
sample_01_g046_c08,430.44413,436.475877,E,sample_01,tissue,section
sample_01_g046_c09,426.101542,436.220301,E,sample_01,tissue,section
sample_01_g046_c10,424.300168,432.294014,E,sample_01,tissue,section
sample_01_g047_c01,506.562828,423.747383,E,sample_01,tissue,section
sample_01_g047_c02,510.858035,423.209512,E,sample_01,tissue,section
sample_01_g047_c03,513.778472,425.976566,E,sample_01,tissue,section
sample_01_g047_c04,517.27066,428.613263,E,sample_01,tissue,section
sample_01_g047_c05,515.006877,432.356232,E,sample_01,tissue,section
sample_01_g047_c06,513.370991,436.132224,E,sample_01,tissue,section
sample_01_g047_c07,509.303905,435.508895,E,sample_01,tissue,section
sample_01_g047_c08,505.439108,434.856578,E,sample_01,tissue,section
sample_01_g047_c09,503.846641,431.173634,E,sample_01,tissue,section
sample_01_g047_c10,504.194569,427.267969,E,sample_01,tissue,section
sample_01_g048_c01,595.127167,427.35218,E,sample_01,tissue,section
sample_01_g048_c02,596.083637,430.929497,E,sample_01,tissue,section
sample_01_g048_c03,594.936518,434.882848,E,sample_01,tissue,section
sample_01_g048_c04,591.142435,436.966403,E,sample_01,tissue,section
sample_01_g048_c05,587.25015,435.470598,E,sample_01,tissue,section
sample_01_g048_c06,584.637953,432.769119,E,sample_01,tissue,section
sample_01_g048_c07,583.056673,428.939154,E,sample_01,tissue,section
sample_01_g048_c08,585.219338,425.271313,E,sample_01,tissue,section
sample_01_g048_c09,588.929339,423.471267,E,sample_01,tissue,section
sample_01_g048_c10,592.828027,424.373876,E,sample_01,tissue,section
sample_01_g049_c01,23.49565,506.590913,F,sample_01,tissue,section
sample_01_g049_c02,27.175321,504.294697,F,sample_01,tissue,section
sample_01_g049_c03,31.227945,502.785993,F,sample_01,tissue,section
sample_01_g049_c04,34.627737,505.477687,F,sample_01,tissue,section
sample_01_g049_c05,35.993376,509.1214,F,sample_01,tissue,section
sample_01_g049_c06,35.736086,513.006421,F,sample_01,tissue,section
sample_01_g049_c07,33.089574,516.240339,F,sample_01,tissue,section
sample_01_g049_c08,28.826515,516.89406,F,sample_01,tissue,section
sample_01_g049_c09,25.191087,514.699361,F,sample_01,tissue,section
sample_01_g049_c10,24.368536,510.825546,F,sample_01,tissue,section
sample_01_g050_c01,111.297102,502.66007,F,sample_01,tissue,section
sample_01_g050_c02,114.152727,505.992805,F,sample_01,tissue,section
sample_01_g050_c03,117.390535,508.96419,F,sample_01,tissue,section
sample_01_g050_c04,115.424114,512.886696,F,sample_01,tissue,section
sample_01_g050_c05,112.880188,515.910958,F,sample_01,tissue,section
sample_01_g050_c06,108.886625,516.300272,F,sample_01,tissue,section
sample_01_g050_c07,105.792746,514.059811,F,sample_01,tissue,section
sample_01_g050_c08,104.349318,510.791963,F,sample_01,tissue,section
sample_01_g050_c09,103.675916,506.634343,F,sample_01,tissue,section
sample_01_g050_c10,107.023798,503.891994,F,sample_01,tissue,section
sample_01_g051_c01,191.291295,515.518842,C,sample_01,tissue,section
sample_01_g051_c02,187.840801,515.128792,C,sample_01,tissue,section
sample_01_g051_c03,184.228286,513.491224,C,sample_01,tissue,section
sample_01_g051_c04,183.673627,509.465326,C,sample_01,tissue,section
sample_01_g051_c05,185.09462,505.761174,C,sample_01,tissue,section
sample_01_g051_c06,188.601879,504.024597,C,sample_01,tissue,section
sample_01_g051_c07,192.319959,504.48935,C,sample_01,tissue,section
sample_01_g051_c08,195.010419,506.969272,C,sample_01,tissue,section
sample_01_g051_c09,197.028662,510.594028,C,sample_01,tissue,section
sample_01_g051_c10,195.465522,514.722854,C,sample_01,tissue,section
sample_01_g052_c01,275.946553,505.53185,D,sample_01,tissue,section
sample_01_g052_c02,275.784675,509.907042,D,sample_01,tissue,section
sample_01_g052_c03,275.960975,514.186236,D,sample_01,tissue,section
sample_01_g052_c04,272.412321,517.037539,D,sample_01,tissue,section
sample_01_g052_c05,268.201301,515.854266,D,sample_01,tissue,section
sample_01_g052_c06,264.220034,514.342979,D,sample_01,tissue,section
sample_01_g052_c07,263.802038,510.099599,D,sample_01,tissue,section
sample_01_g052_c08,265.028831,506.508879,D,sample_01,tissue,section
sample_01_g052_c09,267.721748,503.353585,D,sample_01,tissue,section
sample_01_g052_c10,272.002299,503.483071,D,sample_01,tissue,section
sample_01_g053_c01,355.173416,512.161885,A,sample_01,tissue,section
sample_01_g053_c02,352.909371,514.781173,A,sample_01,tissue,section
sample_01_g053_c03,349.394068,517.402933,A,sample_01,tissue,section
sample_01_g053_c04,346.209882,514.409648,A,sample_01,tissue,section
sample_01_g053_c05,343.212276,511.607147,A,sample_01,tissue,section
sample_01_g053_c06,344.201398,507.57686,A,sample_01,tissue,section
sample_01_g053_c07,346.940044,504.971361,A,sample_01,tissue,section
sample_01_g053_c08,350.562833,503.123632,A,sample_01,tissue,section
sample_01_g053_c09,353.636899,505.768615,A,sample_01,tissue,section
sample_01_g053_c10,356.263896,508.516882,A,sample_01,tissue,section
sample_01_g054_c01,435.985401,509.101062,A,sample_01,tissue,section
sample_01_g054_c02,436.172165,513.20737,A,sample_01,tissue,section
sample_01_g054_c03,433.313611,516.634089,A,sample_01,tissue,section
sample_01_g054_c04,429.029768,515.823673,A,sample_01,tissue,section
sample_01_g054_c05,425.454746,514.473057,A,sample_01,tissue,section
sample_01_g054_c06,424.261584,510.861844,A,sample_01,tissue,section
sample_01_g054_c07,423.982066,506.872776,A,sample_01,tissue,section
sample_01_g054_c08,426.923804,503.841233,A,sample_01,tissue,section
sample_01_g054_c09,431.114176,503.312321,A,sample_01,tissue,section
sample_01_g054_c10,435.340259,504.744566,A,sample_01,tissue,section
sample_01_g055_c01,506.152079,514.264833,F,sample_01,tissue,section
sample_01_g055_c02,503.466543,511.381797,F,sample_01,tissue,section
sample_01_g055_c03,504.753384,507.65767,F,sample_01,tissue,section
sample_01_g055_c04,507.007282,504.804285,F,sample_01,tissue,section
sample_01_g055_c05,510.738665,503.040058,F,sample_01,tissue,section
sample_01_g055_c06,514.442291,505.076398,F,sample_01,tissue,section
sample_01_g055_c07,516.440152,508.637936,F,sample_01,tissue,section
sample_01_g055_c08,515.734826,512.560289,F,sample_01,tissue,section
sample_01_g055_c09,513.285223,515.703539,F,sample_01,tissue,section
sample_01_g055_c10,509.270289,516.875576,F,sample_01,tissue,section
sample_01_g056_c01,595.677969,510.653909,F,sample_01,tissue,section
sample_01_g056_c02,595.231605,514.805585,F,sample_01,tissue,section
sample_01_g056_c03,591.242018,516.14289,F,sample_01,tissue,section
sample_01_g056_c04,587.29303,515.920838,F,sample_01,tissue,section
sample_01_g056_c05,584.826452,512.918764,F,sample_01,tissue,section
sample_01_g056_c06,582.908993,509.183357,F,sample_01,tissue,section
sample_01_g056_c07,585.499587,505.866065,F,sample_01,tissue,section
sample_01_g056_c08,588.606525,503.108018,F,sample_01,tissue,section
sample_01_g056_c09,592.7051,504.083253,F,sample_01,tissue,section
sample_01_g056_c10,594.856804,507.259933,F,sample_01,tissue,section
sample_01_g057_c01,26.641155,585.059859,B,sample_01,tissue,section
sample_01_g057_c02,30.229008,582.663416,B,sample_01,tissue,section
sample_01_g057_c03,33.946187,584.910384,B,sample_01,tissue,section
sample_01_g057_c04,36.785419,588.027097,B,sample_01,tissue,section
sample_01_g057_c05,36.486625,592.333779,B,sample_01,tissue,section
sample_01_g057_c06,33.387987,594.983004,B,sample_01,tissue,section
sample_01_g057_c07,29.766352,597.485226,B,sample_01,tissue,section
sample_01_g057_c08,25.728311,595.509434,B,sample_01,tissue,section
sample_01_g057_c09,24.350888,591.642515,B,sample_01,tissue,section
sample_01_g057_c10,23.128112,587.52761,B,sample_01,tissue,section
sample_01_g058_c01,107.695937,595.693394,D,sample_01,tissue,section
sample_01_g058_c02,105.310505,592.9266,D,sample_01,tissue,section
sample_01_g058_c03,103.897137,589.569744,D,sample_01,tissue,section
sample_01_g058_c04,105.663096,586.356683,D,sample_01,tissue,section
sample_01_g058_c05,108.419595,583.645886,D,sample_01,tissue,section
sample_01_g058_c06,112.183658,584.60413,D,sample_01,tissue,section
sample_01_g058_c07,116.307894,586.063397,D,sample_01,tissue,section
sample_01_g058_c08,117.218703,590.508923,D,sample_01,tissue,section
sample_01_g058_c09,114.720987,593.965975,D,sample_01,tissue,section
sample_01_g058_c10,111.493481,596.004631,D,sample_01,tissue,section
sample_01_g059_c01,189.340582,597.106139,C,sample_01,tissue,section
sample_01_g059_c02,185.371425,595.268299,C,sample_01,tissue,section
sample_01_g059_c03,184.325893,591.278548,C,sample_01,tissue,section
sample_01_g059_c04,184.004598,587.417773,C,sample_01,tissue,section
sample_01_g059_c05,186.886486,584.75591,C,sample_01,tissue,section
sample_01_g059_c06,190.622973,583.286599,C,sample_01,tissue,section
sample_01_g059_c07,194.721267,584.626199,C,sample_01,tissue,section
sample_01_g059_c08,197.241959,588.368168,C,sample_01,tissue,section
sample_01_g059_c09,196.103348,592.62872,C,sample_01,tissue,section
sample_01_g059_c10,192.930162,594.935272,C,sample_01,tissue,section
sample_01_g060_c01,275.868358,590.701722,F,sample_01,tissue,section
sample_01_g060_c02,274.107105,593.805737,F,sample_01,tissue,section
sample_01_g060_c03,271.349724,596.828419,F,sample_01,tissue,section
sample_01_g060_c04,267.476593,595.456427,F,sample_01,tissue,section
sample_01_g060_c05,264.461325,593.093065,F,sample_01,tissue,section
sample_01_g060_c06,262.645818,589.120608,F,sample_01,tissue,section
sample_01_g060_c07,265.849004,586.153593,F,sample_01,tissue,section
sample_01_g060_c08,268.554,582.684511,F,sample_01,tissue,section
sample_01_g060_c09,272.868264,583.797879,F,sample_01,tissue,section
sample_01_g060_c10,276.208903,586.532647,F,sample_01,tissue,section
sample_02_g001_c01,35.725588,29.254101,D,sample_02,tissue,section
sample_02_g001_c02,36.417127,33.495479,D,sample_02,tissue,section
sample_02_g001_c03,32.959882,36.227218,D,sample_02,tissue,section
sample_02_g001_c04,28.930286,35.72834,D,sample_02,tissue,section
sample_02_g001_c05,24.868371,34.85654,D,sample_02,tissue,section
sample_02_g001_c06,23.091794,30.899964,D,sample_02,tissue,section
sample_02_g001_c07,23.455787,26.435295,D,sample_02,tissue,section
sample_02_g001_c08,27.161827,24.028843,D,sample_02,tissue,section
sample_02_g001_c09,31.181945,23.67066,D,sample_02,tissue,section
sample_02_g001_c10,34.634239,25.614187,D,sample_02,tissue,section
sample_02_g002_c01,113.018562,35.971908,D,sample_02,tissue,section
sample_02_g002_c02,108.912915,36.722855,D,sample_02,tissue,section
sample_02_g002_c03,106.085811,33.888964,D,sample_02,tissue,section
sample_02_g002_c04,103.341605,31.032533,D,sample_02,tissue,section
sample_02_g002_c05,104.194971,27.018513,D,sample_02,tissue,section
sample_02_g002_c06,107.276178,24.611204,D,sample_02,tissue,section
sample_02_g002_c07,110.999912,23.816247,D,sample_02,tissue,section
sample_02_g002_c08,115.081416,24.951331,D,sample_02,tissue,section
sample_02_g002_c09,116.320914,29.019801,D,sample_02,tissue,section
sample_02_g002_c10,116.034284,33.099233,D,sample_02,tissue,section
sample_02_g003_c01,185.43368,35.53596,D,sample_02,tissue,section
sample_02_g003_c02,184.350068,31.45934,D,sample_02,tissue,section
sample_02_g003_c03,183.125465,27.289634,D,sample_02,tissue,section
sample_02_g003_c04,186.281934,24.159888,D,sample_02,tissue,section
sample_02_g003_c05,190.403062,23.442706,D,sample_02,tissue,section
sample_02_g003_c06,193.668959,25.551952,D,sample_02,tissue,section
sample_02_g003_c07,196.658372,28.280187,D,sample_02,tissue,section
sample_02_g003_c08,196.618188,32.609298,D,sample_02,tissue,section
sample_02_g003_c09,193.082591,34.841946,D,sample_02,tissue,section
sample_02_g003_c10,189.564164,37.090475,D,sample_02,tissue,section
sample_02_g004_c01,266.918736,24.153246,C,sample_02,tissue,section
sample_02_g004_c02,270.927676,23.570785,C,sample_02,tissue,section
sample_02_g004_c03,274.801588,25.064244,C,sample_02,tissue,section
sample_02_g004_c04,276.778256,28.830481,C,sample_02,tissue,section
sample_02_g004_c05,276.126187,33.015864,C,sample_02,tissue,section
sample_02_g004_c06,272.67399,35.073945,C,sample_02,tissue,section
sample_02_g004_c07,269.119011,36.105652,C,sample_02,tissue,section
sample_02_g004_c08,265.572013,34.551716,C,sample_02,tissue,section
sample_02_g004_c09,263.676734,31.091015,C,sample_02,tissue,section
sample_02_g004_c10,263.306301,26.704755,C,sample_02,tissue,section
sample_02_g005_c01,355.524437,28.87674,D,sample_02,tissue,section
sample_02_g005_c02,355.098725,32.324372,D,sample_02,tissue,section
sample_02_g005_c03,353.26837,35.778464,D,sample_02,tissue,section
sample_02_g005_c04,349.362321,35.590794,D,sample_02,tissue,section
sample_02_g005_c05,345.241585,35.191631,D,sample_02,tissue,section
sample_02_g005_c06,343.121935,31.398487,D,sample_02,tissue,section
sample_02_g005_c07,343.560996,27.064631,D,sample_02,tissue,section
sample_02_g005_c08,346.672079,24.116249,D,sample_02,tissue,section
sample_02_g005_c09,350.832012,22.70541,D,sample_02,tissue,section
sample_02_g005_c10,353.771751,25.884861,D,sample_02,tissue,section
sample_02_g006_c01,425.395415,26.027459,A,sample_02,tissue,section
sample_02_g006_c02,428.69665,24.449446,A,sample_02,tissue,section
sample_02_g006_c03,432.674273,23.633654,A,sample_02,tissue,section
sample_02_g006_c04,434.819488,27.07955,A,sample_02,tissue,section
sample_02_g006_c05,436.235022,30.521983,A,sample_02,tissue,section
sample_02_g006_c06,434.339633,33.743958,A,sample_02,tissue,section
sample_02_g006_c07,431.421191,36.052398,A,sample_02,tissue,section
sample_02_g006_c08,427.397291,36.195982,A,sample_02,tissue,section
sample_02_g006_c09,424.789752,33.157238,A,sample_02,tissue,section
sample_02_g006_c10,423.19854,29.430596,A,sample_02,tissue,section
sample_02_g007_c01,503.851953,32.333163,E,sample_02,tissue,section
sample_02_g007_c02,503.193978,28.148496,E,sample_02,tissue,section
sample_02_g007_c03,506.539569,25.693258,E,sample_02,tissue,section
sample_02_g007_c04,509.70261,23.879091,E,sample_02,tissue,section
sample_02_g007_c05,513.607517,24.491002,E,sample_02,tissue,section
sample_02_g007_c06,515.880744,27.768277,E,sample_02,tissue,section
sample_02_g007_c07,515.512081,31.499502,E,sample_02,tissue,section
sample_02_g007_c08,513.808932,34.740475,E,sample_02,tissue,section
sample_02_g007_c09,510.282254,35.809373,E,sample_02,tissue,section
sample_02_g007_c10,506.488668,35.362115,E,sample_02,tissue,section
sample_02_g008_c01,584.496683,26.351046,F,sample_02,tissue,section
sample_02_g008_c02,587.770872,24.023234,F,sample_02,tissue,section
sample_02_g008_c03,591.795416,23.546159,F,sample_02,tissue,section
sample_02_g008_c04,594.455481,26.461815,F,sample_02,tissue,section
sample_02_g008_c05,597.014587,29.699406,F,sample_02,tissue,section
sample_02_g008_c06,595.928101,33.930605,F,sample_02,tissue,section
sample_02_g008_c07,592.327479,36.240467,F,sample_02,tissue,section
sample_02_g008_c08,588.208242,36.44069,F,sample_02,tissue,section
sample_02_g008_c09,584.545896,34.331211,F,sample_02,tissue,section
sample_02_g008_c10,584.427975,30.238777,F,sample_02,tissue,section
sample_02_g009_c01,28.552978,104.662707,C,sample_02,tissue,section
sample_02_g009_c02,32.378217,103.749447,C,sample_02,tissue,section
sample_02_g009_c03,34.899676,106.797511,C,sample_02,tissue,section
sample_02_g009_c04,36.289765,110.311018,C,sample_02,tissue,section
sample_02_g009_c05,34.72335,113.801863,C,sample_02,tissue,section
sample_02_g009_c06,31.542649,115.690008,C,sample_02,tissue,section
sample_02_g009_c07,27.540248,116.464845,C,sample_02,tissue,section
sample_02_g009_c08,25.161507,113.162499,C,sample_02,tissue,section
sample_02_g009_c09,24.226872,109.714528,C,sample_02,tissue,section
sample_02_g009_c10,24.258219,105.378393,C,sample_02,tissue,section
sample_02_g010_c01,104.42262,113.944995,C,sample_02,tissue,section
sample_02_g010_c02,103.345212,109.915504,C,sample_02,tissue,section
sample_02_g010_c03,105.249368,106.455447,C,sample_02,tissue,section
sample_02_g010_c04,108.146389,104.038685,C,sample_02,tissue,section
sample_02_g010_c05,112.190391,103.538963,C,sample_02,tissue,section
sample_02_g010_c06,115.70587,105.964121,C,sample_02,tissue,section
sample_02_g010_c07,116.137975,110.077934,C,sample_02,tissue,section
sample_02_g010_c08,115.366001,114.003694,C,sample_02,tissue,section
sample_02_g010_c09,112.179586,117.00967,C,sample_02,tissue,section
sample_02_g010_c10,108.063635,115.711732,C,sample_02,tissue,section
sample_02_g011_c01,185.977881,115.046589,C,sample_02,tissue,section
sample_02_g011_c02,183.200015,111.878806,C,sample_02,tissue,section
sample_02_g011_c03,183.741781,107.653329,C,sample_02,tissue,section
sample_02_g011_c04,185.904524,103.799544,C,sample_02,tissue,section
sample_02_g011_c05,190.279099,103.744763,C,sample_02,tissue,section
sample_02_g011_c06,194.67101,104.13924,C,sample_02,tissue,section
sample_02_g011_c07,195.315448,108.531365,C,sample_02,tissue,section
sample_02_g011_c08,196.593925,112.472553,C,sample_02,tissue,section
sample_02_g011_c09,193.51799,115.326155,C,sample_02,tissue,section
sample_02_g011_c10,189.667911,117.442871,C,sample_02,tissue,section
sample_02_g012_c01,269.890113,115.921309,A,sample_02,tissue,section
sample_02_g012_c02,266.27,114.93854,A,sample_02,tissue,section
sample_02_g012_c03,262.831143,112.1831,A,sample_02,tissue,section
sample_02_g012_c04,264.357229,108.050077,A,sample_02,tissue,section
sample_02_g012_c05,266.839198,105.475298,A,sample_02,tissue,section
sample_02_g012_c06,270.116633,103.715192,A,sample_02,tissue,section
sample_02_g012_c07,274.18678,104.456681,A,sample_02,tissue,section
sample_02_g012_c08,275.771061,108.242564,A,sample_02,tissue,section
sample_02_g012_c09,276.853975,112.368468,A,sample_02,tissue,section
sample_02_g012_c10,273.332928,114.771101,A,sample_02,tissue,section
sample_02_g013_c01,343.622156,112.097674,B,sample_02,tissue,section
sample_02_g013_c02,344.487083,108.230638,B,sample_02,tissue,section
sample_02_g013_c03,346.594209,105.347607,B,sample_02,tissue,section
sample_02_g013_c04,349.976397,103.436854,B,sample_02,tissue,section
sample_02_g013_c05,353.936981,104.540026,B,sample_02,tissue,section
sample_02_g013_c06,356.66047,107.80937,B,sample_02,tissue,section
sample_02_g013_c07,355.709453,111.83244,B,sample_02,tissue,section
sample_02_g013_c08,353.250446,114.440188,B,sample_02,tissue,section
sample_02_g013_c09,350.020252,115.631425,B,sample_02,tissue,section
sample_02_g013_c10,345.900252,115.685706,B,sample_02,tissue,section
sample_02_g014_c01,427.467135,103.709485,D,sample_02,tissue,section
sample_02_g014_c02,431.585167,103.67419,D,sample_02,tissue,section
sample_02_g014_c03,435.324496,105.54296,D,sample_02,tissue,section
sample_02_g014_c04,436.926593,109.523894,D,sample_02,tissue,section
sample_02_g014_c05,436.265599,113.925513,D,sample_02,tissue,section
sample_02_g014_c06,432.294125,115.69759,D,sample_02,tissue,section
sample_02_g014_c07,428.609024,115.550866,D,sample_02,tissue,section
sample_02_g014_c08,425.252763,113.973827,D,sample_02,tissue,section
sample_02_g014_c09,422.762584,110.497471,D,sample_02,tissue,section
sample_02_g014_c10,424.520171,106.566786,D,sample_02,tissue,section
sample_02_g015_c01,506.103471,114.217236,A,sample_02,tissue,section
sample_02_g015_c02,502.759415,111.442017,A,sample_02,tissue,section
sample_02_g015_c03,504.830043,107.618095,A,sample_02,tissue,section
sample_02_g015_c04,506.418501,103.608309,A,sample_02,tissue,section
sample_02_g015_c05,510.82432,103.021258,A,sample_02,tissue,section
sample_02_g015_c06,514.999488,104.589026,A,sample_02,tissue,section
sample_02_g015_c07,516.428283,108.719759,A,sample_02,tissue,section
sample_02_g015_c08,516.590607,113.036427,A,sample_02,tissue,section
sample_02_g015_c09,513.269473,115.834837,A,sample_02,tissue,section
sample_02_g015_c10,509.22125,116.592943,A,sample_02,tissue,section
sample_02_g016_c01,593.014331,115.309346,D,sample_02,tissue,section
sample_02_g016_c02,589.300255,116.223985,D,sample_02,tissue,section
sample_02_g016_c03,586.182468,114.178583,D,sample_02,tissue,section
sample_02_g016_c04,582.77235,111.481696,D,sample_02,tissue,section
sample_02_g016_c05,584.230597,107.381102,D,sample_02,tissue,section
sample_02_g016_c06,586.496369,103.828817,D,sample_02,tissue,section
sample_02_g016_c07,590.827768,102.637292,D,sample_02,tissue,section
sample_02_g016_c08,594.053718,105.562894,D,sample_02,tissue,section
sample_02_g016_c09,597.166508,108.530839,D,sample_02,tissue,section
sample_02_g016_c10,596.030231,112.737295,D,sample_02,tissue,section
sample_02_g017_c01,29.664278,196.468685,B,sample_02,tissue,section
sample_02_g017_c02,25.308683,195.799302,B,sample_02,tissue,section
sample_02_g017_c03,23.823666,191.6583,B,sample_02,tissue,section
sample_02_g017_c04,23.929992,187.673472,B,sample_02,tissue,section
sample_02_g017_c05,26.487929,184.597881,B,sample_02,tissue,section
sample_02_g017_c06,30.325646,183.725462,B,sample_02,tissue,section
sample_02_g017_c07,33.785475,185.320479,B,sample_02,tissue,section
sample_02_g017_c08,36.521438,188.249042,B,sample_02,tissue,section
sample_02_g017_c09,36.497464,192.490365,B,sample_02,tissue,section
sample_02_g017_c10,33.695233,195.68385,B,sample_02,tissue,section
sample_02_g018_c01,110.611313,184.148276,E,sample_02,tissue,section
sample_02_g018_c02,113.744535,185.835998,E,sample_02,tissue,section
sample_02_g018_c03,116.509055,188.61217,E,sample_02,tissue,section
sample_02_g018_c04,115.823767,192.588512,E,sample_02,tissue,section
sample_02_g018_c05,113.35817,195.808066,E,sample_02,tissue,section
sample_02_g018_c06,109.279229,196.899496,E,sample_02,tissue,section
sample_02_g018_c07,105.562947,194.934096,E,sample_02,tissue,section
sample_02_g018_c08,103.257442,191.437616,E,sample_02,tissue,section
sample_02_g018_c09,103.699854,187.19975,E,sample_02,tissue,section
sample_02_g018_c10,106.317788,183.631494,E,sample_02,tissue,section
sample_02_g019_c01,184.430121,192.972076,F,sample_02,tissue,section
sample_02_g019_c02,184.346139,189.213882,F,sample_02,tissue,section
sample_02_g019_c03,184.862356,185.053221,F,sample_02,tissue,section
sample_02_g019_c04,188.817779,183.352494,F,sample_02,tissue,section
sample_02_g019_c05,192.790536,184.257126,F,sample_02,tissue,section
sample_02_g019_c06,196.499801,186.53172,F,sample_02,tissue,section
sample_02_g019_c07,197.003028,190.973708,F,sample_02,tissue,section
sample_02_g019_c08,194.572501,194.402632,F,sample_02,tissue,section
sample_02_g019_c09,191.27947,197.19433,F,sample_02,tissue,section
sample_02_g019_c10,186.884442,196.411763,F,sample_02,tissue,section
sample_02_g020_c01,271.28469,183.535164,F,sample_02,tissue,section
sample_02_g020_c02,275.447428,184.962576,F,sample_02,tissue,section
sample_02_g020_c03,277.350138,189.128672,F,sample_02,tissue,section
sample_02_g020_c04,274.902254,192.7442,F,sample_02,tissue,section
sample_02_g020_c05,272.819779,196.113593,F,sample_02,tissue,section
sample_02_g020_c06,268.759648,196.241717,F,sample_02,tissue,section
sample_02_g020_c07,264.75362,194.851508,F,sample_02,tissue,section
sample_02_g020_c08,263.621377,190.756159,F,sample_02,tissue,section
sample_02_g020_c09,265.045061,187.226307,F,sample_02,tissue,section
sample_02_g020_c10,267.619262,184.838296,F,sample_02,tissue,section
sample_02_g021_c01,351.311409,196.619763,C,sample_02,tissue,section
sample_02_g021_c02,346.863516,196.789686,C,sample_02,tissue,section
sample_02_g021_c03,344.127335,193.282862,C,sample_02,tissue,section
sample_02_g021_c04,343.331406,189.205468,C,sample_02,tissue,section
sample_02_g021_c05,345.733317,186.049769,C,sample_02,tissue,section
sample_02_g021_c06,348.731273,183.595686,C,sample_02,tissue,section
sample_02_g021_c07,352.762284,184.020361,C,sample_02,tissue,section
sample_02_g021_c08,355.620055,186.858349,C,sample_02,tissue,section
sample_02_g021_c09,355.699441,190.679062,C,sample_02,tissue,section
sample_02_g021_c10,354.522254,194.186846,C,sample_02,tissue,section
sample_02_g022_c01,426.016012,194.555789,A,sample_02,tissue,section
sample_02_g022_c02,422.785497,191.643155,A,sample_02,tissue,section
sample_02_g022_c03,423.115204,187.053532,A,sample_02,tissue,section
sample_02_g022_c04,426.275687,183.760001,A,sample_02,tissue,section
sample_02_g022_c05,430.546137,183.96318,A,sample_02,tissue,section
sample_02_g022_c06,434.929049,184.36351,A,sample_02,tissue,section
sample_02_g022_c07,435.633768,188.716869,A,sample_02,tissue,section
sample_02_g022_c08,435.074798,192.171848,A,sample_02,tissue,section
sample_02_g022_c09,432.857653,194.787931,A,sample_02,tissue,section
sample_02_g022_c10,429.365551,197.012998,A,sample_02,tissue,section
sample_02_g023_c01,510.821057,197.172217,E,sample_02,tissue,section
sample_02_g023_c02,507.124813,195.088224,E,sample_02,tissue,section
sample_02_g023_c03,503.546429,192.945231,E,sample_02,tissue,section
sample_02_g023_c04,503.781705,188.738337,E,sample_02,tissue,section
sample_02_g023_c05,505.829517,185.4536,E,sample_02,tissue,section
sample_02_g023_c06,509.18502,182.880863,E,sample_02,tissue,section
sample_02_g023_c07,512.794286,185.054948,E,sample_02,tissue,section
sample_02_g023_c08,515.17408,187.638693,E,sample_02,tissue,section
sample_02_g023_c09,515.465017,191.108827,E,sample_02,tissue,section
sample_02_g023_c10,514.252241,194.635527,E,sample_02,tissue,section
sample_02_g024_c01,593.155449,196.150099,D,sample_02,tissue,section
sample_02_g024_c02,588.927882,196.89452,D,sample_02,tissue,section
sample_02_g024_c03,586.081684,193.940417,D,sample_02,tissue,section
sample_02_g024_c04,584.036709,190.961691,D,sample_02,tissue,section
sample_02_g024_c05,583.501076,186.711621,D,sample_02,tissue,section
sample_02_g024_c06,587.014387,184.180917,D,sample_02,tissue,section
sample_02_g024_c07,590.880015,184.34085,D,sample_02,tissue,section
sample_02_g024_c08,594.51038,185.46418,D,sample_02,tissue,section
sample_02_g024_c09,597.145748,188.847616,D,sample_02,tissue,section
sample_02_g024_c10,596.155254,193.114486,D,sample_02,tissue,section
sample_02_g025_c01,24.935031,274.368611,C,sample_02,tissue,section
sample_02_g025_c02,23.347561,270.556079,C,sample_02,tissue,section
sample_02_g025_c03,24.777228,266.834268,C,sample_02,tissue,section
sample_02_g025_c04,27.554794,264.176902,C,sample_02,tissue,section
sample_02_g025_c05,31.349014,264.258248,C,sample_02,tissue,section
sample_02_g025_c06,35.047214,265.646703,C,sample_02,tissue,section
sample_02_g025_c07,36.578139,269.450132,C,sample_02,tissue,section
sample_02_g025_c08,35.582653,273.383871,C,sample_02,tissue,section
sample_02_g025_c09,32.350302,275.59709,C,sample_02,tissue,section
sample_02_g025_c10,28.389302,276.855546,C,sample_02,tissue,section
sample_02_g026_c01,102.601699,271.055785,B,sample_02,tissue,section
sample_02_g026_c02,104.271416,266.96964,B,sample_02,tissue,section
sample_02_g026_c03,106.722439,263.316055,B,sample_02,tissue,section
sample_02_g026_c04,111.024677,264.115747,B,sample_02,tissue,section
sample_02_g026_c05,113.995615,266.125053,B,sample_02,tissue,section
sample_02_g026_c06,116.497856,269.072715,B,sample_02,tissue,section
sample_02_g026_c07,116.140342,273.248175,B,sample_02,tissue,section
sample_02_g026_c08,112.969905,276.05654,B,sample_02,tissue,section
sample_02_g026_c09,108.776193,277.027767,B,sample_02,tissue,section
sample_02_g026_c10,104.791224,275.05147,B,sample_02,tissue,section
sample_02_g027_c01,186.071379,264.510134,F,sample_02,tissue,section
sample_02_g027_c02,190.048907,263.198545,F,sample_02,tissue,section
sample_02_g027_c03,194.224568,264.272446,F,sample_02,tissue,section
sample_02_g027_c04,195.862272,268.141728,F,sample_02,tissue,section
sample_02_g027_c05,196.222022,272.071237,F,sample_02,tissue,section
sample_02_g027_c06,193.643137,275.09093,F,sample_02,tissue,section
sample_02_g027_c07,189.946703,277.411936,F,sample_02,tissue,section
sample_02_g027_c08,186.611215,274.594423,F,sample_02,tissue,section
sample_02_g027_c09,184.009341,271.898969,F,sample_02,tissue,section
sample_02_g027_c10,184.548239,268.185173,F,sample_02,tissue,section
sample_02_g028_c01,271.386659,262.97229,B,sample_02,tissue,section
sample_02_g028_c02,275.055685,265.312124,B,sample_02,tissue,section
sample_02_g028_c03,275.935673,269.288203,B,sample_02,tissue,section
sample_02_g028_c04,276.129613,273.420368,B,sample_02,tissue,section
sample_02_g028_c05,272.510068,275.422794,B,sample_02,tissue,section
sample_02_g028_c06,268.874434,275.704468,B,sample_02,tissue,section
sample_02_g028_c07,264.5235,275.078076,B,sample_02,tissue,section
sample_02_g028_c08,262.697888,270.875658,B,sample_02,tissue,section
sample_02_g028_c09,264.947215,267.18051,B,sample_02,tissue,section
sample_02_g028_c10,267.679775,264.987345,B,sample_02,tissue,section
sample_02_g029_c01,356.620262,267.642626,C,sample_02,tissue,section
sample_02_g029_c02,356.010645,271.769025,C,sample_02,tissue,section
sample_02_g029_c03,354.263527,275.536295,C,sample_02,tissue,section
sample_02_g029_c04,350.209185,277.488771,C,sample_02,tissue,section
sample_02_g029_c05,345.792641,276.144702,C,sample_02,tissue,section
sample_02_g029_c06,343.210194,272.417746,C,sample_02,tissue,section
sample_02_g029_c07,342.998709,267.939413,C,sample_02,tissue,section
sample_02_g029_c08,346.306735,265.204204,C,sample_02,tissue,section
sample_02_g029_c09,349.822888,263.659452,C,sample_02,tissue,section
sample_02_g029_c10,353.75594,264.514581,C,sample_02,tissue,section
sample_02_g030_c01,424.416825,274.593427,F,sample_02,tissue,section
sample_02_g030_c02,423.55297,270.388111,F,sample_02,tissue,section
sample_02_g030_c03,424.267111,266.340012,F,sample_02,tissue,section
sample_02_g030_c04,427.43244,263.463491,F,sample_02,tissue,section
sample_02_g030_c05,431.693528,263.47743,F,sample_02,tissue,section
sample_02_g030_c06,434.856925,266.004078,F,sample_02,tissue,section
sample_02_g030_c07,436.2803,269.621927,F,sample_02,tissue,section
sample_02_g030_c08,435.763492,273.679526,F,sample_02,tissue,section
sample_02_g030_c09,432.735033,276.962863,F,sample_02,tissue,section
sample_02_g030_c10,428.201808,276.925682,F,sample_02,tissue,section
sample_02_g031_c01,509.536491,276.047386,A,sample_02,tissue,section
sample_02_g031_c02,505.968399,274.739975,A,sample_02,tissue,section
sample_02_g031_c03,503.569853,271.557644,A,sample_02,tissue,section
sample_02_g031_c04,503.855256,267.469461,A,sample_02,tissue,section
sample_02_g031_c05,506.897066,264.959618,A,sample_02,tissue,section
sample_02_g031_c06,510.535229,263.016883,A,sample_02,tissue,section
sample_02_g031_c07,513.609253,265.756582,A,sample_02,tissue,section
sample_02_g031_c08,516.579216,268.406245,A,sample_02,tissue,section
sample_02_g031_c09,515.418081,272.231284,A,sample_02,tissue,section
sample_02_g031_c10,513.890666,276.319969,A,sample_02,tissue,section
sample_02_g032_c01,595.34873,273.604654,A,sample_02,tissue,section
sample_02_g032_c02,592.035676,275.586026,A,sample_02,tissue,section
sample_02_g032_c03,588.154814,276.444649,A,sample_02,tissue,section
sample_02_g032_c04,584.125876,274.593151,A,sample_02,tissue,section
sample_02_g032_c05,583.021755,270.246478,A,sample_02,tissue,section
sample_02_g032_c06,584.126609,266.041762,A,sample_02,tissue,section
sample_02_g032_c07,587.983922,264.467751,A,sample_02,tissue,section
sample_02_g032_c08,591.836394,263.586058,A,sample_02,tissue,section
sample_02_g032_c09,594.773301,266.267616,A,sample_02,tissue,section
sample_02_g032_c10,595.759721,269.796561,A,sample_02,tissue,section
sample_02_g033_c01,36.27331,352.753804,E,sample_02,tissue,section
sample_02_g033_c02,32.784551,354.765209,E,sample_02,tissue,section
sample_02_g033_c03,29.261591,357.39777,E,sample_02,tissue,section
sample_02_g033_c04,26.238334,354.221985,E,sample_02,tissue,section
sample_02_g033_c05,24.362268,351.229214,E,sample_02,tissue,section
sample_02_g033_c06,24.702529,347.674561,E,sample_02,tissue,section
sample_02_g033_c07,26.572245,344.134076,E,sample_02,tissue,section
sample_02_g033_c08,30.642096,343.567146,E,sample_02,tissue,section
sample_02_g033_c09,34.663991,344.765271,E,sample_02,tissue,section
sample_02_g033_c10,36.208916,348.646249,E,sample_02,tissue,section
sample_02_g034_c01,108.808368,343.289794,A,sample_02,tissue,section
sample_02_g034_c02,112.725829,344.393876,A,sample_02,tissue,section
sample_02_g034_c03,115.826273,346.892993,A,sample_02,tissue,section
sample_02_g034_c04,116.542839,350.911399,A,sample_02,tissue,section
sample_02_g034_c05,115.253582,355.060955,A,sample_02,tissue,section
sample_02_g034_c06,111.304622,357.346465,A,sample_02,tissue,section
sample_02_g034_c07,107.084602,355.996005,A,sample_02,tissue,section
sample_02_g034_c08,104.425876,352.972542,A,sample_02,tissue,section
sample_02_g034_c09,103.275301,349.063269,A,sample_02,tissue,section
sample_02_g034_c10,106.000238,346.146893,A,sample_02,tissue,section
sample_02_g035_c01,190.777798,357.429866,B,sample_02,tissue,section
sample_02_g035_c02,186.511026,356.037301,B,sample_02,tissue,section
sample_02_g035_c03,183.977279,352.678498,B,sample_02,tissue,section
sample_02_g035_c04,182.82496,348.471791,B,sample_02,tissue,section
sample_02_g035_c05,185.9967,345.550178,B,sample_02,tissue,section
sample_02_g035_c06,189.279868,343.120981,B,sample_02,tissue,section
sample_02_g035_c07,193.547174,343.861989,B,sample_02,tissue,section
sample_02_g035_c08,195.61229,347.504034,B,sample_02,tissue,section
sample_02_g035_c09,195.771053,351.229175,B,sample_02,tissue,section
sample_02_g035_c10,194.105961,354.563934,B,sample_02,tissue,section
sample_02_g036_c01,264.564883,354.149951,B,sample_02,tissue,section
sample_02_g036_c02,262.790323,350.171583,B,sample_02,tissue,section
sample_02_g036_c03,264.305765,346.066428,B,sample_02,tissue,section
sample_02_g036_c04,267.85335,343.89178,B,sample_02,tissue,section
sample_02_g036_c05,272.011956,343.266772,B,sample_02,tissue,section
sample_02_g036_c06,274.559666,346.518494,B,sample_02,tissue,section
sample_02_g036_c07,276.778218,349.838685,B,sample_02,tissue,section
sample_02_g036_c08,275.339816,353.688739,B,sample_02,tissue,section
sample_02_g036_c09,272.079843,355.918124,B,sample_02,tissue,section
sample_02_g036_c10,268.379808,355.422147,B,sample_02,tissue,section
sample_02_g037_c01,346.650831,344.756335,C,sample_02,tissue,section
sample_02_g037_c02,350.367736,343.870504,C,sample_02,tissue,section
sample_02_g037_c03,353.720669,345.475749,C,sample_02,tissue,section
sample_02_g037_c04,357.174876,348.135539,C,sample_02,tissue,section
sample_02_g037_c05,356.651589,352.611192,C,sample_02,tissue,section
sample_02_g037_c06,353.370596,355.277212,C,sample_02,tissue,section
sample_02_g037_c07,349.663461,355.609493,C,sample_02,tissue,section
sample_02_g037_c08,345.984596,354.882642,C,sample_02,tissue,section
sample_02_g037_c09,343.740816,351.626509,C,sample_02,tissue,section
sample_02_g037_c10,343.373322,347.398587,C,sample_02,tissue,section
sample_02_g038_c01,425.802897,345.351992,E,sample_02,tissue,section
sample_02_g038_c02,429.256344,343.020353,E,sample_02,tissue,section
sample_02_g038_c03,433.467312,343.974611,E,sample_02,tissue,section
sample_02_g038_c04,435.435372,347.570722,E,sample_02,tissue,section
sample_02_g038_c05,436.970823,351.471307,E,sample_02,tissue,section
sample_02_g038_c06,434.677289,355.179782,E,sample_02,tissue,section
sample_02_g038_c07,430.671089,356.29857,E,sample_02,tissue,section
sample_02_g038_c08,427.238669,354.798556,E,sample_02,tissue,section
sample_02_g038_c09,424.97474,352.245982,E,sample_02,tissue,section
sample_02_g038_c10,422.863987,348.493827,E,sample_02,tissue,section
sample_02_g039_c01,514.380435,345.581994,E,sample_02,tissue,section
sample_02_g039_c02,516.450904,348.95002,E,sample_02,tissue,section
sample_02_g039_c03,515.037023,352.539457,E,sample_02,tissue,section
sample_02_g039_c04,512.781815,355.402464,E,sample_02,tissue,section
sample_02_g039_c05,509.127797,355.663285,E,sample_02,tissue,section
sample_02_g039_c06,505.535119,354.503176,E,sample_02,tissue,section
sample_02_g039_c07,503.837081,351.003106,E,sample_02,tissue,section
sample_02_g039_c08,504.17997,347.065783,E,sample_02,tissue,section
sample_02_g039_c09,507.147024,344.459337,E,sample_02,tissue,section
sample_02_g039_c10,511.075423,343.017192,E,sample_02,tissue,section
sample_02_g040_c01,592.989728,344.896482,E,sample_02,tissue,section
sample_02_g040_c02,595.754432,347.481465,E,sample_02,tissue,section
sample_02_g040_c03,596.666751,351.461207,E,sample_02,tissue,section
sample_02_g040_c04,593.749494,354.217594,E,sample_02,tissue,section
sample_02_g040_c05,590.586073,355.937223,E,sample_02,tissue,section
sample_02_g040_c06,586.951292,355.204197,E,sample_02,tissue,section
sample_02_g040_c07,583.374303,352.899861,E,sample_02,tissue,section
sample_02_g040_c08,582.71202,348.402633,E,sample_02,tissue,section
sample_02_g040_c09,586.114538,345.629463,E,sample_02,tissue,section
sample_02_g040_c10,589.405006,343.972405,E,sample_02,tissue,section
sample_02_g041_c01,35.177397,433.571239,C,sample_02,tissue,section
sample_02_g041_c02,32.440921,436.93019,C,sample_02,tissue,section
sample_02_g041_c03,28.421068,435.297454,C,sample_02,tissue,section
sample_02_g041_c04,24.615623,434.117123,C,sample_02,tissue,section
sample_02_g041_c05,23.336719,430.163203,C,sample_02,tissue,section
sample_02_g041_c06,24.889039,426.474587,C,sample_02,tissue,section
sample_02_g041_c07,28.138579,424.715108,C,sample_02,tissue,section
sample_02_g041_c08,31.720446,424.227754,C,sample_02,tissue,section
sample_02_g041_c09,34.388943,426.644029,C,sample_02,tissue,section
sample_02_g041_c10,35.698324,429.860432,C,sample_02,tissue,section
sample_02_g042_c01,115.462941,425.34345,B,sample_02,tissue,section
sample_02_g042_c02,117.348682,429.428885,B,sample_02,tissue,section
sample_02_g042_c03,114.897126,433.007562,B,sample_02,tissue,section
sample_02_g042_c04,112.729672,436.608303,B,sample_02,tissue,section
sample_02_g042_c05,108.552438,436.003631,B,sample_02,tissue,section
sample_02_g042_c06,105.384799,433.933946,B,sample_02,tissue,section
sample_02_g042_c07,103.935066,430.471346,B,sample_02,tissue,section
sample_02_g042_c08,105.164989,427.030586,B,sample_02,tissue,section
sample_02_g042_c09,107.746924,424.545494,B,sample_02,tissue,section
sample_02_g042_c10,111.358725,424.364813,B,sample_02,tissue,section
sample_02_g043_c01,184.546183,428.927903,B,sample_02,tissue,section
sample_02_g043_c02,185.649386,425.314699,B,sample_02,tissue,section
sample_02_g043_c03,189.242123,423.717711,B,sample_02,tissue,section
sample_02_g043_c04,193.267311,424.134921,B,sample_02,tissue,section
sample_02_g043_c05,195.019875,427.672114,B,sample_02,tissue,section
sample_02_g043_c06,197.093019,431.394327,B,sample_02,tissue,section
sample_02_g043_c07,194.719827,435.082917,B,sample_02,tissue,section
sample_02_g043_c08,190.891331,437.388534,B,sample_02,tissue,section
sample_02_g043_c09,186.538421,436.213807,B,sample_02,tissue,section
sample_02_g043_c10,183.886147,432.835201,B,sample_02,tissue,section
sample_02_g044_c01,271.926212,423.983113,E,sample_02,tissue,section
sample_02_g044_c02,274.963658,426.360716,E,sample_02,tissue,section
sample_02_g044_c03,277.149973,429.969009,E,sample_02,tissue,section
sample_02_g044_c04,275.009879,433.606817,E,sample_02,tissue,section
sample_02_g044_c05,272.113317,436.409458,E,sample_02,tissue,section
sample_02_g044_c06,268.268311,435.409256,E,sample_02,tissue,section
sample_02_g044_c07,264.817796,433.799519,E,sample_02,tissue,section
sample_02_g044_c08,263.413371,430.028549,E,sample_02,tissue,section
sample_02_g044_c09,265.065915,426.44775,E,sample_02,tissue,section
sample_02_g044_c10,267.675794,422.950938,E,sample_02,tissue,section
sample_02_g045_c01,344.224766,432.631761,D,sample_02,tissue,section
sample_02_g045_c02,343.311425,428.63903,D,sample_02,tissue,section
sample_02_g045_c03,345.399632,424.979341,D,sample_02,tissue,section
sample_02_g045_c04,349.24091,423.336152,D,sample_02,tissue,section
sample_02_g045_c05,353.437818,423.924012,D,sample_02,tissue,section
sample_02_g045_c06,355.226676,427.618215,D,sample_02,tissue,section
sample_02_g045_c07,355.614546,431.14243,D,sample_02,tissue,section
sample_02_g045_c08,354.265713,434.655429,D,sample_02,tissue,section
sample_02_g045_c09,350.670825,435.888994,D,sample_02,tissue,section
sample_02_g045_c10,346.672382,435.881222,D,sample_02,tissue,section
sample_02_g046_c01,425.916257,435.178222,F,sample_02,tissue,section
sample_02_g046_c02,424.192116,431.636827,F,sample_02,tissue,section
sample_02_g046_c03,424.540285,427.984651,F,sample_02,tissue,section
sample_02_g046_c04,425.848852,423.784867,F,sample_02,tissue,section
sample_02_g046_c05,430.286538,422.741527,F,sample_02,tissue,section
sample_02_g046_c06,433.932216,425.013915,F,sample_02,tissue,section
sample_02_g046_c07,436.12685,428.27328,F,sample_02,tissue,section
sample_02_g046_c08,435.394968,431.991449,F,sample_02,tissue,section
sample_02_g046_c09,433.238012,434.847979,F,sample_02,tissue,section
sample_02_g046_c10,429.762882,436.006583,F,sample_02,tissue,section
sample_02_g047_c01,517.187557,431.907012,F,sample_02,tissue,section
sample_02_g047_c02,513.558074,434.37188,F,sample_02,tissue,section
sample_02_g047_c03,510.405637,437.39292,F,sample_02,tissue,section
sample_02_g047_c04,506.549886,435.341354,F,sample_02,tissue,section
sample_02_g047_c05,503.054846,432.685564,F,sample_02,tissue,section
sample_02_g047_c06,503.049438,428.155868,F,sample_02,tissue,section
sample_02_g047_c07,505.393803,424.34027,F,sample_02,tissue,section
sample_02_g047_c08,509.648171,423.587767,F,sample_02,tissue,section
sample_02_g047_c09,513.185603,425.068152,F,sample_02,tissue,section
sample_02_g047_c10,516.334386,427.550608,F,sample_02,tissue,section
sample_02_g048_c01,592.059246,424.260815,A,sample_02,tissue,section
sample_02_g048_c02,594.890987,426.668374,A,sample_02,tissue,section
sample_02_g048_c03,597.180561,430.217908,A,sample_02,tissue,section
sample_02_g048_c04,594.895038,433.788534,A,sample_02,tissue,section
sample_02_g048_c05,591.818675,436.23482,A,sample_02,tissue,section
sample_02_g048_c06,587.890104,435.880346,A,sample_02,tissue,section
sample_02_g048_c07,585.152633,433.301914,A,sample_02,tissue,section
sample_02_g048_c08,583.058593,429.789349,A,sample_02,tissue,section
sample_02_g048_c09,584.396704,425.663307,A,sample_02,tissue,section
sample_02_g048_c10,588.028225,423.24032,A,sample_02,tissue,section
sample_02_g049_c01,35.907002,507.738875,D,sample_02,tissue,section
sample_02_g049_c02,36.688312,511.798859,D,sample_02,tissue,section
sample_02_g049_c03,33.546193,514.387599,D,sample_02,tissue,section
sample_02_g049_c04,30.319246,516.202987,D,sample_02,tissue,section
sample_02_g049_c05,26.612296,515.205901,D,sample_02,tissue,section
sample_02_g049_c06,23.60005,512.44982,D,sample_02,tissue,section
sample_02_g049_c07,24.651634,508.561527,D,sample_02,tissue,section
sample_02_g049_c08,25.669504,504.642006,D,sample_02,tissue,section
sample_02_g049_c09,29.626571,502.74423,D,sample_02,tissue,section
sample_02_g049_c10,33.090467,505.250864,D,sample_02,tissue,section
sample_02_g050_c01,107.313419,505.051415,F,sample_02,tissue,section
sample_02_g050_c02,110.726072,504.48681,F,sample_02,tissue,section
sample_02_g050_c03,113.797768,505.99834,F,sample_02,tissue,section
sample_02_g050_c04,115.574447,508.967091,F,sample_02,tissue,section
sample_02_g050_c05,115.71266,512.725107,F,sample_02,tissue,section
sample_02_g050_c06,112.995895,515.518331,F,sample_02,tissue,section
sample_02_g050_c07,109.07435,517.028624,F,sample_02,tissue,section
sample_02_g050_c08,106.036406,514.176389,F,sample_02,tissue,section
sample_02_g050_c09,103.466126,511.210685,F,sample_02,tissue,section
sample_02_g050_c10,103.316147,506.811605,F,sample_02,tissue,section
sample_02_g051_c01,186.450223,504.211595,D,sample_02,tissue,section
sample_02_g051_c02,190.582303,502.569668,D,sample_02,tissue,section
sample_02_g051_c03,193.850555,505.488554,D,sample_02,tissue,section
sample_02_g051_c04,195.871518,508.588316,D,sample_02,tissue,section
sample_02_g051_c05,196.30953,512.611044,D,sample_02,tissue,section
sample_02_g051_c06,193.85688,516.289178,D,sample_02,tissue,section
sample_02_g051_c07,189.436888,517.185444,D,sample_02,tissue,section
sample_02_g051_c08,186.223657,514.424496,D,sample_02,tissue,section
sample_02_g051_c09,182.858138,511.717112,D,sample_02,tissue,section
sample_02_g051_c10,184.838035,507.863847,D,sample_02,tissue,section
sample_02_g052_c01,275.978916,509.520695,A,sample_02,tissue,section
sample_02_g052_c02,274.898883,512.992243,A,sample_02,tissue,section
sample_02_g052_c03,272.629081,516.321134,A,sample_02,tissue,section
sample_02_g052_c04,268.397079,516.719702,A,sample_02,tissue,section
sample_02_g052_c05,265.26227,514.05834,A,sample_02,tissue,section
sample_02_g052_c06,263.356862,510.532553,A,sample_02,tissue,section
sample_02_g052_c07,263.868985,506.255169,A,sample_02,tissue,section
sample_02_g052_c08,267.756478,504.60587,A,sample_02,tissue,section
sample_02_g052_c09,271.491914,503.745655,A,sample_02,tissue,section
sample_02_g052_c10,275.309089,505.452233,A,sample_02,tissue,section
sample_02_g053_c01,356.328859,509.514556,E,sample_02,tissue,section
sample_02_g053_c02,356.203497,513.818479,E,sample_02,tissue,section
sample_02_g053_c03,352.393973,515.81219,E,sample_02,tissue,section
sample_02_g053_c04,348.556669,515.959727,E,sample_02,tissue,section
sample_02_g053_c05,344.350063,514.806125,E,sample_02,tissue,section
sample_02_g053_c06,343.549823,510.49475,E,sample_02,tissue,section
sample_02_g053_c07,344.043992,506.33386,E,sample_02,tissue,section
sample_02_g053_c08,347.782266,504.61569,E,sample_02,tissue,section
sample_02_g053_c09,351.525159,503.702393,E,sample_02,tissue,section
sample_02_g053_c10,355.146364,505.62224,E,sample_02,tissue,section
sample_02_g054_c01,430.891144,503.284369,F,sample_02,tissue,section
sample_02_g054_c02,434.900101,504.846975,F,sample_02,tissue,section
sample_02_g054_c03,435.600182,508.968013,F,sample_02,tissue,section
sample_02_g054_c04,435.74113,512.745616,F,sample_02,tissue,section
sample_02_g054_c05,432.942298,515.432329,F,sample_02,tissue,section
sample_02_g054_c06,429.217123,515.899736,F,sample_02,tissue,section
sample_02_g054_c07,425.136402,515.114638,F,sample_02,tissue,section
sample_02_g054_c08,422.82532,511.322132,F,sample_02,tissue,section
sample_02_g054_c09,424.71846,507.474176,F,sample_02,tissue,section
sample_02_g054_c10,427.3673,505.139278,F,sample_02,tissue,section
sample_02_g055_c01,506.411561,504.650349,B,sample_02,tissue,section
sample_02_g055_c02,510.236659,503.687581,B,sample_02,tissue,section
sample_02_g055_c03,513.647788,505.355667,B,sample_02,tissue,section
sample_02_g055_c04,516.83695,508.058515,B,sample_02,tissue,section
sample_02_g055_c05,515.69211,512.088321,B,sample_02,tissue,section
sample_02_g055_c06,514.101362,516.114316,B,sample_02,tissue,section
sample_02_g055_c07,509.738334,516.979427,B,sample_02,tissue,section
sample_02_g055_c08,506.589537,514.342172,B,sample_02,tissue,section
sample_02_g055_c09,504.202486,511.646317,B,sample_02,tissue,section
sample_02_g055_c10,504.820389,508.099705,B,sample_02,tissue,section
sample_02_g056_c01,594.380582,504.081552,E,sample_02,tissue,section
sample_02_g056_c02,596.843889,507.843084,E,sample_02,tissue,section
sample_02_g056_c03,595.623666,511.882445,E,sample_02,tissue,section
sample_02_g056_c04,593.357613,514.708462,E,sample_02,tissue,section
sample_02_g056_c05,589.944502,516.268335,E,sample_02,tissue,section
sample_02_g056_c06,586.626618,514.557655,E,sample_02,tissue,section
sample_02_g056_c07,583.341009,512.098644,E,sample_02,tissue,section
sample_02_g056_c08,583.303145,507.758319,E,sample_02,tissue,section
sample_02_g056_c09,585.962762,504.338483,E,sample_02,tissue,section
sample_02_g056_c10,590.053117,504.000584,E,sample_02,tissue,section
sample_02_g057_c01,30.017863,597.115594,B,sample_02,tissue,section
sample_02_g057_c02,26.454047,594.906441,B,sample_02,tissue,section
sample_02_g057_c03,23.400706,592.162572,B,sample_02,tissue,section
sample_02_g057_c04,24.761217,588.312344,B,sample_02,tissue,section
sample_02_g057_c05,26.355555,585.010243,B,sample_02,tissue,section
sample_02_g057_c06,29.984016,583.632834,B,sample_02,tissue,section
sample_02_g057_c07,33.662061,584.932904,B,sample_02,tissue,section
sample_02_g057_c08,36.557592,587.851094,B,sample_02,tissue,section
sample_02_g057_c09,35.601357,591.804457,B,sample_02,tissue,section
sample_02_g057_c10,33.767069,595.157648,B,sample_02,tissue,section
sample_02_g058_c01,103.423561,591.153622,F,sample_02,tissue,section
sample_02_g058_c02,103.986501,587.06045,F,sample_02,tissue,section
sample_02_g058_c03,106.762996,583.899102,F,sample_02,tissue,section
sample_02_g058_c04,111.042308,582.630768,F,sample_02,tissue,section
sample_02_g058_c05,114.229916,585.62752,F,sample_02,tissue,section
sample_02_g058_c06,117.143729,588.746865,F,sample_02,tissue,section
sample_02_g058_c07,116.467826,593.161636,F,sample_02,tissue,section
sample_02_g058_c08,113.455357,596.512436,F,sample_02,tissue,section
sample_02_g058_c09,109.051519,596.70586,F,sample_02,tissue,section
sample_02_g058_c10,105.025641,595.142013,F,sample_02,tissue,section
sample_02_g059_c01,191.002276,582.731662,A,sample_02,tissue,section
sample_02_g059_c02,193.865105,585.976731,A,sample_02,tissue,section
sample_02_g059_c03,196.440044,588.847212,A,sample_02,tissue,section
sample_02_g059_c04,195.564044,592.695919,A,sample_02,tissue,section
sample_02_g059_c05,192.718018,595.080011,A,sample_02,tissue,section
sample_02_g059_c06,189.087035,596.620665,A,sample_02,tissue,section
sample_02_g059_c07,185.644082,594.534167,A,sample_02,tissue,section
sample_02_g059_c08,183.542892,591.155843,A,sample_02,tissue,section
sample_02_g059_c09,184.914996,587.536188,A,sample_02,tissue,section
sample_02_g059_c10,186.690889,583.815229,A,sample_02,tissue,section
sample_02_g060_c01,269.994023,596.319136,C,sample_02,tissue,section
sample_02_g060_c02,266.026372,595.458366,C,sample_02,tissue,section
sample_02_g060_c03,262.930998,592.289468,C,sample_02,tissue,section
sample_02_g060_c04,263.031858,587.728625,C,sample_02,tissue,section
sample_02_g060_c05,266.715378,585.470102,C,sample_02,tissue,section
sample_02_g060_c06,270.00544,584.247731,C,sample_02,tissue,section
sample_02_g060_c07,274.008058,584.494339,C,sample_02,tissue,section
sample_02_g060_c08,275.783535,588.126861,C,sample_02,tissue,section
sample_02_g060_c09,276.266521,592.042671,C,sample_02,tissue,section
sample_02_g060_c10,274.187999,595.775765,C,sample_02,tissue,section
sample_03_g001_c01,36.066252,26.689388,B,sample_03,tissue,section
sample_03_g001_c02,36.874429,30.890005,B,sample_03,tissue,section
sample_03_g001_c03,34.166999,33.937344,B,sample_03,tissue,section
sample_03_g001_c04,31.24662,36.646385,B,sample_03,tissue,section
sample_03_g001_c05,27.027406,36.26681,B,sample_03,tissue,section
sample_03_g001_c06,24.265462,33.129582,B,sample_03,tissue,section
sample_03_g001_c07,22.800694,29.067935,B,sample_03,tissue,section
sample_03_g001_c08,24.575406,24.874372,B,sample_03,tissue,section
sample_03_g001_c09,28.905326,24.163718,B,sample_03,tissue,section
sample_03_g001_c10,32.992039,23.692196,B,sample_03,tissue,section
sample_03_g002_c01,114.796628,24.275924,F,sample_03,tissue,section
sample_03_g002_c02,116.449422,28.387451,F,sample_03,tissue,section
sample_03_g002_c03,115.763574,32.324206,F,sample_03,tissue,section
sample_03_g002_c04,113.450949,35.514561,F,sample_03,tissue,section
sample_03_g002_c05,109.540388,36.635774,F,sample_03,tissue,section
sample_03_g002_c06,106.189203,34.547631,F,sample_03,tissue,section
sample_03_g002_c07,102.827127,31.793434,F,sample_03,tissue,section
sample_03_g002_c08,104.460047,27.765971,F,sample_03,tissue,section
sample_03_g002_c09,106.769197,24.83723,F,sample_03,tissue,section
sample_03_g002_c10,110.436013,23.704944,F,sample_03,tissue,section
sample_03_g003_c01,184.313051,32.164372,F,sample_03,tissue,section
sample_03_g003_c02,184.333308,28.464229,F,sample_03,tissue,section
sample_03_g003_c03,186.462533,25.605953,F,sample_03,tissue,section
sample_03_g003_c04,189.655799,23.052061,F,sample_03,tissue,section
sample_03_g003_c05,193.422324,24.762938,F,sample_03,tissue,section
sample_03_g003_c06,196.101222,27.677962,F,sample_03,tissue,section
sample_03_g003_c07,196.333103,31.71638,F,sample_03,tissue,section
sample_03_g003_c08,193.878931,34.818195,F,sample_03,tissue,section
sample_03_g003_c09,190.299101,36.037554,F,sample_03,tissue,section
sample_03_g003_c10,186.569264,35.249933,F,sample_03,tissue,section
sample_03_g004_c01,272.294352,35.26951,A,sample_03,tissue,section
sample_03_g004_c02,268.759579,35.608322,A,sample_03,tissue,section
sample_03_g004_c03,265.216598,34.236221,A,sample_03,tissue,section
sample_03_g004_c04,263.504703,30.628673,A,sample_03,tissue,section
sample_03_g004_c05,265.249624,27.204983,A,sample_03,tissue,section
sample_03_g004_c06,267.669391,24.647216,A,sample_03,tissue,section
sample_03_g004_c07,271.350256,23.895085,A,sample_03,tissue,section
sample_03_g004_c08,274.441723,26.066373,A,sample_03,tissue,section
sample_03_g004_c09,276.138878,29.405825,A,sample_03,tissue,section
sample_03_g004_c10,276.203402,33.649947,A,sample_03,tissue,section
sample_03_g005_c01,353.810998,23.946336,B,sample_03,tissue,section
sample_03_g005_c02,356.525165,27.389048,B,sample_03,tissue,section
sample_03_g005_c03,356.385274,31.61476,B,sample_03,tissue,section
sample_03_g005_c04,354.483538,35.37976,B,sample_03,tissue,section
sample_03_g005_c05,350.429813,36.457314,B,sample_03,tissue,section
sample_03_g005_c06,347.016003,34.739995,B,sample_03,tissue,section
sample_03_g005_c07,343.454668,32.619022,B,sample_03,tissue,section
sample_03_g005_c08,344.069204,28.500172,B,sample_03,tissue,section
sample_03_g005_c09,345.932664,25.119638,B,sample_03,tissue,section
sample_03_g005_c10,349.593653,23.895232,B,sample_03,tissue,section
sample_03_g006_c01,436.385285,33.751206,A,sample_03,tissue,section
sample_03_g006_c02,432.379283,35.454589,A,sample_03,tissue,section
sample_03_g006_c03,428.721789,35.797594,A,sample_03,tissue,section
sample_03_g006_c04,425.159646,34.292448,A,sample_03,tissue,section
sample_03_g006_c05,424.425686,30.543301,A,sample_03,tissue,section
sample_03_g006_c06,424.126132,26.549239,A,sample_03,tissue,section
sample_03_g006_c07,427.35211,23.929622,A,sample_03,tissue,section
sample_03_g006_c08,431.432992,23.500361,A,sample_03,tissue,section
sample_03_g006_c09,434.99087,25.574074,A,sample_03,tissue,section
sample_03_g006_c10,435.707167,29.44375,A,sample_03,tissue,section
sample_03_g007_c01,516.047073,29.273015,C,sample_03,tissue,section
sample_03_g007_c02,516.258063,33.489597,C,sample_03,tissue,section
sample_03_g007_c03,512.86226,36.178841,C,sample_03,tissue,section
sample_03_g007_c04,508.891216,35.62825,C,sample_03,tissue,section
sample_03_g007_c05,505.86933,33.832448,C,sample_03,tissue,section
sample_03_g007_c06,503.378944,30.79599,C,sample_03,tissue,section
sample_03_g007_c07,504.482961,26.923609,C,sample_03,tissue,section
sample_03_g007_c08,507.561612,24.736183,C,sample_03,tissue,section
sample_03_g007_c09,511.241197,23.699616,C,sample_03,tissue,section
sample_03_g007_c10,514.285674,26.023739,C,sample_03,tissue,section
sample_03_g008_c01,595.44329,31.478723,E,sample_03,tissue,section
sample_03_g008_c02,593.786408,34.709035,E,sample_03,tissue,section
sample_03_g008_c03,590.28293,35.781142,E,sample_03,tissue,section
sample_03_g008_c04,586.21533,35.783984,E,sample_03,tissue,section
sample_03_g008_c05,584.013379,32.274322,E,sample_03,tissue,section
sample_03_g008_c06,584.481887,28.500951,E,sample_03,tissue,section
sample_03_g008_c07,585.843968,24.831276,E,sample_03,tissue,section
sample_03_g008_c08,589.694896,23.76576,E,sample_03,tissue,section
sample_03_g008_c09,593.663716,24.400865,E,sample_03,tissue,section
sample_03_g008_c10,595.262576,28.000743,E,sample_03,tissue,section
sample_03_g009_c01,35.736608,106.77596,E,sample_03,tissue,section
sample_03_g009_c02,36.86767,110.802331,E,sample_03,tissue,section
sample_03_g009_c03,35.196838,114.789379,E,sample_03,tissue,section
sample_03_g009_c04,31.222653,116.09856,E,sample_03,tissue,section
sample_03_g009_c05,27.185335,116.129802,E,sample_03,tissue,section
sample_03_g009_c06,24.07362,113.330694,E,sample_03,tissue,section
sample_03_g009_c07,23.916713,109.289306,E,sample_03,tissue,section
sample_03_g009_c08,24.734842,105.147658,E,sample_03,tissue,section
sample_03_g009_c09,28.785268,103.940948,E,sample_03,tissue,section
sample_03_g009_c10,32.996322,103.474584,E,sample_03,tissue,section
sample_03_g010_c01,110.412366,115.805372,F,sample_03,tissue,section
sample_03_g010_c02,106.234642,116.040602,F,sample_03,tissue,section
sample_03_g010_c03,103.655229,112.571572,F,sample_03,tissue,section
sample_03_g010_c04,103.133954,108.296119,F,sample_03,tissue,section
sample_03_g010_c05,105.32002,104.435055,F,sample_03,tissue,section
sample_03_g010_c06,109.496055,102.905362,F,sample_03,tissue,section
sample_03_g010_c07,113.521597,104.350454,F,sample_03,tissue,section
sample_03_g010_c08,115.339006,107.83607,F,sample_03,tissue,section
sample_03_g010_c09,117.186614,111.783433,F,sample_03,tissue,section
sample_03_g010_c10,114.242066,115.044224,F,sample_03,tissue,section
sample_03_g011_c01,195.526802,106.067436,E,sample_03,tissue,section
sample_03_g011_c02,195.939808,110.058727,E,sample_03,tissue,section
sample_03_g011_c03,195.696049,114.225089,E,sample_03,tissue,section
sample_03_g011_c04,191.75738,115.596326,E,sample_03,tissue,section
sample_03_g011_c05,187.784953,116.594643,E,sample_03,tissue,section
sample_03_g011_c06,184.728592,113.75084,E,sample_03,tissue,section
sample_03_g011_c07,182.94506,109.930248,E,sample_03,tissue,section
sample_03_g011_c08,185.355705,106.555058,E,sample_03,tissue,section
sample_03_g011_c09,188.151268,104.112766,E,sample_03,tissue,section
sample_03_g011_c10,192.014773,104.001613,E,sample_03,tissue,section
sample_03_g012_c01,276.629327,107.359132,A,sample_03,tissue,section
sample_03_g012_c02,276.197963,111.577488,A,sample_03,tissue,section
sample_03_g012_c03,274.00561,114.821283,A,sample_03,tissue,section
sample_03_g012_c04,270.360277,115.540577,A,sample_03,tissue,section
sample_03_g012_c05,266.046092,116.259404,A,sample_03,tissue,section
sample_03_g012_c06,263.924616,112.420198,A,sample_03,tissue,section
sample_03_g012_c07,263.281552,108.29004,A,sample_03,tissue,section
sample_03_g012_c08,265.90765,105.074315,A,sample_03,tissue,section
sample_03_g012_c09,269.573648,103.443275,A,sample_03,tissue,section
sample_03_g012_c10,273.12027,105.060323,A,sample_03,tissue,section
sample_03_g013_c01,345.643217,105.226878,D,sample_03,tissue,section
sample_03_g013_c02,349.186484,102.734775,D,sample_03,tissue,section
sample_03_g013_c03,353.086297,104.569558,D,sample_03,tissue,section
sample_03_g013_c04,355.927087,107.312723,D,sample_03,tissue,section
sample_03_g013_c05,356.981616,111.434514,D,sample_03,tissue,section
sample_03_g013_c06,354.298576,114.709354,D,sample_03,tissue,section
sample_03_g013_c07,350.627449,115.603525,D,sample_03,tissue,section
sample_03_g013_c08,346.788682,115.65042,D,sample_03,tissue,section
sample_03_g013_c09,343.797504,112.812144,D,sample_03,tissue,section
sample_03_g013_c10,342.837036,108.528224,D,sample_03,tissue,section
sample_03_g014_c01,436.137254,107.494079,F,sample_03,tissue,section
sample_03_g014_c02,436.495204,111.594073,F,sample_03,tissue,section
sample_03_g014_c03,433.901025,114.61447,F,sample_03,tissue,section
sample_03_g014_c04,430.427494,115.806332,F,sample_03,tissue,section
sample_03_g014_c05,427.043693,114.770049,F,sample_03,tissue,section
sample_03_g014_c06,424.095755,112.41078,F,sample_03,tissue,section
sample_03_g014_c07,423.673306,108.447283,F,sample_03,tissue,section
sample_03_g014_c08,426.352239,105.685113,F,sample_03,tissue,section
sample_03_g014_c09,429.512606,103.380087,F,sample_03,tissue,section
sample_03_g014_c10,433.630988,104.141343,F,sample_03,tissue,section
sample_03_g015_c01,514.766389,105.231848,A,sample_03,tissue,section
sample_03_g015_c02,515.865094,109.069949,A,sample_03,tissue,section
sample_03_g015_c03,515.031402,112.562456,A,sample_03,tissue,section
sample_03_g015_c04,512.989248,115.86405,A,sample_03,tissue,section
sample_03_g015_c05,509.104905,115.658177,A,sample_03,tissue,section
sample_03_g015_c06,504.828151,115.173762,A,sample_03,tissue,section
sample_03_g015_c07,502.687565,111.159562,A,sample_03,tissue,section
sample_03_g015_c08,504.657481,107.279095,A,sample_03,tissue,section
sample_03_g015_c09,507.045079,104.203291,A,sample_03,tissue,section
sample_03_g015_c10,510.913489,104.225546,A,sample_03,tissue,section
sample_03_g016_c01,586.864096,105.452406,F,sample_03,tissue,section
sample_03_g016_c02,590.144456,104.134723,F,sample_03,tissue,section
sample_03_g016_c03,593.835408,104.985463,F,sample_03,tissue,section
sample_03_g016_c04,595.958014,108.225068,F,sample_03,tissue,section
sample_03_g016_c05,596.849638,112.413597,F,sample_03,tissue,section
sample_03_g016_c06,593.863341,115.602502,F,sample_03,tissue,section
sample_03_g016_c07,589.833678,116.753085,F,sample_03,tissue,section
sample_03_g016_c08,585.612312,115.736605,F,sample_03,tissue,section
sample_03_g016_c09,583.341115,111.983726,F,sample_03,tissue,section
sample_03_g016_c10,583.682613,107.773952,F,sample_03,tissue,section
sample_03_g017_c01,22.799287,190.794986,F,sample_03,tissue,section
sample_03_g017_c02,24.781854,187.023641,F,sample_03,tissue,section
sample_03_g017_c03,27.380645,184.198815,F,sample_03,tissue,section
sample_03_g017_c04,31.196308,184.223168,F,sample_03,tissue,section
sample_03_g017_c05,34.502321,185.903181,F,sample_03,tissue,section
sample_03_g017_c06,37.40094,189.182908,F,sample_03,tissue,section
sample_03_g017_c07,34.995199,192.849193,F,sample_03,tissue,section
sample_03_g017_c08,32.989651,196.621295,F,sample_03,tissue,section
sample_03_g017_c09,28.534669,197.075911,F,sample_03,tissue,section
sample_03_g017_c10,25.579825,194.022072,F,sample_03,tissue,section
sample_03_g018_c01,115.52762,187.31547,F,sample_03,tissue,section
sample_03_g018_c02,115.426553,190.966238,F,sample_03,tissue,section
sample_03_g018_c03,114.730778,194.91534,F,sample_03,tissue,section
sample_03_g018_c04,110.936565,196.746107,F,sample_03,tissue,section
sample_03_g018_c05,106.936716,195.737954,F,sample_03,tissue,section
sample_03_g018_c06,104.133798,192.848965,F,sample_03,tissue,section
sample_03_g018_c07,103.627918,188.865404,F,sample_03,tissue,section
sample_03_g018_c08,104.871196,184.671105,F,sample_03,tissue,section
sample_03_g018_c09,109.09379,183.472537,F,sample_03,tissue,section
sample_03_g018_c10,113.106239,184.181584,F,sample_03,tissue,section
sample_03_g019_c01,191.825795,184.220131,D,sample_03,tissue,section
sample_03_g019_c02,194.518331,186.660361,D,sample_03,tissue,section
sample_03_g019_c03,197.495717,189.938608,D,sample_03,tissue,section
sample_03_g019_c04,195.986605,194.275052,D,sample_03,tissue,section
sample_03_g019_c05,191.988416,195.953362,D,sample_03,tissue,section
sample_03_g019_c06,188.229456,195.604962,D,sample_03,tissue,section
sample_03_g019_c07,184.932567,193.745498,D,sample_03,tissue,section
sample_03_g019_c08,182.852394,190.058541,D,sample_03,tissue,section
sample_03_g019_c09,184.057482,185.756431,D,sample_03,tissue,section
sample_03_g019_c10,188.186193,184.569423,D,sample_03,tissue,section
sample_03_g020_c01,276.668656,188.741429,A,sample_03,tissue,section
sample_03_g020_c02,275.449419,192.577362,A,sample_03,tissue,section
sample_03_g020_c03,272.696343,194.927485,A,sample_03,tissue,section
sample_03_g020_c04,269.275373,195.64697,A,sample_03,tissue,section
sample_03_g020_c05,265.331445,194.952017,A,sample_03,tissue,section
sample_03_g020_c06,263.877466,191.155502,A,sample_03,tissue,section
sample_03_g020_c07,263.367514,186.863094,A,sample_03,tissue,section
sample_03_g020_c08,266.66977,183.914105,A,sample_03,tissue,section
sample_03_g020_c09,270.797937,183.781733,A,sample_03,tissue,section
sample_03_g020_c10,274.925042,184.775922,A,sample_03,tissue,section
sample_03_g021_c01,347.124801,184.348908,B,sample_03,tissue,section
sample_03_g021_c02,351.125109,182.923227,B,sample_03,tissue,section
sample_03_g021_c03,353.970944,186.033714,B,sample_03,tissue,section
sample_03_g021_c04,357.115605,188.877279,B,sample_03,tissue,section
sample_03_g021_c05,356.247987,193.188129,B,sample_03,tissue,section
sample_03_g021_c06,352.659388,195.226924,B,sample_03,tissue,section
sample_03_g021_c07,348.89142,196.972812,B,sample_03,tissue,section
sample_03_g021_c08,345.397209,194.597391,B,sample_03,tissue,section
sample_03_g021_c09,344.128103,190.926485,B,sample_03,tissue,section
sample_03_g021_c10,343.948655,186.912211,B,sample_03,tissue,section
sample_03_g022_c01,425.38259,186.007729,E,sample_03,tissue,section
sample_03_g022_c02,428.598243,184.001399,E,sample_03,tissue,section
sample_03_g022_c03,432.477146,184.12064,E,sample_03,tissue,section
sample_03_g022_c04,435.507359,186.670811,E,sample_03,tissue,section
sample_03_g022_c05,435.881765,190.498776,E,sample_03,tissue,section
sample_03_g022_c06,435.328101,194.606743,E,sample_03,tissue,section
sample_03_g022_c07,431.29661,195.548643,E,sample_03,tissue,section
sample_03_g022_c08,427.49721,195.940225,E,sample_03,tissue,section
sample_03_g022_c09,423.840432,193.723448,E,sample_03,tissue,section
sample_03_g022_c10,424.243953,189.511885,E,sample_03,tissue,section
sample_03_g023_c01,509.804466,195.711617,A,sample_03,tissue,section
sample_03_g023_c02,505.758538,195.436502,A,sample_03,tissue,section
sample_03_g023_c03,504.449724,191.595635,A,sample_03,tissue,section
sample_03_g023_c04,503.385492,187.59765,A,sample_03,tissue,section
sample_03_g023_c05,506.225797,184.41278,A,sample_03,tissue,section
sample_03_g023_c06,510.228656,183.320882,A,sample_03,tissue,section
sample_03_g023_c07,514.248328,184.554697,A,sample_03,tissue,section
sample_03_g023_c08,517.077546,187.965295,A,sample_03,tissue,section
sample_03_g023_c09,515.705235,192.072108,A,sample_03,tissue,section
sample_03_g023_c10,514.094767,196.061774,A,sample_03,tissue,section
sample_03_g024_c01,592.761856,184.906965,A,sample_03,tissue,section
sample_03_g024_c02,595.742014,187.257524,A,sample_03,tissue,section
sample_03_g024_c03,596.230754,191.151442,A,sample_03,tissue,section
sample_03_g024_c04,595.114913,195.384369,A,sample_03,tissue,section
sample_03_g024_c05,590.946495,197.160498,A,sample_03,tissue,section
sample_03_g024_c06,586.87152,195.769114,A,sample_03,tissue,section
sample_03_g024_c07,584.960835,192.406784,A,sample_03,tissue,section
sample_03_g024_c08,583.56305,188.810453,A,sample_03,tissue,section
sample_03_g024_c09,585.802885,185.581779,A,sample_03,tissue,section
sample_03_g024_c10,589.263702,184.429702,A,sample_03,tissue,section
sample_03_g025_c01,32.050467,263.107905,C,sample_03,tissue,section
sample_03_g025_c02,34.75094,266.363461,C,sample_03,tissue,section
sample_03_g025_c03,37.398843,269.815075,C,sample_03,tissue,section
sample_03_g025_c04,35.575656,273.841831,C,sample_03,tissue,section
sample_03_g025_c05,32.045571,275.79846,C,sample_03,tissue,section
sample_03_g025_c06,28.081115,276.44982,C,sample_03,tissue,section
sample_03_g025_c07,25.630085,273.344889,C,sample_03,tissue,section
sample_03_g025_c08,23.842576,270.153897,C,sample_03,tissue,section
sample_03_g025_c09,24.414193,266.151175,C,sample_03,tissue,section
sample_03_g025_c10,27.84323,263.886329,C,sample_03,tissue,section
sample_03_g026_c01,105.273012,266.304521,D,sample_03,tissue,section
sample_03_g026_c02,108.181659,263.651292,D,sample_03,tissue,section
sample_03_g026_c03,112.405427,263.397487,D,sample_03,tissue,section
sample_03_g026_c04,114.805176,266.761026,D,sample_03,tissue,section
sample_03_g026_c05,116.741123,270.237489,D,sample_03,tissue,section
sample_03_g026_c06,115.287249,274.133481,D,sample_03,tissue,section
sample_03_g026_c07,111.65779,275.788144,D,sample_03,tissue,section
sample_03_g026_c08,107.602949,276.579522,D,sample_03,tissue,section
sample_03_g026_c09,104.518772,273.694673,D,sample_03,tissue,section
sample_03_g026_c10,103.70225,269.778131,D,sample_03,tissue,section
sample_03_g027_c01,196.431728,267.653435,D,sample_03,tissue,section
sample_03_g027_c02,196.020605,271.721367,D,sample_03,tissue,section
sample_03_g027_c03,193.602139,274.603221,D,sample_03,tissue,section
sample_03_g027_c04,190.242357,276.790365,D,sample_03,tissue,section
sample_03_g027_c05,186.789018,274.768389,D,sample_03,tissue,section
sample_03_g027_c06,183.38563,272.4132,D,sample_03,tissue,section
sample_03_g027_c07,183.881778,268.250723,D,sample_03,tissue,section
sample_03_g027_c08,186.562024,265.606565,D,sample_03,tissue,section
sample_03_g027_c09,189.77906,263.809703,D,sample_03,tissue,section
sample_03_g027_c10,193.487029,264.821675,D,sample_03,tissue,section
sample_03_g028_c01,266.064602,274.778988,B,sample_03,tissue,section
sample_03_g028_c02,263.921704,271.575265,B,sample_03,tissue,section
sample_03_g028_c03,263.505967,267.445761,B,sample_03,tissue,section
sample_03_g028_c04,266.282574,264.171378,B,sample_03,tissue,section
sample_03_g028_c05,270.349135,264.243465,B,sample_03,tissue,section
sample_03_g028_c06,274.293429,264.786234,B,sample_03,tissue,section
sample_03_g028_c07,275.956091,268.456406,B,sample_03,tissue,section
sample_03_g028_c08,275.729382,272.253486,B,sample_03,tissue,section
sample_03_g028_c09,273.20315,275.022279,B,sample_03,tissue,section
sample_03_g028_c10,269.556594,277.310867,B,sample_03,tissue,section
sample_03_g029_c01,352.424149,275.768209,D,sample_03,tissue,section
sample_03_g029_c02,348.585005,276.03053,D,sample_03,tissue,section
sample_03_g029_c03,344.82754,274.463972,D,sample_03,tissue,section
sample_03_g029_c04,343.716139,270.527127,D,sample_03,tissue,section
sample_03_g029_c05,344.600435,266.729273,D,sample_03,tissue,section
sample_03_g029_c06,347.784045,264.727183,D,sample_03,tissue,section
sample_03_g029_c07,351.567466,263.319658,D,sample_03,tissue,section
sample_03_g029_c08,355.482869,265.268137,D,sample_03,tissue,section
sample_03_g029_c09,356.826801,269.427328,D,sample_03,tissue,section
sample_03_g029_c10,356.380226,273.864751,D,sample_03,tissue,section
sample_03_g030_c01,434.787762,272.980569,E,sample_03,tissue,section
sample_03_g030_c02,432.79309,276.879888,E,sample_03,tissue,section
sample_03_g030_c03,428.501924,276.051686,E,sample_03,tissue,section
sample_03_g030_c04,425.066372,274.153929,E,sample_03,tissue,section
sample_03_g030_c05,422.639295,270.52712,E,sample_03,tissue,section
sample_03_g030_c06,425.126744,266.966207,E,sample_03,tissue,section
sample_03_g030_c07,427.330575,263.42472,E,sample_03,tissue,section
sample_03_g030_c08,431.402872,264.332906,E,sample_03,tissue,section
sample_03_g030_c09,435.045373,265.751986,E,sample_03,tissue,section
sample_03_g030_c10,436.901168,269.505788,E,sample_03,tissue,section
sample_03_g031_c01,516.241576,268.918166,E,sample_03,tissue,section
sample_03_g031_c02,515.072561,272.492358,E,sample_03,tissue,section
sample_03_g031_c03,513.175772,276.014933,E,sample_03,tissue,section
sample_03_g031_c04,508.942493,277.368844,E,sample_03,tissue,section
sample_03_g031_c05,505.214632,274.926612,E,sample_03,tissue,section
sample_03_g031_c06,504.023077,271.035962,E,sample_03,tissue,section
sample_03_g031_c07,504.048487,267.075776,E,sample_03,tissue,section
sample_03_g031_c08,507.159389,264.619863,E,sample_03,tissue,section
sample_03_g031_c09,510.88173,263.855995,E,sample_03,tissue,section
sample_03_g031_c10,514.980682,264.872308,E,sample_03,tissue,section
sample_03_g032_c01,583.732979,267.630704,C,sample_03,tissue,section
sample_03_g032_c02,586.523041,264.704924,C,sample_03,tissue,section
sample_03_g032_c03,590.333912,262.944245,C,sample_03,tissue,section
sample_03_g032_c04,593.771978,265.2934,C,sample_03,tissue,section
sample_03_g032_c05,596.86601,268.122895,C,sample_03,tissue,section
sample_03_g032_c06,595.731828,272.166962,C,sample_03,tissue,section
sample_03_g032_c07,593.803512,275.792385,C,sample_03,tissue,section
sample_03_g032_c08,589.673119,276.907176,C,sample_03,tissue,section
sample_03_g032_c09,586.486558,274.384004,C,sample_03,tissue,section
sample_03_g032_c10,583.069084,271.89485,C,sample_03,tissue,section
sample_03_g033_c01,23.397084,351.117798,B,sample_03,tissue,section
sample_03_g033_c02,23.977365,347.011441,B,sample_03,tissue,section
sample_03_g033_c03,26.86619,344.007721,B,sample_03,tissue,section
sample_03_g033_c04,30.877105,344.054211,B,sample_03,tissue,section
sample_03_g033_c05,33.942667,345.972697,B,sample_03,tissue,section
sample_03_g033_c06,36.968776,348.820266,B,sample_03,tissue,section
sample_03_g033_c07,34.972386,352.467403,B,sample_03,tissue,section
sample_03_g033_c08,32.789091,355.33313,B,sample_03,tissue,section
sample_03_g033_c09,29.042796,356.488771,B,sample_03,tissue,section
sample_03_g033_c10,24.78668,355.325233,B,sample_03,tissue,section
sample_03_g034_c01,111.437195,356.372386,C,sample_03,tissue,section
sample_03_g034_c02,107.227763,356.440016,C,sample_03,tissue,section
sample_03_g034_c03,105.02293,352.95629,C,sample_03,tissue,section
sample_03_g034_c04,104.257177,349.46822,C,sample_03,tissue,section
sample_03_g034_c05,104.368934,345.05465,C,sample_03,tissue,section
sample_03_g034_c06,108.594793,343.769448,C,sample_03,tissue,section
sample_03_g034_c07,112.538645,344.102627,C,sample_03,tissue,section
sample_03_g034_c08,115.470311,346.750734,C,sample_03,tissue,section
sample_03_g034_c09,116.641061,350.614956,C,sample_03,tissue,section
sample_03_g034_c10,114.697409,354.125387,C,sample_03,tissue,section
sample_03_g035_c01,197.412435,349.774062,D,sample_03,tissue,section
sample_03_g035_c02,196.019775,354.099351,D,sample_03,tissue,section
sample_03_g035_c03,192.244486,356.252823,D,sample_03,tissue,section
sample_03_g035_c04,188.100733,356.514349,D,sample_03,tissue,section
sample_03_g035_c05,185.294624,353.642751,D,sample_03,tissue,section
sample_03_g035_c06,183.111513,350.209968,D,sample_03,tissue,section
sample_03_g035_c07,185.446746,346.899322,D,sample_03,tissue,section
sample_03_g035_c08,187.834167,343.966295,D,sample_03,tissue,section
sample_03_g035_c09,191.619672,344.444641,D,sample_03,tissue,section
sample_03_g035_c10,195.108688,346.045018,D,sample_03,tissue,section
sample_03_g036_c01,265.686188,355.476464,B,sample_03,tissue,section
sample_03_g036_c02,264.498166,351.554009,B,sample_03,tissue,section
sample_03_g036_c03,264.073948,347.816406,B,sample_03,tissue,section
sample_03_g036_c04,266.620376,344.94633,B,sample_03,tissue,section
sample_03_g036_c05,270.237872,343.884575,B,sample_03,tissue,section
sample_03_g036_c06,273.754653,345.233399,B,sample_03,tissue,section
sample_03_g036_c07,275.691396,348.392449,B,sample_03,tissue,section
sample_03_g036_c08,276.390615,352.354773,B,sample_03,tissue,section
sample_03_g036_c09,273.537062,355.289092,B,sample_03,tissue,section
sample_03_g036_c10,269.757819,356.226212,B,sample_03,tissue,section
sample_03_g037_c01,345.210238,355.203582,B,sample_03,tissue,section
sample_03_g037_c02,344.143811,351.177756,B,sample_03,tissue,section
sample_03_g037_c03,343.528288,347.033089,B,sample_03,tissue,section
sample_03_g037_c04,346.518557,343.814177,B,sample_03,tissue,section
sample_03_g037_c05,350.723221,343.776743,B,sample_03,tissue,section
sample_03_g037_c06,354.371612,345.250695,B,sample_03,tissue,section
sample_03_g037_c07,357.30089,348.531696,B,sample_03,tissue,section
sample_03_g037_c08,355.387585,352.469901,B,sample_03,tissue,section
sample_03_g037_c09,353.299264,355.862127,B,sample_03,tissue,section
sample_03_g037_c10,349.217785,356.730898,B,sample_03,tissue,section
sample_03_g038_c01,435.731398,350.658893,D,sample_03,tissue,section
sample_03_g038_c02,435.172999,354.74983,D,sample_03,tissue,section
sample_03_g038_c03,431.463566,357.231145,D,sample_03,tissue,section
sample_03_g038_c04,427.122498,356.297189,D,sample_03,tissue,section
sample_03_g038_c05,424.585765,353.05599,D,sample_03,tissue,section
sample_03_g038_c06,422.89715,349.183442,D,sample_03,tissue,section
sample_03_g038_c07,425.895872,346.231603,D,sample_03,tissue,section
sample_03_g038_c08,428.691259,343.533807,D,sample_03,tissue,section
sample_03_g038_c09,432.678519,344.13827,D,sample_03,tissue,section
sample_03_g038_c10,436.268883,346.461615,D,sample_03,tissue,section
sample_03_g039_c01,515.673002,348.87854,D,sample_03,tissue,section
sample_03_g039_c02,516.538909,353.023857,D,sample_03,tissue,section
sample_03_g039_c03,513.626214,356.493064,D,sample_03,tissue,section
sample_03_g039_c04,509.21497,356.566167,D,sample_03,tissue,section
sample_03_g039_c05,506.21741,354.08229,D,sample_03,tissue,section
sample_03_g039_c06,504.470816,351.093029,D,sample_03,tissue,section
sample_03_g039_c07,504.924249,347.652767,D,sample_03,tissue,section
sample_03_g039_c08,507.045512,344.709721,D,sample_03,tissue,section
sample_03_g039_c09,510.828668,343.068829,D,sample_03,tissue,section
sample_03_g039_c10,513.983989,345.700354,D,sample_03,tissue,section
sample_03_g040_c01,583.574605,353.227599,D,sample_03,tissue,section
sample_03_g040_c02,584.267293,349.05828,D,sample_03,tissue,section
sample_03_g040_c03,585.262176,345.207494,D,sample_03,tissue,section
sample_03_g040_c04,589.137511,344.344637,D,sample_03,tissue,section
sample_03_g040_c05,592.607096,344.955055,D,sample_03,tissue,section
sample_03_g040_c06,596.008679,346.981725,D,sample_03,tissue,section
sample_03_g040_c07,597.388975,351.213798,D,sample_03,tissue,section
sample_03_g040_c08,595.161374,355.220944,D,sample_03,tissue,section
sample_03_g040_c09,590.930313,356.10009,D,sample_03,tissue,section
sample_03_g040_c10,587.381165,355.06766,D,sample_03,tissue,section
sample_03_g041_c01,31.374357,436.110073,F,sample_03,tissue,section
sample_03_g041_c02,27.097871,436.73114,F,sample_03,tissue,section
sample_03_g041_c03,24.683119,433.154012,F,sample_03,tissue,section
sample_03_g041_c04,24.357337,429.474234,F,sample_03,tissue,section
sample_03_g041_c05,24.42842,425.101236,F,sample_03,tissue,section
sample_03_g041_c06,28.581266,423.692636,F,sample_03,tissue,section
sample_03_g041_c07,32.213915,424.865089,F,sample_03,tissue,section
sample_03_g041_c08,35.585731,426.686504,F,sample_03,tissue,section
sample_03_g041_c09,36.307265,430.587692,F,sample_03,tissue,section
sample_03_g041_c10,34.830363,434.247055,F,sample_03,tissue,section
sample_03_g042_c01,111.775141,424.293778,E,sample_03,tissue,section
sample_03_g042_c02,114.730911,426.47116,E,sample_03,tissue,section
sample_03_g042_c03,116.545933,429.917775,E,sample_03,tissue,section
sample_03_g042_c04,115.418189,433.8335,E,sample_03,tissue,section
sample_03_g042_c05,112.386172,437.041681,E,sample_03,tissue,section
sample_03_g042_c06,108.218796,435.72571,E,sample_03,tissue,section
sample_03_g042_c07,105.166835,433.605112,E,sample_03,tissue,section
sample_03_g042_c08,103.152898,430.086008,E,sample_03,tissue,section
sample_03_g042_c09,104.769946,426.29961,E,sample_03,tissue,section
sample_03_g042_c10,108.154525,424.553937,E,sample_03,tissue,section
sample_03_g043_c01,183.758573,432.189974,E,sample_03,tissue,section
sample_03_g043_c02,183.975278,428.196485,E,sample_03,tissue,section
sample_03_g043_c03,186.337087,425.197793,E,sample_03,tissue,section
sample_03_g043_c04,189.8426,423.244893,E,sample_03,tissue,section
sample_03_g043_c05,193.265504,425.277887,E,sample_03,tissue,section
sample_03_g043_c06,196.333066,427.777872,E,sample_03,tissue,section
sample_03_g043_c07,196.185702,431.851705,E,sample_03,tissue,section
sample_03_g043_c08,194.416188,435.789776,E,sample_03,tissue,section
sample_03_g043_c09,190.13847,435.942682,E,sample_03,tissue,section
sample_03_g043_c10,186.315285,435.328317,E,sample_03,tissue,section
sample_03_g044_c01,275.107695,433.723758,A,sample_03,tissue,section
sample_03_g044_c02,272.003646,436.201136,A,sample_03,tissue,section
sample_03_g044_c03,268.121474,435.749441,A,sample_03,tissue,section
sample_03_g044_c04,265.060735,433.576238,A,sample_03,tissue,section
sample_03_g044_c05,263.645911,429.98959,A,sample_03,tissue,section
sample_03_g044_c06,264.557806,426.032376,A,sample_03,tissue,section
sample_03_g044_c07,268.111365,424.154814,A,sample_03,tissue,section
sample_03_g044_c08,272.324303,422.886207,A,sample_03,tissue,section
sample_03_g044_c09,274.472807,426.761497,A,sample_03,tissue,section
sample_03_g044_c10,275.680781,430.009306,A,sample_03,tissue,section
sample_03_g045_c01,345.852181,424.164426,D,sample_03,tissue,section
sample_03_g045_c02,350.057272,424.489562,D,sample_03,tissue,section
sample_03_g045_c03,354.366661,424.119316,D,sample_03,tissue,section
sample_03_g045_c04,356.909238,427.834177,D,sample_03,tissue,section
sample_03_g045_c05,356.387514,432.149075,D,sample_03,tissue,section
sample_03_g045_c06,353.694221,435.197406,D,sample_03,tissue,section
sample_03_g045_c07,349.925428,437.174935,D,sample_03,tissue,section
sample_03_g045_c08,346.353387,434.910978,D,sample_03,tissue,section
sample_03_g045_c09,343.255973,432.114035,D,sample_03,tissue,section
sample_03_g045_c10,344.703173,428.217886,D,sample_03,tissue,section
sample_03_g046_c01,424.109728,425.769042,E,sample_03,tissue,section
sample_03_g046_c02,428.257422,424.73416,E,sample_03,tissue,section
sample_03_g046_c03,431.841894,424.22494,E,sample_03,tissue,section
sample_03_g046_c04,435.226797,426.159065,E,sample_03,tissue,section
sample_03_g046_c05,436.660485,429.963908,E,sample_03,tissue,section
sample_03_g046_c06,435.281594,433.793747,E,sample_03,tissue,section
sample_03_g046_c07,432.213007,436.687416,E,sample_03,tissue,section
sample_03_g046_c08,427.954859,436.412319,E,sample_03,tissue,section
sample_03_g046_c09,424.496253,434.044453,E,sample_03,tissue,section
sample_03_g046_c10,424.497669,430.029816,E,sample_03,tissue,section
sample_03_g047_c01,503.970273,430.89265,C,sample_03,tissue,section
sample_03_g047_c02,504.958085,427.366502,C,sample_03,tissue,section
sample_03_g047_c03,507.373487,424.713787,C,sample_03,tissue,section
sample_03_g047_c04,510.946142,424.393582,C,sample_03,tissue,section
sample_03_g047_c05,514.00018,426.079863,C,sample_03,tissue,section
sample_03_g047_c06,515.967074,429.116626,C,sample_03,tissue,section
sample_03_g047_c07,515.351554,432.795229,C,sample_03,tissue,section
sample_03_g047_c08,512.961905,435.961235,C,sample_03,tissue,section
sample_03_g047_c09,509.066505,435.531477,C,sample_03,tissue,section
sample_03_g047_c10,504.893909,435.003919,C,sample_03,tissue,section
sample_03_g048_c01,593.902833,425.984979,A,sample_03,tissue,section
sample_03_g048_c02,595.881387,428.982864,A,sample_03,tissue,section
sample_03_g048_c03,596.705798,433.29795,A,sample_03,tissue,section
sample_03_g048_c04,592.577809,434.886816,A,sample_03,tissue,section
sample_03_g048_c05,589.120447,436.112573,A,sample_03,tissue,section
sample_03_g048_c06,585.284352,434.851201,A,sample_03,tissue,section
sample_03_g048_c07,583.497552,431.124544,A,sample_03,tissue,section
sample_03_g048_c08,583.586214,426.845662,A,sample_03,tissue,section
sample_03_g048_c09,586.9545,424.22657,A,sample_03,tissue,section
sample_03_g048_c10,590.858519,424.033605,A,sample_03,tissue,section
sample_03_g049_c01,34.290647,514.621665,C,sample_03,tissue,section
sample_03_g049_c02,30.802166,516.655118,C,sample_03,tissue,section
sample_03_g049_c03,26.590311,516.119194,C,sample_03,tissue,section
sample_03_g049_c04,24.220396,512.679483,C,sample_03,tissue,section
sample_03_g049_c05,23.940415,508.808182,C,sample_03,tissue,section
sample_03_g049_c06,25.53096,505.18618,C,sample_03,tissue,section
sample_03_g049_c07,29.307643,504.255909,C,sample_03,tissue,section
sample_03_g049_c08,33.108919,504.420583,C,sample_03,tissue,section
sample_03_g049_c09,36.5512,506.962797,C,sample_03,tissue,section
sample_03_g049_c10,36.518736,511.282125,C,sample_03,tissue,section
sample_03_g050_c01,115.546916,508.713161,F,sample_03,tissue,section
sample_03_g050_c02,115.067405,512.144611,F,sample_03,tissue,section
sample_03_g050_c03,113.857101,516.403814,F,sample_03,tissue,section
sample_03_g050_c04,109.460668,516.241257,F,sample_03,tissue,section
sample_03_g050_c05,105.755769,514.89296,F,sample_03,tissue,section
sample_03_g050_c06,102.705124,511.692352,F,sample_03,tissue,section
sample_03_g050_c07,104.4811,507.664309,F,sample_03,tissue,section
sample_03_g050_c08,107.079814,505.151714,F,sample_03,tissue,section
sample_03_g050_c09,110.559192,503.528929,F,sample_03,tissue,section
sample_03_g050_c10,114.471412,504.845136,F,sample_03,tissue,section
sample_03_g051_c01,195.924397,511.16062,C,sample_03,tissue,section
sample_03_g051_c02,194.923184,515.295041,C,sample_03,tissue,section
sample_03_g051_c03,190.894406,517.373885,C,sample_03,tissue,section
sample_03_g051_c04,186.659501,516.005598,C,sample_03,tissue,section
sample_03_g051_c05,184.60147,512.507728,C,sample_03,tissue,section
sample_03_g051_c06,184.080682,508.840375,C,sample_03,tissue,section
sample_03_g051_c07,186.007886,505.706354,C,sample_03,tissue,section
sample_03_g051_c08,189.183006,503.264339,C,sample_03,tissue,section
sample_03_g051_c09,193.633765,503.467164,C,sample_03,tissue,section
sample_03_g051_c10,195.841165,507.286659,C,sample_03,tissue,section
sample_03_g052_c01,275.528363,509.955192,C,sample_03,tissue,section
sample_03_g052_c02,275.358426,513.827157,C,sample_03,tissue,section
sample_03_g052_c03,271.752703,515.249123,C,sample_03,tissue,section
sample_03_g052_c04,268.115806,515.962969,C,sample_03,tissue,section
sample_03_g052_c05,264.974455,513.713874,C,sample_03,tissue,section
sample_03_g052_c06,262.686862,510.059273,C,sample_03,tissue,section
sample_03_g052_c07,265.480899,506.772315,C,sample_03,tissue,section
sample_03_g052_c08,268.064714,504.204066,C,sample_03,tissue,section
sample_03_g052_c09,271.756602,504.440826,C,sample_03,tissue,section
sample_03_g052_c10,275.846531,505.679418,C,sample_03,tissue,section
sample_03_g053_c01,349.666276,516.094001,B,sample_03,tissue,section
sample_03_g053_c02,345.719825,515.260272,B,sample_03,tissue,section
sample_03_g053_c03,343.128438,511.823946,B,sample_03,tissue,section
sample_03_g053_c04,343.10081,507.333045,B,sample_03,tissue,section
sample_03_g053_c05,346.381536,504.399306,B,sample_03,tissue,section
sample_03_g053_c06,350.322207,504.116296,B,sample_03,tissue,section
sample_03_g053_c07,354.399622,504.592929,B,sample_03,tissue,section
sample_03_g053_c08,356.851006,508.18151,B,sample_03,tissue,section
sample_03_g053_c09,355.232727,512.022766,B,sample_03,tissue,section
sample_03_g053_c10,353.42441,515.300336,B,sample_03,tissue,section
sample_03_g054_c01,426.352943,504.791961,F,sample_03,tissue,section
sample_03_g054_c02,430.104758,503.982907,F,sample_03,tissue,section
sample_03_g054_c03,433.337806,505.570168,F,sample_03,tissue,section
sample_03_g054_c04,436.030027,508.15614,F,sample_03,tissue,section
sample_03_g054_c05,436.134007,512.1118,F,sample_03,tissue,section
sample_03_g054_c06,433.541746,515.057654,F,sample_03,tissue,section
sample_03_g054_c07,429.88371,516.679462,F,sample_03,tissue,section
sample_03_g054_c08,426.165657,515.088821,F,sample_03,tissue,section
sample_03_g054_c09,423.149455,512.094758,F,sample_03,tissue,section
sample_03_g054_c10,423.740914,507.845138,F,sample_03,tissue,section
sample_03_g055_c01,507.546776,515.23004,B,sample_03,tissue,section
sample_03_g055_c02,504.42139,513.0758,B,sample_03,tissue,section
sample_03_g055_c03,503.641527,509.204675,B,sample_03,tissue,section
sample_03_g055_c04,505.222762,505.52491,B,sample_03,tissue,section
sample_03_g055_c05,508.597126,502.694662,B,sample_03,tissue,section
sample_03_g055_c06,512.686616,504.272392,B,sample_03,tissue,section
sample_03_g055_c07,515.302996,507.076161,B,sample_03,tissue,section
sample_03_g055_c08,516.331104,510.791901,B,sample_03,tissue,section
sample_03_g055_c09,515.417749,515.07509,B,sample_03,tissue,section
sample_03_g055_c10,511.251624,516.517716,B,sample_03,tissue,section
sample_03_g056_c01,592.773097,504.950458,B,sample_03,tissue,section
sample_03_g056_c02,595.07933,507.6071,B,sample_03,tissue,section
sample_03_g056_c03,597.338303,511.396487,B,sample_03,tissue,section
sample_03_g056_c04,594.804284,515.111503,B,sample_03,tissue,section
sample_03_g056_c05,590.859131,516.776573,B,sample_03,tissue,section
sample_03_g056_c06,586.830763,515.770875,B,sample_03,tissue,section
sample_03_g056_c07,584.473605,512.603515,B,sample_03,tissue,section
sample_03_g056_c08,584.418806,508.937893,B,sample_03,tissue,section
sample_03_g056_c09,585.214028,504.90798,B,sample_03,tissue,section
sample_03_g056_c10,589.260872,504.169975,B,sample_03,tissue,section
sample_03_g057_c01,32.087331,584.607819,A,sample_03,tissue,section
sample_03_g057_c02,34.852973,586.867865,A,sample_03,tissue,section
sample_03_g057_c03,37.119833,590.393272,A,sample_03,tissue,section
sample_03_g057_c04,34.420344,593.600213,A,sample_03,tissue,section
sample_03_g057_c05,31.873648,597.072269,A,sample_03,tissue,section
sample_03_g057_c06,27.690282,595.966671,A,sample_03,tissue,section
sample_03_g057_c07,25.320219,593.020356,A,sample_03,tissue,section
sample_03_g057_c08,24.114285,589.674896,A,sample_03,tissue,section
sample_03_g057_c09,25.705243,586.502074,A,sample_03,tissue,section
sample_03_g057_c10,28.132436,582.950695,A,sample_03,tissue,section
sample_03_g058_c01,102.827152,588.942711,C,sample_03,tissue,section
sample_03_g058_c02,105.577594,585.671511,C,sample_03,tissue,section
sample_03_g058_c03,108.825667,583.067886,C,sample_03,tissue,section
sample_03_g058_c04,113.095672,583.759736,C,sample_03,tissue,section
sample_03_g058_c05,114.957158,587.406819,C,sample_03,tissue,section
sample_03_g058_c06,115.803088,590.855384,C,sample_03,tissue,section
sample_03_g058_c07,114.877642,594.774056,C,sample_03,tissue,section
sample_03_g058_c08,111.089122,596.429108,C,sample_03,tissue,section
sample_03_g058_c09,107.416234,595.208363,C,sample_03,tissue,section
sample_03_g058_c10,103.448978,593.42696,C,sample_03,tissue,section
sample_03_g059_c01,192.652513,596.862032,C,sample_03,tissue,section
sample_03_g059_c02,188.242841,596.619681,C,sample_03,tissue,section
sample_03_g059_c03,184.54063,594.442087,C,sample_03,tissue,section
sample_03_g059_c04,184.43017,590.304964,C,sample_03,tissue,section
sample_03_g059_c05,184.882029,586.693339,C,sample_03,tissue,section
sample_03_g059_c06,187.558473,583.683787,C,sample_03,tissue,section
sample_03_g059_c07,191.663111,583.73462,C,sample_03,tissue,section
sample_03_g059_c08,195.563495,585.47319,C,sample_03,tissue,section
sample_03_g059_c09,196.195499,589.660779,C,sample_03,tissue,section
sample_03_g059_c10,194.936126,593.189173,C,sample_03,tissue,section
sample_03_g060_c01,272.459612,595.694869,E,sample_03,tissue,section
sample_03_g060_c02,268.511287,596.638075,E,sample_03,tissue,section
sample_03_g060_c03,265.217739,594.210126,E,sample_03,tissue,section
sample_03_g060_c04,263.499337,590.609858,E,sample_03,tissue,section
sample_03_g060_c05,264.872638,586.962792,E,sample_03,tissue,section
sample_03_g060_c06,267.182103,583.475575,E,sample_03,tissue,section
sample_03_g060_c07,271.629474,582.734281,E,sample_03,tissue,section
sample_03_g060_c08,275.50937,585.149754,E,sample_03,tissue,section
sample_03_g060_c09,275.757448,589.459867,E,sample_03,tissue,section
sample_03_g060_c10,276.3518,593.762507,E,sample_03,tissue,section
