Cell_ID,X_centroid,Y_centroid,Cell_Type,Sample,Stratum,Component
sample_01_g001_c01,36.058833,29.911243,D,sample_01,tissue,section
sample_01_g001_c02,35.862213,34.129322,A,sample_01,tissue,section
sample_01_g001_c03,32.120863,36.216025,F,sample_01,tissue,section
sample_01_g001_c04,28.254144,35.653665,B,sample_01,tissue,section
sample_01_g001_c05,24.352859,34.230641,C,sample_01,tissue,section
sample_01_g001_c06,23.107312,30.100972,C,sample_01,tissue,section
sample_01_g001_c07,25.104967,26.551957,D,sample_01,tissue,section
sample_01_g001_c08,27.80089,23.554642,C,sample_01,tissue,section
sample_01_g001_c09,31.807778,24.145812,B,sample_01,tissue,section
sample_01_g001_c10,35.937597,25.551759,E,sample_01,tissue,section
sample_01_g002_c01,107.371773,36.909799,C,sample_01,tissue,section
sample_01_g002_c02,103.98017,33.935527,B,sample_01,tissue,section
sample_01_g002_c03,104.393365,29.723345,B,sample_01,tissue,section
sample_01_g002_c04,105.710872,26.548379,A,sample_01,tissue,section
sample_01_g002_c05,108.273129,23.633111,A,sample_01,tissue,section
sample_01_g002_c06,112.033835,24.6529,B,sample_01,tissue,section
sample_01_g002_c07,116.180866,25.959194,C,sample_01,tissue,section
sample_01_g002_c08,116.436788,30.317619,A,sample_01,tissue,section
sample_01_g002_c09,115.306451,34.270299,C,sample_01,tissue,section
sample_01_g002_c10,111.495808,35.514971,A,sample_01,tissue,section
sample_01_g003_c01,188.087327,37.15775,F,sample_01,tissue,section
sample_01_g003_c02,185.666245,33.514311,F,sample_01,tissue,section
sample_01_g003_c03,184.458628,30.294208,D,sample_01,tissue,section
sample_01_g003_c04,183.750375,25.947514,B,sample_01,tissue,section
sample_01_g003_c05,187.828783,24.355318,F,sample_01,tissue,section
sample_01_g003_c06,191.7894,23.303569,E,sample_01,tissue,section
sample_01_g003_c07,195.067721,25.890504,A,sample_01,tissue,section
sample_01_g003_c08,196.150541,29.67345,A,sample_01,tissue,section
sample_01_g003_c09,195.663817,33.672626,D,sample_01,tissue,section
sample_01_g003_c10,192.309531,36.004268,E,sample_01,tissue,section
sample_01_g004_c01,272.50057,24.328981,F,sample_01,tissue,section
sample_01_g004_c02,275.781208,26.634516,E,sample_01,tissue,section
sample_01_g004_c03,275.946783,30.603478,B,sample_01,tissue,section
sample_01_g004_c04,275.051026,34.515269,F,sample_01,tissue,section
sample_01_g004_c05,271.311588,36.063528,F,sample_01,tissue,section
sample_01_g004_c06,267.104172,36.567422,A,sample_01,tissue,section
sample_01_g004_c07,264.885611,32.9773,D,sample_01,tissue,section
sample_01_g004_c08,262.973552,29.286958,E,sample_01,tissue,section
sample_01_g004_c09,264.620801,25.191367,A,sample_01,tissue,section
sample_01_g004_c10,268.637819,23.702579,F,sample_01,tissue,section
sample_01_g005_c01,357.382137,29.573151,A,sample_01,tissue,section
sample_01_g005_c02,356.264458,34.02028,A,sample_01,tissue,section
sample_01_g005_c03,352.512062,36.440029,C,sample_01,tissue,section
sample_01_g005_c04,348.331094,36.365683,A,sample_01,tissue,section
sample_01_g005_c05,344.84005,34.224763,C,sample_01,tissue,section
sample_01_g005_c06,342.933409,30.408603,B,sample_01,tissue,section
sample_01_g005_c07,344.819098,26.675103,A,sample_01,tissue,section
sample_01_g005_c08,347.775433,24.297007,B,sample_01,tissue,section
sample_01_g005_c09,351.753935,23.309992,B,sample_01,tissue,section
sample_01_g005_c10,354.854998,26.024919,C,sample_01,tissue,section
sample_01_g006_c01,424.497523,28.299405,C,sample_01,tissue,section
sample_01_g006_c02,426.617824,25.483182,C,sample_01,tissue,section
sample_01_g006_c03,429.901636,23.175114,C,sample_01,tissue,section
sample_01_g006_c04,434.197813,24.043545,A,sample_01,tissue,section
sample_01_g006_c05,435.629327,28.0808,B,sample_01,tissue,section
sample_01_g006_c06,436.626442,32.047967,A,sample_01,tissue,section
sample_01_g006_c07,434.015308,35.362352,A,sample_01,tissue,section
sample_01_g006_c08,430.081555,35.658576,B,sample_01,tissue,section
sample_01_g006_c09,426.406022,35.099648,B,sample_01,tissue,section
sample_01_g006_c10,423.396525,32.251315,A,sample_01,tissue,section
sample_01_g007_c01,516.206609,28.228787,B,sample_01,tissue,section
sample_01_g007_c02,516.295588,32.30044,B,sample_01,tissue,section
sample_01_g007_c03,513.813688,35.669501,D,sample_01,tissue,section
sample_01_g007_c04,509.7422,37.123732,F,sample_01,tissue,section
sample_01_g007_c05,505.533619,35.701807,B,sample_01,tissue,section
sample_01_g007_c06,504.184958,31.659469,E,sample_01,tissue,section
sample_01_g007_c07,503.244261,27.531418,B,sample_01,tissue,section
sample_01_g007_c08,506.552347,24.874654,D,sample_01,tissue,section
sample_01_g007_c09,510.244573,23.241763,A,sample_01,tissue,section
sample_01_g007_c10,513.76403,25.194818,D,sample_01,tissue,section
sample_01_g008_c01,584.299935,30.471641,A,sample_01,tissue,section
sample_01_g008_c02,584.805347,26.845333,A,sample_01,tissue,section
sample_01_g008_c03,587.355398,23.68718,B,sample_01,tissue,section
sample_01_g008_c04,591.669169,22.922336,A,sample_01,tissue,section
sample_01_g008_c05,595.290078,25.444984,C,sample_01,tissue,section
sample_01_g008_c06,596.064075,29.498239,B,sample_01,tissue,section
sample_01_g008_c07,596.153062,33.7367,A,sample_01,tissue,section
sample_01_g008_c08,592.206637,35.267371,B,sample_01,tissue,section
sample_01_g008_c09,588.569819,36.064299,C,sample_01,tissue,section
sample_01_g008_c10,585.17922,34.150927,C,sample_01,tissue,section
sample_01_g009_c01,32.582972,103.067595,F,sample_01,tissue,section
sample_01_g009_c02,36.166464,105.908453,C,sample_01,tissue,section
sample_01_g009_c03,36.330993,110.269232,B,sample_01,tissue,section
sample_01_g009_c04,35.66845,114.498414,F,sample_01,tissue,section
sample_01_g009_c05,31.928474,116.923388,B,sample_01,tissue,section
sample_01_g009_c06,27.825949,115.834906,C,sample_01,tissue,section
sample_01_g009_c07,24.276081,113.797912,B,sample_01,tissue,section
sample_01_g009_c08,23.711112,109.732559,C,sample_01,tissue,section
sample_01_g009_c09,24.335729,105.504903,B,sample_01,tissue,section
sample_01_g009_c10,28.413882,104.305702,A,sample_01,tissue,section
sample_01_g010_c01,111.186323,103.248488,B,sample_01,tissue,section
sample_01_g010_c02,114.422395,105.724244,E,sample_01,tissue,section
sample_01_g010_c03,117.372413,108.959392,A,sample_01,tissue,section
sample_01_g010_c04,116.537914,113.471272,D,sample_01,tissue,section
sample_01_g010_c05,113.082894,116.311316,A,sample_01,tissue,section
sample_01_g010_c06,108.846695,116.563603,E,sample_01,tissue,section
sample_01_g010_c07,105.559764,114.293005,D,sample_01,tissue,section
sample_01_g010_c08,103.382478,110.934056,A,sample_01,tissue,section
sample_01_g010_c09,103.74224,106.677475,B,sample_01,tissue,section
sample_01_g010_c10,107.493151,104.867966,C,sample_01,tissue,section
sample_01_g011_c01,194.219435,115.060988,C,sample_01,tissue,section
sample_01_g011_c02,190.420502,116.300093,A,sample_01,tissue,section
sample_01_g011_c03,186.835969,115.028008,A,sample_01,tissue,section
sample_01_g011_c04,183.302553,112.681305,A,sample_01,tissue,section
sample_01_g011_c05,183.961603,108.474132,C,sample_01,tissue,section
sample_01_g011_c06,185.258011,104.312236,B,sample_01,tissue,section
sample_01_g011_c07,189.582416,103.743621,B,sample_01,tissue,section
sample_01_g011_c08,193.455573,104.508699,C,sample_01,tissue,section
sample_01_g011_c09,195.150284,107.938098,B,sample_01,tissue,section
sample_01_g011_c10,196.382893,111.61292,A,sample_01,tissue,section
sample_01_g012_c01,263.472995,110.00803,A,sample_01,tissue,section
sample_01_g012_c02,264.641431,106.116835,B,sample_01,tissue,section
sample_01_g012_c03,268.257282,104.658834,C,sample_01,tissue,section
sample_01_g012_c04,271.969214,103.913914,A,sample_01,tissue,section
sample_01_g012_c05,274.886452,106.440592,A,sample_01,tissue,section
sample_01_g012_c06,275.960382,109.992667,C,sample_01,tissue,section
sample_01_g012_c07,275.579656,114.043379,B,sample_01,tissue,section
sample_01_g012_c08,272.285877,117.005868,C,sample_01,tissue,section
sample_01_g012_c09,267.91462,116.44511,B,sample_01,tissue,section
sample_01_g012_c10,264.34032,114.122646,A,sample_01,tissue,section
sample_01_g013_c01,351.437686,117.293322,C,sample_01,tissue,section
sample_01_g013_c02,347.535422,115.321971,A,sample_01,tissue,section
sample_01_g013_c03,343.888689,113.408694,A,sample_01,tissue,section
sample_01_g013_c04,343.840478,109.26022,B,sample_01,tissue,section
sample_01_g013_c05,345.69926,106.010687,A,sample_01,tissue,section
sample_01_g013_c06,348.785618,103.839492,C,sample_01,tissue,section
sample_01_g013_c07,353.070713,103.369152,B,sample_01,tissue,section
sample_01_g013_c08,355.315626,107.035114,A,sample_01,tissue,section
sample_01_g013_c09,356.08292,110.73058,B,sample_01,tissue,section
sample_01_g013_c10,354.124235,113.825589,C,sample_01,tissue,section
sample_01_g014_c01,434.174903,104.46592,A,sample_01,tissue,section
sample_01_g014_c02,435.274348,108.390576,A,sample_01,tissue,section
sample_01_g014_c03,435.789497,111.996972,F,sample_01,tissue,section
sample_01_g014_c04,433.408753,114.873789,D,sample_01,tissue,section
sample_01_g014_c05,429.886263,116.320916,B,sample_01,tissue,section
sample_01_g014_c06,425.594405,115.839876,F,sample_01,tissue,section
sample_01_g014_c07,424.7239,111.609959,A,sample_01,tissue,section
sample_01_g014_c08,424.567844,108.126286,C,sample_01,tissue,section
sample_01_g014_c09,426.450098,104.924399,D,sample_01,tissue,section
sample_01_g014_c10,430.116091,103.548265,D,sample_01,tissue,section
sample_01_g015_c01,504.357651,108.149093,C,sample_01,tissue,section
sample_01_g015_c02,506.05837,104.542534,C,sample_01,tissue,section
sample_01_g015_c03,510.020808,102.616716,B,sample_01,tissue,section
sample_01_g015_c04,513.479432,105.239246,A,sample_01,tissue,section
sample_01_g015_c05,516.833847,107.800822,A,sample_01,tissue,section
sample_01_g015_c06,516.373632,112.090795,A,sample_01,tissue,section
sample_01_g015_c07,513.80925,115.274177,B,sample_01,tissue,section
sample_01_g015_c08,509.983355,115.906043,B,sample_01,tissue,section
sample_01_g015_c09,505.672971,115.920485,C,sample_01,tissue,section
sample_01_g015_c10,503.925465,111.954827,A,sample_01,tissue,section
sample_01_g016_c01,582.859087,109.969277,A,sample_01,tissue,section
sample_01_g016_c02,584.20574,105.752016,E,sample_01,tissue,section
sample_01_g016_c03,588.080378,104.004361,E,sample_01,tissue,section
sample_01_g016_c04,592.044987,103.79711,A,sample_01,tissue,section
sample_01_g016_c05,595.421118,106.096851,F,sample_01,tissue,section
sample_01_g016_c06,596.630964,110.028529,D,sample_01,tissue,section
sample_01_g016_c07,595.545904,114.065905,E,sample_01,tissue,section
sample_01_g016_c08,591.725492,115.389304,D,sample_01,tissue,section
sample_01_g016_c09,587.895996,116.381901,D,sample_01,tissue,section
sample_01_g016_c10,584.353185,114.065648,C,sample_01,tissue,section
sample_01_g017_c01,28.903255,183.091945,D,sample_01,tissue,section
sample_01_g017_c02,33.211212,183.691881,F,sample_01,tissue,section
sample_01_g017_c03,36.597532,186.635318,E,sample_01,tissue,section
sample_01_g017_c04,36.76283,191.068565,E,sample_01,tissue,section
sample_01_g017_c05,34.071389,194.068381,D,sample_01,tissue,section
sample_01_g017_c06,31.099644,196.926312,F,sample_01,tissue,section
sample_01_g017_c07,26.656263,196.568453,A,sample_01,tissue,section
sample_01_g017_c08,24.125037,192.996178,F,sample_01,tissue,section
sample_01_g017_c09,22.94206,188.884806,D,sample_01,tissue,section
sample_01_g017_c10,26.098987,186.101869,C,sample_01,tissue,section
sample_01_g018_c01,104.840402,192.834595,C,sample_01,tissue,section
sample_01_g018_c02,104.078979,189.250283,B,sample_01,tissue,section
sample_01_g018_c03,105.037132,185.336889,A,sample_01,tissue,section
sample_01_g018_c04,108.884511,184.143318,A,sample_01,tissue,section
sample_01_g018_c05,112.777679,184.101504,B,sample_01,tissue,section
sample_01_g018_c06,115.88415,186.767349,B,sample_01,tissue,section
sample_01_g018_c07,116.167421,190.780916,C,sample_01,tissue,section
sample_01_g018_c08,114.15702,193.905936,A,sample_01,tissue,section
sample_01_g018_c09,111.033804,195.42781,C,sample_01,tissue,section
sample_01_g018_c10,107.458117,195.397774,A,sample_01,tissue,section
sample_01_g019_c01,189.939759,182.569404,C,sample_01,tissue,section
sample_01_g019_c02,193.396908,185.243947,B,sample_01,tissue,section
sample_01_g019_c03,195.347808,188.214333,C,sample_01,tissue,section
sample_01_g019_c04,196.387029,192.018175,A,sample_01,tissue,section
sample_01_g019_c05,193.953134,195.349284,A,sample_01,tissue,section
sample_01_g019_c06,190.049823,196.145585,B,sample_01,tissue,section
sample_01_g019_c07,186.688946,194.635847,A,sample_01,tissue,section
sample_01_g019_c08,183.571518,192.146511,B,sample_01,tissue,section
sample_01_g019_c09,183.738815,188.021589,C,sample_01,tissue,section
sample_01_g019_c10,186.315464,185.014176,A,sample_01,tissue,section
sample_01_g020_c01,267.983146,196.454346,F,sample_01,tissue,section
sample_01_g020_c02,265.136995,193.617782,A,sample_01,tissue,section
sample_01_g020_c03,263.946768,190.068359,C,sample_01,tissue,section
sample_01_g020_c04,265.369565,186.715037,A,sample_01,tissue,section
sample_01_g020_c05,267.799898,183.480231,A,sample_01,tissue,section
sample_01_g020_c06,272.150975,183.11644,A,sample_01,tissue,section
sample_01_g020_c07,274.943922,186.322021,B,sample_01,tissue,section
sample_01_g020_c08,276.993587,189.921021,B,sample_01,tissue,section
sample_01_g020_c09,274.755802,193.373903,B,sample_01,tissue,section
sample_01_g020_c10,272.264474,196.710529,E,sample_01,tissue,section
sample_01_g021_c01,343.209957,188.791298,A,sample_01,tissue,section
sample_01_g021_c02,346.157302,186.007745,F,sample_01,tissue,section
sample_01_g021_c03,349.172484,184.041338,F,sample_01,tissue,section
sample_01_g021_c04,353.496368,183.450111,E,sample_01,tissue,section
sample_01_g021_c05,356.128227,187.023441,C,sample_01,tissue,section
sample_01_g021_c06,355.911655,191.05234,A,sample_01,tissue,section
sample_01_g021_c07,355.139332,195.339353,C,sample_01,tissue,section
sample_01_g021_c08,350.794279,195.719334,E,sample_01,tissue,section
sample_01_g021_c09,347.349444,194.965394,D,sample_01,tissue,section
sample_01_g021_c10,344.129083,192.85158,A,sample_01,tissue,section
sample_01_g022_c01,425.785816,185.664899,C,sample_01,tissue,section
sample_01_g022_c02,429.026308,183.234426,E,sample_01,tissue,section
sample_01_g022_c03,432.823448,184.647189,F,sample_01,tissue,section
sample_01_g022_c04,436.637187,186.735582,B,sample_01,tissue,section
sample_01_g022_c05,436.215065,191.07468,C,sample_01,tissue,section
sample_01_g022_c06,435.021794,195.165883,C,sample_01,tissue,section
sample_01_g022_c07,430.823426,195.72147,C,sample_01,tissue,section
sample_01_g022_c08,426.958547,195.766115,D,sample_01,tissue,section
sample_01_g022_c09,424.353195,192.777311,B,sample_01,tissue,section
sample_01_g022_c10,422.840678,188.762044,F,sample_01,tissue,section
sample_01_g023_c01,515.431562,186.815725,B,sample_01,tissue,section
sample_01_g023_c02,516.74122,190.663223,E,sample_01,tissue,section
sample_01_g023_c03,514.52663,194.021596,D,sample_01,tissue,section
sample_01_g023_c04,511.320093,196.013568,C,sample_01,tissue,section
sample_01_g023_c05,507.526559,195.656405,B,sample_01,tissue,section
sample_01_g023_c06,503.609829,193.746263,D,sample_01,tissue,section
sample_01_g023_c07,503.78238,189.38829,A,sample_01,tissue,section
sample_01_g023_c08,505.402491,185.915433,E,sample_01,tissue,section
sample_01_g023_c09,508.43006,182.848277,E,sample_01,tissue,section
sample_01_g023_c10,512.267952,184.813518,B,sample_01,tissue,section
sample_01_g024_c01,597.012159,190.874054,A,sample_01,tissue,section
sample_01_g024_c02,595.300568,194.961083,D,sample_01,tissue,section
sample_01_g024_c03,591.21178,196.295749,C,sample_01,tissue,section
sample_01_g024_c04,587.045213,196.30631,D,sample_01,tissue,section
sample_01_g024_c05,583.76808,193.43947,D,sample_01,tissue,section
sample_01_g024_c06,582.676874,189.087184,B,sample_01,tissue,section
sample_01_g024_c07,585.414515,185.708201,D,sample_01,tissue,section
sample_01_g024_c08,588.711987,183.308187,B,sample_01,tissue,section
sample_01_g024_c09,592.957148,183.688651,F,sample_01,tissue,section
sample_01_g024_c10,596.117125,186.623887,F,sample_01,tissue,section
sample_01_g025_c01,33.78151,264.173728,B,sample_01,tissue,section
sample_01_g025_c02,36.709519,267.422491,A,sample_01,tissue,section
sample_01_g025_c03,35.733486,271.534713,C,sample_01,tissue,section
sample_01_g025_c04,33.700741,274.567649,C,sample_01,tissue,section
sample_01_g025_c05,30.33927,276.442177,A,sample_01,tissue,section
sample_01_g025_c06,26.411965,275.52818,A,sample_01,tissue,section
sample_01_g025_c07,23.425103,272.525793,C,sample_01,tissue,section
sample_01_g025_c08,22.825222,268.079488,B,sample_01,tissue,section
sample_01_g025_c09,25.556574,264.51569,B,sample_01,tissue,section
sample_01_g025_c10,29.685259,264.023582,A,sample_01,tissue,section
sample_01_g026_c01,104.590725,265.812924,B,sample_01,tissue,section
sample_01_g026_c02,108.444619,264.666559,E,sample_01,tissue,section
sample_01_g026_c03,112.119246,264.094765,C,sample_01,tissue,section
sample_01_g026_c04,115.835832,266.025306,F,sample_01,tissue,section
sample_01_g026_c05,117.132563,270.216902,C,sample_01,tissue,section
sample_01_g026_c06,114.820965,273.731691,C,sample_01,tissue,section
sample_01_g026_c07,112.004041,276.871909,D,sample_01,tissue,section
sample_01_g026_c08,108.141018,275.180015,C,sample_01,tissue,section
sample_01_g026_c09,105.181293,273.281946,E,sample_01,tissue,section
sample_01_g026_c10,103.713145,269.808816,C,sample_01,tissue,section
sample_01_g027_c01,192.622875,275.24787,B,sample_01,tissue,section
sample_01_g027_c02,189.095528,275.437431,E,sample_01,tissue,section
sample_01_g027_c03,185.412505,274.516908,A,sample_01,tissue,section
sample_01_g027_c04,183.730739,270.943189,F,sample_01,tissue,section
sample_01_g027_c05,184.938255,267.371283,A,sample_01,tissue,section
sample_01_g027_c06,186.874077,263.745627,B,sample_01,tissue,section
sample_01_g027_c07,191.053204,263.668437,B,sample_01,tissue,section
sample_01_g027_c08,195.262057,264.81891,D,sample_01,tissue,section
sample_01_g027_c09,195.536912,269.16699,F,sample_01,tissue,section
sample_01_g027_c10,195.34502,272.77583,C,sample_01,tissue,section
sample_01_g028_c01,270.48634,276.790565,E,sample_01,tissue,section
sample_01_g028_c02,266.309526,275.928193,D,sample_01,tissue,section
sample_01_g028_c03,264.314515,272.308234,F,sample_01,tissue,section
sample_01_g028_c04,264.621444,268.668595,E,sample_01,tissue,section
sample_01_g028_c05,265.684806,264.874911,E,sample_01,tissue,section
sample_01_g028_c06,269.502606,263.05509,D,sample_01,tissue,section
sample_01_g028_c07,273.091827,265.033444,B,sample_01,tissue,section
sample_01_g028_c08,276.895506,267.200513,C,sample_01,tissue,section
sample_01_g028_c09,277.183217,271.778129,F,sample_01,tissue,section
sample_01_g028_c10,274.181161,274.9659,B,sample_01,tissue,section
sample_01_g029_c01,354.37582,265.625034,B,sample_01,tissue,section
sample_01_g029_c02,355.817807,269.079132,D,sample_01,tissue,section
sample_01_g029_c03,355.489767,272.797851,D,sample_01,tissue,section
sample_01_g029_c04,353.308357,276.494582,C,sample_01,tissue,section
sample_01_g029_c05,348.855032,277.22448,F,sample_01,tissue,section
sample_01_g029_c06,346.086251,273.912986,F,sample_01,tissue,section
sample_01_g029_c07,343.372312,271.04906,F,sample_01,tissue,section
sample_01_g029_c08,344.442637,267.167699,C,sample_01,tissue,section
sample_01_g029_c09,346.826426,263.770007,F,sample_01,tissue,section
sample_01_g029_c10,350.936385,264.091626,C,sample_01,tissue,section
sample_01_g030_c01,424.231328,269.925021,F,sample_01,tissue,section
sample_01_g030_c02,424.605249,265.972331,A,sample_01,tissue,section
sample_01_g030_c03,427.819227,262.979072,B,sample_01,tissue,section
sample_01_g030_c04,432.365621,263.028972,C,sample_01,tissue,section
sample_01_g030_c05,434.608072,266.742693,B,sample_01,tissue,section
sample_01_g030_c06,435.706845,270.074175,A,sample_01,tissue,section
sample_01_g030_c07,434.850323,273.621204,C,sample_01,tissue,section
sample_01_g030_c08,431.722754,275.546351,F,sample_01,tissue,section
sample_01_g030_c09,427.952736,276.032892,E,sample_01,tissue,section
sample_01_g030_c10,425.040479,273.505735,E,sample_01,tissue,section
sample_01_g031_c01,516.751848,268.207447,B,sample_01,tissue,section
sample_01_g031_c02,515.940848,272.296136,A,sample_01,tissue,section
sample_01_g031_c03,513.788543,275.863263,A,sample_01,tissue,section
sample_01_g031_c04,509.663057,276.158763,B,sample_01,tissue,section
sample_01_g031_c05,505.38477,275.672663,C,sample_01,tissue,section
sample_01_g031_c06,503.651676,271.685421,B,sample_01,tissue,section
sample_01_g031_c07,504.523292,267.883253,A,sample_01,tissue,section
sample_01_g031_c08,506.852936,265.129509,C,sample_01,tissue,section
sample_01_g031_c09,510.353487,263.538853,C,sample_01,tissue,section
sample_01_g031_c10,513.703825,265.447561,A,sample_01,tissue,section
sample_01_g032_c01,592.111421,263.92671,C,sample_01,tissue,section
sample_01_g032_c02,595.934471,265.87088,A,sample_01,tissue,section
sample_01_g032_c03,597.004675,270.143102,A,sample_01,tissue,section
sample_01_g032_c04,594.487529,273.402562,A,sample_01,tissue,section
sample_01_g032_c05,592.100827,276.945287,B,sample_01,tissue,section
sample_01_g032_c06,587.816993,276.279201,A,sample_01,tissue,section
sample_01_g032_c07,585.154111,273.3717,B,sample_01,tissue,section
sample_01_g032_c08,583.286105,269.862839,B,sample_01,tissue,section
sample_01_g032_c09,584.411555,265.762695,C,sample_01,tissue,section
sample_01_g032_c10,588.19331,264.027124,C,sample_01,tissue,section
sample_01_g033_c01,24.026231,351.908638,E,sample_01,tissue,section
sample_01_g033_c02,24.084584,348.045822,D,sample_01,tissue,section
sample_01_g033_c03,26.610545,345.286347,A,sample_01,tissue,section
sample_01_g033_c04,30.032764,343.322995,B,sample_01,tissue,section
sample_01_g033_c05,33.993357,344.559954,D,sample_01,tissue,section
sample_01_g033_c06,36.952424,347.778678,B,sample_01,tissue,section
sample_01_g033_c07,36.804355,352.247842,D,sample_01,tissue,section
sample_01_g033_c08,34.20641,355.849777,F,sample_01,tissue,section
sample_01_g033_c09,29.966185,356.891062,A,sample_01,tissue,section
sample_01_g033_c10,26.186522,355.195002,D,sample_01,tissue,section
sample_01_g034_c01,114.645349,352.976689,D,sample_01,tissue,section
sample_01_g034_c02,112.657986,356.800297,C,sample_01,tissue,section
sample_01_g034_c03,108.393053,356.146595,D,sample_01,tissue,section
sample_01_g034_c04,104.841019,354.229905,E,sample_01,tissue,section
sample_01_g034_c05,102.712986,350.426381,D,sample_01,tissue,section
sample_01_g034_c06,104.408532,346.417049,E,sample_01,tissue,section
sample_01_g034_c07,107.894905,344.61424,E,sample_01,tissue,section
sample_01_g034_c08,111.647707,343.697494,E,sample_01,tissue,section
sample_01_g034_c09,115.503338,345.487754,F,sample_01,tissue,section
sample_01_g034_c10,117.27613,349.574256,F,sample_01,tissue,section
sample_01_g035_c01,196.20227,346.33425,B,sample_01,tissue,section
sample_01_g035_c02,195.493424,350.520779,A,sample_01,tissue,section
sample_01_g035_c03,194.650059,354.101812,C,sample_01,tissue,section
sample_01_g035_c04,191.358894,356.087067,A,sample_01,tissue,section
sample_01_g035_c05,187.04804,356.816522,B,sample_01,tissue,section
sample_01_g035_c06,184.33324,353.349246,C,sample_01,tissue,section
sample_01_g035_c07,183.286985,349.363603,A,sample_01,tissue,section
sample_01_g035_c08,184.698456,345.323513,B,sample_01,tissue,section
sample_01_g035_c09,188.64612,343.935392,A,sample_01,tissue,section
sample_01_g035_c10,192.699411,343.76665,C,sample_01,tissue,section
sample_01_g036_c01,273.340893,345.005924,B,sample_01,tissue,section
sample_01_g036_c02,276.578222,347.577259,C,sample_01,tissue,section
sample_01_g036_c03,275.677623,351.604613,B,sample_01,tissue,section
sample_01_g036_c04,274.637034,355.888681,A,sample_01,tissue,section
sample_01_g036_c05,270.224694,355.799818,A,sample_01,tissue,section
sample_01_g036_c06,266.49834,355.234395,C,sample_01,tissue,section
sample_01_g036_c07,263.300066,352.467567,A,sample_01,tissue,section
sample_01_g036_c08,263.896867,348.275129,C,sample_01,tissue,section
sample_01_g036_c09,265.468418,344.245235,A,sample_01,tissue,section
sample_01_g036_c10,269.724981,342.901177,B,sample_01,tissue,section
sample_01_g037_c01,347.382283,345.080876,B,sample_01,tissue,section
sample_01_g037_c02,350.957868,343.167356,A,sample_01,tissue,section
sample_01_g037_c03,355.17767,344.634671,C,sample_01,tissue,section
sample_01_g037_c04,356.220223,348.901,C,sample_01,tissue,section
sample_01_g037_c05,355.466204,352.663718,A,sample_01,tissue,section
sample_01_g037_c06,353.349597,356.294449,A,sample_01,tissue,section
sample_01_g037_c07,349.130067,356.205388,A,sample_01,tissue,section
sample_01_g037_c08,345.685273,354.471109,B,sample_01,tissue,section
sample_01_g037_c09,343.410765,351.164198,C,sample_01,tissue,section
sample_01_g037_c10,343.316871,346.743267,B,sample_01,tissue,section
sample_01_g038_c01,426.344802,345.742011,A,sample_01,tissue,section
sample_01_g038_c02,429.489473,343.714964,A,sample_01,tissue,section
sample_01_g038_c03,433.244908,344.674822,A,sample_01,tissue,section
sample_01_g038_c04,435.397419,347.74842,C,sample_01,tissue,section
sample_01_g038_c05,436.63256,351.574732,C,sample_01,tissue,section
sample_01_g038_c06,434.196625,354.888704,A,sample_01,tissue,section
sample_01_g038_c07,430.479684,355.90534,B,sample_01,tissue,section
sample_01_g038_c08,426.42106,355.873355,C,sample_01,tissue,section
sample_01_g038_c09,424.855073,352.146251,B,sample_01,tissue,section
sample_01_g038_c10,423.68932,348.50169,B,sample_01,tissue,section
sample_01_g039_c01,512.739597,355.661207,C,sample_01,tissue,section
sample_01_g039_c02,508.919484,356.019404,B,sample_01,tissue,section
sample_01_g039_c03,504.945508,354.851061,B,sample_01,tissue,section
sample_01_g039_c04,504.300393,350.783128,A,sample_01,tissue,section
sample_01_g039_c05,504.58627,347.100039,A,sample_01,tissue,section
sample_01_g039_c06,507.16379,344.139146,B,sample_01,tissue,section
sample_01_g039_c07,510.989209,344.489252,C,sample_01,tissue,section
sample_01_g039_c08,514.810415,345.383193,A,sample_01,tissue,section
sample_01_g039_c09,515.897479,349.189684,A,sample_01,tissue,section
sample_01_g039_c10,515.919513,353.170893,C,sample_01,tissue,section
sample_01_g040_c01,587.877619,342.832745,B,sample_01,tissue,section
sample_01_g040_c02,592.417136,343.176044,C,sample_01,tissue,section
sample_01_g040_c03,595.934867,345.921815,C,sample_01,tissue,section
sample_01_g040_c04,595.672821,350.149026,D,sample_01,tissue,section
sample_01_g040_c05,595.350838,354.106558,B,sample_01,tissue,section
sample_01_g040_c06,591.773526,355.989174,C,sample_01,tissue,section
sample_01_g040_c07,587.548853,356.919975,F,sample_01,tissue,section
sample_01_g040_c08,585.032373,353.41354,F,sample_01,tissue,section
sample_01_g040_c09,584.470066,349.854728,E,sample_01,tissue,section
sample_01_g040_c10,584.338859,345.655296,F,sample_01,tissue,section
sample_01_g041_c01,35.912843,425.872614,A,sample_01,tissue,section
sample_01_g041_c02,35.984983,430.113195,D,sample_01,tissue,section
sample_01_g041_c03,34.983653,433.766853,F,sample_01,tissue,section
sample_01_g041_c04,31.813005,435.961136,A,sample_01,tissue,section
sample_01_g041_c05,27.729462,436.563031,E,sample_01,tissue,section
sample_01_g041_c06,24.208203,434.042891,D,sample_01,tissue,section
sample_01_g041_c07,22.663474,429.861243,B,sample_01,tissue,section
sample_01_g041_c08,24.904646,426.148718,B,sample_01,tissue,section
sample_01_g041_c09,28.280088,424.344955,F,sample_01,tissue,section
sample_01_g041_c10,32.374814,423.135559,D,sample_01,tissue,section
sample_01_g042_c01,110.475772,424.290061,B,sample_01,tissue,section
sample_01_g042_c02,114.404153,424.891089,E,sample_01,tissue,section
sample_01_g042_c03,116.833224,428.392636,B,sample_01,tissue,section
sample_01_g042_c04,115.593653,432.347116,F,sample_01,tissue,section
sample_01_g042_c05,113.223222,435.314442,E,sample_01,tissue,section
sample_01_g042_c06,109.426634,436.881201,C,sample_01,tissue,section
sample_01_g042_c07,105.782965,434.89185,C,sample_01,tissue,section
sample_01_g042_c08,103.573781,431.511625,A,sample_01,tissue,section
sample_01_g042_c09,104.505275,427.694395,E,sample_01,tissue,section
sample_01_g042_c10,106.688099,424.539345,C,sample_01,tissue,section
sample_01_g043_c01,196.459706,429.686409,B,sample_01,tissue,section
sample_01_g043_c02,195.687672,433.724846,C,sample_01,tissue,section
sample_01_g043_c03,192.431816,436.40878,B,sample_01,tissue,section
sample_01_g043_c04,188.343518,436.088167,A,sample_01,tissue,section
sample_01_g043_c05,184.365583,434.526835,C,sample_01,tissue,section
sample_01_g043_c06,183.203166,430.329957,A,sample_01,tissue,section
sample_01_g043_c07,184.217563,426.213092,B,sample_01,tissue,section
sample_01_g043_c08,187.422449,423.207152,A,sample_01,tissue,section
sample_01_g043_c09,191.717671,423.686943,C,sample_01,tissue,section
sample_01_g043_c10,194.43128,426.439796,A,sample_01,tissue,section
sample_01_g044_c01,272.216001,423.674519,F,sample_01,tissue,section
sample_01_g044_c02,275.736721,426.028721,A,sample_01,tissue,section
sample_01_g044_c03,277.351023,430.167697,B,sample_01,tissue,section
sample_01_g044_c04,274.445306,433.387256,E,sample_01,tissue,section
sample_01_g044_c05,271.837675,436.127951,C,sample_01,tissue,section
sample_01_g044_c06,267.791684,436.303544,E,sample_01,tissue,section
sample_01_g044_c07,264.109911,434.07745,C,sample_01,tissue,section
sample_01_g044_c08,264.105386,429.865527,B,sample_01,tissue,section
sample_01_g044_c09,264.155041,425.54623,E,sample_01,tissue,section
sample_01_g044_c10,268.019555,423.395964,C,sample_01,tissue,section
sample_01_g045_c01,344.68516,426.371321,B,sample_01,tissue,section
sample_01_g045_c02,347.511911,423.0422,B,sample_01,tissue,section
sample_01_g045_c03,351.64605,424.379362,C,sample_01,tissue,section
sample_01_g045_c04,355.25491,425.941927,C,sample_01,tissue,section
sample_01_g045_c05,355.700771,429.833105,A,sample_01,tissue,section
sample_01_g045_c06,355.477809,433.739945,A,sample_01,tissue,section
sample_01_g045_c07,352.26351,436.329778,B,sample_01,tissue,section
sample_01_g045_c08,348.064981,436.607359,C,sample_01,tissue,section
sample_01_g045_c09,345.150843,433.744732,A,sample_01,tissue,section
sample_01_g045_c10,343.199625,430.199086,A,sample_01,tissue,section
sample_01_g046_c01,436.785226,428.430909,F,sample_01,tissue,section
sample_01_g046_c02,435.775309,432.448996,E,sample_01,tissue,section
sample_01_g046_c03,433.26388,435.427538,A,sample_01,tissue,section
sample_01_g046_c04,429.488715,435.868588,D,sample_01,tissue,section
sample_01_g046_c05,426.372218,434.176351,A,sample_01,tissue,section
sample_01_g046_c06,424.140825,431.354941,D,sample_01,tissue,section
sample_01_g046_c07,423.445018,427.220387,E,sample_01,tissue,section
sample_01_g046_c08,426.325757,423.890066,B,sample_01,tissue,section
sample_01_g046_c09,430.569146,423.467279,F,sample_01,tissue,section
sample_01_g046_c10,434.249134,425.10834,F,sample_01,tissue,section
sample_01_g047_c01,505.022172,433.856091,C,sample_01,tissue,section
sample_01_g047_c02,503.632039,430.196036,A,sample_01,tissue,section
sample_01_g047_c03,504.040676,425.944461,B,sample_01,tissue,section
sample_01_g047_c04,507.962215,424.328431,A,sample_01,tissue,section
sample_01_g047_c05,511.662295,424.292001,C,sample_01,tissue,section
sample_01_g047_c06,515.40981,425.809273,C,sample_01,tissue,section
sample_01_g047_c07,516.799428,429.790682,A,sample_01,tissue,section
sample_01_g047_c08,515.880738,434.002058,B,sample_01,tissue,section
sample_01_g047_c09,512.013877,435.605029,B,sample_01,tissue,section
sample_01_g047_c10,508.265833,435.954793,A,sample_01,tissue,section
sample_01_g048_c01,587.471226,423.443442,C,sample_01,tissue,section
sample_01_g048_c02,591.448331,424.560235,D,sample_01,tissue,section
sample_01_g048_c03,594.528637,426.320865,D,sample_01,tissue,section
sample_01_g048_c04,595.770119,429.688417,B,sample_01,tissue,section
sample_01_g048_c05,594.618557,432.988915,D,sample_01,tissue,section
sample_01_g048_c06,592.309968,435.989242,A,sample_01,tissue,section
sample_01_g048_c07,588.462164,435.775936,F,sample_01,tissue,section
sample_01_g048_c08,584.673103,434.327653,B,sample_01,tissue,section
sample_01_g048_c09,583.511094,430.350397,C,sample_01,tissue,section
sample_01_g048_c10,585.145518,426.858405,E,sample_01,tissue,section
sample_01_g049_c01,36.856319,512.073246,A,sample_01,tissue,section
sample_01_g049_c02,34.112294,515.422563,B,sample_01,tissue,section
sample_01_g049_c03,30.127492,516.213346,C,sample_01,tissue,section
sample_01_g049_c04,26.467676,515.077711,C,sample_01,tissue,section
sample_01_g049_c05,24.459263,511.926831,A,sample_01,tissue,section
sample_01_g049_c06,23.790926,508.122471,A,sample_01,tissue,section
sample_01_g049_c07,25.69697,504.325928,A,sample_01,tissue,section
sample_01_g049_c08,29.86261,503.304275,B,sample_01,tissue,section
sample_01_g049_c09,33.296784,505.260877,B,sample_01,tissue,section
sample_01_g049_c10,35.866351,507.959934,C,sample_01,tissue,section
sample_01_g050_c01,113.864425,515.180467,A,sample_01,tissue,section
sample_01_g050_c02,110.092792,517.368456,F,sample_01,tissue,section
sample_01_g050_c03,106.553472,514.87158,D,sample_01,tissue,section
sample_01_g050_c04,104.136927,511.986992,F,sample_01,tissue,section
sample_01_g050_c05,103.274184,507.907909,C,sample_01,tissue,section
sample_01_g050_c06,106.13232,504.815169,D,sample_01,tissue,section
sample_01_g050_c07,109.91422,503.188306,F,sample_01,tissue,section
sample_01_g050_c08,113.415353,505.172486,B,sample_01,tissue,section
sample_01_g050_c09,115.968676,507.977219,F,sample_01,tissue,section
sample_01_g050_c10,116.281414,511.953858,F,sample_01,tissue,section
sample_01_g051_c01,185.492875,506.723292,B,sample_01,tissue,section
sample_01_g051_c02,188.013635,503.880283,D,sample_01,tissue,section
sample_01_g051_c03,191.77082,504.555595,A,sample_01,tissue,section
sample_01_g051_c04,195.48899,506.014559,F,sample_01,tissue,section
sample_01_g051_c05,196.809806,510.002066,D,sample_01,tissue,section
sample_01_g051_c06,195.978908,514.346703,F,sample_01,tissue,section
sample_01_g051_c07,192.218091,516.833635,E,sample_01,tissue,section
sample_01_g051_c08,188.067634,515.941079,A,sample_01,tissue,section
sample_01_g051_c09,185.340896,513.382878,A,sample_01,tissue,section
sample_01_g051_c10,183.326616,509.997976,F,sample_01,tissue,section
sample_01_g052_c01,271.238842,516.230355,F,sample_01,tissue,section
sample_01_g052_c02,267.243656,515.977874,F,sample_01,tissue,section
sample_01_g052_c03,263.720404,513.516166,F,sample_01,tissue,section
sample_01_g052_c04,263.994604,509.288789,C,sample_01,tissue,section
sample_01_g052_c05,264.614403,505.020907,D,sample_01,tissue,section
sample_01_g052_c06,268.703227,503.478301,D,sample_01,tissue,section
sample_01_g052_c07,272.840926,503.838687,A,sample_01,tissue,section
sample_01_g052_c08,275.539957,506.897984,E,sample_01,tissue,section
sample_01_g052_c09,276.27997,510.743728,D,sample_01,tissue,section
sample_01_g052_c10,275.152791,514.763858,E,sample_01,tissue,section
sample_01_g053_c01,343.009741,512.627145,C,sample_01,tissue,section
sample_01_g053_c02,344.125833,508.381731,A,sample_01,tissue,section
sample_01_g053_c03,346.47344,505.58199,A,sample_01,tissue,section
sample_01_g053_c04,349.702089,503.433671,A,sample_01,tissue,section
sample_01_g053_c05,354.057818,503.846535,B,sample_01,tissue,section
sample_01_g053_c06,356.786105,507.449583,C,sample_01,tissue,section
sample_01_g053_c07,356.424142,511.769782,B,sample_01,tissue,section
sample_01_g053_c08,354.471601,515.601941,C,sample_01,tissue,section
sample_01_g053_c09,350.291229,516.41907,A,sample_01,tissue,section
sample_01_g053_c10,345.947382,516.145581,B,sample_01,tissue,section
sample_01_g054_c01,423.101672,511.096354,A,sample_01,tissue,section
sample_01_g054_c02,423.617321,506.752143,B,sample_01,tissue,section
sample_01_g054_c03,427.418028,504.93926,C,sample_01,tissue,section
sample_01_g054_c04,431.028419,503.484361,B,sample_01,tissue,section
sample_01_g054_c05,434.180401,505.815145,C,sample_01,tissue,section
sample_01_g054_c06,436.587394,508.953063,A,sample_01,tissue,section
sample_01_g054_c07,435.891676,512.998008,A,sample_01,tissue,section
sample_01_g054_c08,433.16542,516.204317,A,sample_01,tissue,section
sample_01_g054_c09,428.986875,516.418738,B,sample_01,tissue,section
sample_01_g054_c10,425.116272,514.888932,C,sample_01,tissue,section
sample_01_g055_c01,516.577148,510.326353,A,sample_01,tissue,section
sample_01_g055_c02,515.082526,514.092395,E,sample_01,tissue,section
sample_01_g055_c03,511.960159,517.234864,D,sample_01,tissue,section
sample_01_g055_c04,507.574737,516.370933,A,sample_01,tissue,section
sample_01_g055_c05,504.769701,513.417315,D,sample_01,tissue,section
sample_01_g055_c06,503.823032,509.693504,E,sample_01,tissue,section
sample_01_g055_c07,505.106278,506.059628,F,sample_01,tissue,section
sample_01_g055_c08,508.361215,503.951314,C,sample_01,tissue,section
sample_01_g055_c09,512.128746,504.407989,C,sample_01,tissue,section
sample_01_g055_c10,514.8017,506.862718,F,sample_01,tissue,section
sample_01_g056_c01,585.581841,506.347098,D,sample_01,tissue,section
sample_01_g056_c02,588.241175,503.157913,C,sample_01,tissue,section
sample_01_g056_c03,592.754831,503.036302,A,sample_01,tissue,section
sample_01_g056_c04,595.119365,506.749108,E,sample_01,tissue,section
sample_01_g056_c05,596.41953,510.402048,E,sample_01,tissue,section
sample_01_g056_c06,594.478972,513.703181,E,sample_01,tissue,section
sample_01_g056_c07,591.411815,515.492166,C,sample_01,tissue,section
sample_01_g056_c08,587.866213,515.393816,B,sample_01,tissue,section
sample_01_g056_c09,584.504619,513.489669,A,sample_01,tissue,section
sample_01_g056_c10,583.454797,509.590081,A,sample_01,tissue,section
sample_01_g057_c01,25.502744,586.009706,D,sample_01,tissue,section
sample_01_g057_c02,28.758334,584.361132,B,sample_01,tissue,section
sample_01_g057_c03,32.849288,583.472581,C,sample_01,tissue,section
sample_01_g057_c04,35.059985,587.029161,A,sample_01,tissue,section
sample_01_g057_c05,36.307582,590.616439,F,sample_01,tissue,section
sample_01_g057_c06,34.939893,594.383034,B,sample_01,tissue,section
sample_01_g057_c07,31.470719,596.679084,A,sample_01,tissue,section
sample_01_g057_c08,27.323255,596.132142,D,sample_01,tissue,section
sample_01_g057_c09,24.415483,593.278804,C,sample_01,tissue,section
sample_01_g057_c10,24.108383,589.424213,B,sample_01,tissue,section
sample_01_g058_c01,116.747681,587.268106,F,sample_01,tissue,section
sample_01_g058_c02,115.564683,591.383176,A,sample_01,tissue,section
sample_01_g058_c03,113.588223,594.270029,E,sample_01,tissue,section
sample_01_g058_c04,110.409618,595.797813,B,sample_01,tissue,section
sample_01_g058_c05,106.436707,595.711609,D,sample_01,tissue,section
sample_01_g058_c06,103.354486,592.69053,D,sample_01,tissue,section
sample_01_g058_c07,103.477493,588.378744,F,sample_01,tissue,section
sample_01_g058_c08,105.542856,584.695944,D,sample_01,tissue,section
sample_01_g058_c09,109.493446,582.830132,F,sample_01,tissue,section
sample_01_g058_c10,113.866206,583.802851,C,sample_01,tissue,section
sample_01_g059_c01,185.679224,593.990348,B,sample_01,tissue,section
sample_01_g059_c02,184.133452,590.691577,A,sample_01,tissue,section
sample_01_g059_c03,184.781025,587.074034,A,sample_01,tissue,section
sample_01_g059_c04,187.359051,584.264303,B,sample_01,tissue,section
sample_01_g059_c05,191.217673,583.893233,F,sample_01,tissue,section
sample_01_g059_c06,194.664,585.692676,F,sample_01,tissue,section
sample_01_g059_c07,196.971145,589.178208,B,sample_01,tissue,section
sample_01_g059_c08,196.497824,593.642939,D,sample_01,tissue,section
sample_01_g059_c09,192.503259,595.436658,E,sample_01,tissue,section
sample_01_g059_c10,188.567788,597.182704,F,sample_01,tissue,section
sample_01_g060_c01,269.711661,597.221217,E,sample_01,tissue,section
sample_01_g060_c02,265.564498,595.619026,C,sample_01,tissue,section
sample_01_g060_c03,264.501537,591.546939,E,sample_01,tissue,section
sample_01_g060_c04,264.640384,588.018846,A,sample_01,tissue,section
sample_01_g060_c05,266.487688,584.736183,C,sample_01,tissue,section
sample_01_g060_c06,270.259569,583.499311,D,sample_01,tissue,section
sample_01_g060_c07,274.295927,584.557791,C,sample_01,tissue,section
sample_01_g060_c08,275.595957,588.425633,B,sample_01,tissue,section
sample_01_g060_c09,276.550353,592.421304,C,sample_01,tissue,section
sample_01_g060_c10,273.943204,595.909585,C,sample_01,tissue,section
sample_02_g001_c01,27.958197,23.926498,B,sample_02,tissue,section
sample_02_g001_c02,32.195146,23.003102,C,sample_02,tissue,section
sample_02_g001_c03,35.150986,26.177088,A,sample_02,tissue,section
sample_02_g001_c04,36.741604,29.93155,C,sample_02,tissue,section
sample_02_g001_c05,35.584503,33.97138,C,sample_02,tissue,section
sample_02_g001_c06,32.130033,36.335947,A,sample_02,tissue,section
sample_02_g001_c07,28.274329,35.500475,A,sample_02,tissue,section
sample_02_g001_c08,24.330744,34.207557,A,sample_02,tissue,section
sample_02_g001_c09,23.492592,30.066073,B,sample_02,tissue,section
sample_02_g001_c10,25.309686,26.664516,B,sample_02,tissue,section
sample_02_g002_c01,108.560987,36.748026,C,sample_02,tissue,section
sample_02_g002_c02,104.474305,34.96873,C,sample_02,tissue,section
sample_02_g002_c03,102.811176,30.750758,B,sample_02,tissue,section
sample_02_g002_c04,103.523987,26.255346,C,sample_02,tissue,section
sample_02_g002_c05,107.059261,23.383191,B,sample_02,tissue,section
sample_02_g002_c06,111.469416,23.109405,A,sample_02,tissue,section
sample_02_g002_c07,114.340125,26.09734,B,sample_02,tissue,section
sample_02_g002_c08,117.349989,29.232411,A,sample_02,tissue,section
sample_02_g002_c09,115.598646,33.23733,A,sample_02,tissue,section
sample_02_g002_c10,112.653171,35.969767,A,sample_02,tissue,section
sample_02_g003_c01,192.762728,23.731044,F,sample_02,tissue,section
sample_02_g003_c02,196.089078,26.453664,E,sample_02,tissue,section
sample_02_g003_c03,195.778885,30.585274,A,sample_02,tissue,section
sample_02_g003_c04,195.325614,34.758819,D,sample_02,tissue,section
sample_02_g003_c05,191.502846,36.941013,D,sample_02,tissue,section
sample_02_g003_c06,187.706169,35.204974,F,sample_02,tissue,section
sample_02_g003_c07,184.213578,33.370066,D,sample_02,tissue,section
sample_02_g003_c08,182.832663,29.274107,D,sample_02,tissue,section
sample_02_g003_c09,184.489419,25.075899,F,sample_02,tissue,section
sample_02_g003_c10,188.478745,22.973964,C,sample_02,tissue,section
sample_02_g004_c01,270.633526,36.376388,B,sample_02,tissue,section
sample_02_g004_c02,267.00213,35.124901,A,sample_02,tissue,section
sample_02_g004_c03,263.782975,32.72572,A,sample_02,tissue,section
sample_02_g004_c04,264.49017,28.796044,A,sample_02,tissue,section
sample_02_g004_c05,265.399322,24.831593,C,sample_02,tissue,section
sample_02_g004_c06,269.409229,24.053938,C,sample_02,tissue,section
sample_02_g004_c07,272.888251,25.062495,B,sample_02,tissue,section
sample_02_g004_c08,276.555689,27.1258,C,sample_02,tissue,section
sample_02_g004_c09,276.949324,31.518501,B,sample_02,tissue,section
sample_02_g004_c10,274.56657,35.13009,A,sample_02,tissue,section
sample_02_g005_c01,355.290835,27.335183,B,sample_02,tissue,section
sample_02_g005_c02,355.808081,30.947689,A,sample_02,tissue,section
sample_02_g005_c03,354.330262,34.37083,C,sample_02,tissue,section
sample_02_g005_c04,350.927135,36.035697,B,sample_02,tissue,section
sample_02_g005_c05,347.093888,35.638422,A,sample_02,tissue,section
sample_02_g005_c06,344.601322,32.719134,C,sample_02,tissue,section
sample_02_g005_c07,343.089392,28.872415,C,sample_02,tissue,section
sample_02_g005_c08,345.539909,25.498125,A,sample_02,tissue,section
sample_02_g005_c09,349.096865,24.120546,A,sample_02,tissue,section
sample_02_g005_c10,353.030903,24.119459,B,sample_02,tissue,section
sample_02_g006_c01,428.996435,37.360054,E,sample_02,tissue,section
sample_02_g006_c02,425.306142,34.900774,D,sample_02,tissue,section
sample_02_g006_c03,423.773615,31.12428,F,sample_02,tissue,section
sample_02_g006_c04,424.259129,27.229134,F,sample_02,tissue,section
sample_02_g006_c05,426.62818,23.720912,F,sample_02,tissue,section
sample_02_g006_c06,430.8722,23.603363,D,sample_02,tissue,section
sample_02_g006_c07,434.096577,25.722836,C,sample_02,tissue,section
sample_02_g006_c08,436.743887,28.782277,B,sample_02,tissue,section
sample_02_g006_c09,436.411801,33.094695,A,sample_02,tissue,section
sample_02_g006_c10,433.000187,35.587024,E,sample_02,tissue,section
sample_02_g007_c01,502.703221,30.988086,A,sample_02,tissue,section
sample_02_g007_c02,504.011672,26.777201,E,sample_02,tissue,section
sample_02_g007_c03,507.213265,24.212629,B,sample_02,tissue,section
sample_02_g007_c04,511.035989,24.292673,E,sample_02,tissue,section
sample_02_g007_c05,514.208516,25.976604,E,sample_02,tissue,section
sample_02_g007_c06,517.198704,29.025194,A,sample_02,tissue,section
sample_02_g007_c07,514.933742,32.655242,E,sample_02,tissue,section
sample_02_g007_c08,512.810575,35.836882,A,sample_02,tissue,section
sample_02_g007_c09,508.770271,36.774655,E,sample_02,tissue,section
sample_02_g007_c10,504.870652,34.903724,E,sample_02,tissue,section
sample_02_g008_c01,595.572323,29.670015,E,sample_02,tissue,section
sample_02_g008_c02,595.582324,33.571553,D,sample_02,tissue,section
sample_02_g008_c03,592.510664,36.410078,F,sample_02,tissue,section
sample_02_g008_c04,588.546436,35.575935,C,sample_02,tissue,section
sample_02_g008_c05,585.650211,33.57156,B,sample_02,tissue,section
sample_02_g008_c06,584.032048,30.353413,E,sample_02,tissue,section
sample_02_g008_c07,584.168839,26.269241,D,sample_02,tissue,section
sample_02_g008_c08,587.537059,23.711767,C,sample_02,tissue,section
sample_02_g008_c09,591.523196,24.156954,C,sample_02,tissue,section
sample_02_g008_c10,595.492249,25.490379,A,sample_02,tissue,section
sample_02_g009_c01,23.757132,106.344687,A,sample_02,tissue,section
sample_02_g009_c02,27.649921,104.633717,E,sample_02,tissue,section
sample_02_g009_c03,31.534117,102.993141,C,sample_02,tissue,section
sample_02_g009_c04,34.339158,106.140705,D,sample_02,tissue,section
sample_02_g009_c05,36.7975,109.32748,A,sample_02,tissue,section
sample_02_g009_c06,35.331263,113.121551,D,sample_02,tissue,section
sample_02_g009_c07,32.425812,115.539217,E,sample_02,tissue,section
sample_02_g009_c08,28.683332,116.013694,F,sample_02,tissue,section
sample_02_g009_c09,25.344464,114.140686,F,sample_02,tissue,section
sample_02_g009_c10,23.452966,110.64774,A,sample_02,tissue,section
sample_02_g010_c01,109.947677,104.433987,A,sample_02,tissue,section
sample_02_g010_c02,113.249162,105.438348,B,sample_02,tissue,section
sample_02_g010_c03,116.562295,107.799371,B,sample_02,tissue,section
sample_02_g010_c04,115.972054,111.87856,A,sample_02,tissue,section
sample_02_g010_c05,113.326848,114.489649,C,sample_02,tissue,section
sample_02_g010_c06,110.056586,116.019553,C,sample_02,tissue,section
sample_02_g010_c07,106.650638,114.702328,A,sample_02,tissue,section
sample_02_g010_c08,104.416686,111.872333,B,sample_02,tissue,section
sample_02_g010_c09,103.003672,107.799246,C,sample_02,tissue,section
sample_02_g010_c10,106.391799,105.130659,A,sample_02,tissue,section
sample_02_g011_c01,189.989256,116.426915,A,sample_02,tissue,section
sample_02_g011_c02,186.005927,115.478087,C,sample_02,tissue,section
sample_02_g011_c03,184.266426,111.85236,B,sample_02,tissue,section
sample_02_g011_c04,184.505386,108.204531,A,sample_02,tissue,section
sample_02_g011_c05,185.889005,104.321762,A,sample_02,tissue,section
sample_02_g011_c06,190.010428,103.762681,C,sample_02,tissue,section
sample_02_g011_c07,194.300062,104.102232,B,sample_02,tissue,section
sample_02_g011_c08,196.514209,107.895439,B,sample_02,tissue,section
sample_02_g011_c09,196.534696,112.135336,A,sample_02,tissue,section
sample_02_g011_c10,194.316403,115.961954,C,sample_02,tissue,section
sample_02_g012_c01,265.342121,105.193403,B,sample_02,tissue,section
sample_02_g012_c02,269.059872,103.394126,E,sample_02,tissue,section
sample_02_g012_c03,272.641981,105.010214,C,sample_02,tissue,section
sample_02_g012_c04,275.922876,107.098442,B,sample_02,tissue,section
sample_02_g012_c05,275.889906,111.027977,C,sample_02,tissue,section
sample_02_g012_c06,274.394495,114.534803,F,sample_02,tissue,section
sample_02_g012_c07,270.854113,116.001483,C,sample_02,tissue,section
sample_02_g012_c08,267.029011,115.611167,D,sample_02,tissue,section
sample_02_g012_c09,263.653205,113.109232,A,sample_02,tissue,section
sample_02_g012_c10,262.892229,108.759466,A,sample_02,tissue,section
sample_02_g013_c01,348.818496,115.511134,D,sample_02,tissue,section
sample_02_g013_c02,345.099564,114.39688,D,sample_02,tissue,section
sample_02_g013_c03,343.29129,110.693255,C,sample_02,tissue,section
sample_02_g013_c04,344.122514,106.592914,A,sample_02,tissue,section
sample_02_g013_c05,347.492439,104.341316,D,sample_02,tissue,section
sample_02_g013_c06,351.235436,104.237302,A,sample_02,tissue,section
sample_02_g013_c07,354.67584,105.804637,A,sample_02,tissue,section
sample_02_g013_c08,357.021932,109.274378,A,sample_02,tissue,section
sample_02_g013_c09,355.938752,113.4426,A,sample_02,tissue,section
sample_02_g013_c10,352.891828,116.525839,C,sample_02,tissue,section
sample_02_g014_c01,436.413193,108.94436,A,sample_02,tissue,section
sample_02_g014_c02,435.411957,112.716332,F,sample_02,tissue,section
sample_02_g014_c03,432.618716,115.063405,F,sample_02,tissue,section
sample_02_g014_c04,429.136301,115.675648,F,sample_02,tissue,section
sample_02_g014_c05,425.209146,114.849293,A,sample_02,tissue,section
sample_02_g014_c06,422.883685,111.171377,B,sample_02,tissue,section
sample_02_g014_c07,423.326906,106.650686,B,sample_02,tissue,section
sample_02_g014_c08,426.828095,103.866981,A,sample_02,tissue,section
sample_02_g014_c09,430.839404,104.484003,B,sample_02,tissue,section
sample_02_g014_c10,434.483438,105.461873,F,sample_02,tissue,section
sample_02_g015_c01,516.476908,113.448848,F,sample_02,tissue,section
sample_02_g015_c02,512.836137,115.823859,B,sample_02,tissue,section
sample_02_g015_c03,508.81483,116.697795,B,sample_02,tissue,section
sample_02_g015_c04,505.322612,114.51145,A,sample_02,tissue,section
sample_02_g015_c05,504.228282,110.807611,A,sample_02,tissue,section
sample_02_g015_c06,504.288686,106.958819,C,sample_02,tissue,section
sample_02_g015_c07,507.494993,104.856099,D,sample_02,tissue,section
sample_02_g015_c08,510.968877,104.52455,D,sample_02,tissue,section
sample_02_g015_c09,514.895169,105.278495,D,sample_02,tissue,section
sample_02_g015_c10,516.02998,109.156252,A,sample_02,tissue,section
sample_02_g016_c01,584.226131,107.624227,F,sample_02,tissue,section
sample_02_g016_c02,586.401017,104.157778,B,sample_02,tissue,section
sample_02_g016_c03,590.531121,103.043008,B,sample_02,tissue,section
sample_02_g016_c04,593.851755,105.468708,B,sample_02,tissue,section
sample_02_g016_c05,596.7789,108.355714,D,sample_02,tissue,section
sample_02_g016_c06,595.999167,112.468477,C,sample_02,tissue,section
sample_02_g016_c07,592.914203,114.730619,D,sample_02,tissue,section
sample_02_g016_c08,589.573418,115.587666,A,sample_02,tissue,section
sample_02_g016_c09,585.251605,115.586118,B,sample_02,tissue,section
sample_02_g016_c10,582.784529,111.75018,E,sample_02,tissue,section
sample_02_g017_c01,32.059437,196.385197,B,sample_02,tissue,section
sample_02_g017_c02,28.018842,196.052853,B,sample_02,tissue,section
sample_02_g017_c03,24.330741,194.100274,B,sample_02,tissue,section
sample_02_g017_c04,22.560288,189.983928,C,sample_02,tissue,section
sample_02_g017_c05,24.039722,185.6499,A,sample_02,tissue,section
sample_02_g017_c06,28.13312,184.211816,A,sample_02,tissue,section
sample_02_g017_c07,32.054652,183.722606,C,sample_02,tissue,section
sample_02_g017_c08,35.901312,185.731894,C,sample_02,tissue,section
sample_02_g017_c09,36.473843,190.013986,A,sample_02,tissue,section
sample_02_g017_c10,35.959228,194.349333,A,sample_02,tissue,section
sample_02_g018_c01,107.538093,184.839126,B,sample_02,tissue,section
sample_02_g018_c02,111.046151,184.353997,C,sample_02,tissue,section
sample_02_g018_c03,115.147051,185.115173,A,sample_02,tissue,section
sample_02_g018_c04,117.281055,189.041084,B,sample_02,tissue,section
sample_02_g018_c05,114.884165,192.651589,A,sample_02,tissue,section
sample_02_g018_c06,112.5204,195.283492,A,sample_02,tissue,section
sample_02_g018_c07,108.663948,197.210577,A,sample_02,tissue,section
sample_02_g018_c08,105.327886,194.434086,C,sample_02,tissue,section
sample_02_g018_c09,103.664812,190.834345,B,sample_02,tissue,section
sample_02_g018_c10,104.550679,187.04159,C,sample_02,tissue,section
sample_02_g019_c01,195.740536,188.814432,C,sample_02,tissue,section
sample_02_g019_c02,196.629838,192.997808,B,sample_02,tissue,section
sample_02_g019_c03,193.109919,195.459132,A,sample_02,tissue,section
sample_02_g019_c04,189.350775,195.851569,A,sample_02,tissue,section
sample_02_g019_c05,185.062105,195.420778,C,sample_02,tissue,section
sample_02_g019_c06,183.82523,191.275248,C,sample_02,tissue,section
sample_02_g019_c07,184.336773,187.439263,A,sample_02,tissue,section
sample_02_g019_c08,187.094713,184.900078,A,sample_02,tissue,section
sample_02_g019_c09,190.824809,182.565866,B,sample_02,tissue,section
sample_02_g019_c10,194.93905,184.577954,B,sample_02,tissue,section
sample_02_g020_c01,275.114319,193.949335,C,sample_02,tissue,section
sample_02_g020_c02,271.815814,196.19985,C,sample_02,tissue,section
sample_02_g020_c03,267.590878,196.737408,B,sample_02,tissue,section
sample_02_g020_c04,264.218486,193.947471,A,sample_02,tissue,section
sample_02_g020_c05,263.159508,189.799879,A,sample_02,tissue,section
sample_02_g020_c06,264.467032,185.72738,B,sample_02,tissue,section
sample_02_g020_c07,268.251275,184.029217,A,sample_02,tissue,section
sample_02_g020_c08,271.94913,184.549015,B,sample_02,tissue,section
sample_02_g020_c09,276.17597,185.783204,C,sample_02,tissue,section
sample_02_g020_c10,276.254668,190.182982,A,sample_02,tissue,section
sample_02_g021_c01,346.456146,195.775778,A,sample_02,tissue,section
sample_02_g021_c02,343.921439,192.513833,C,sample_02,tissue,section
sample_02_g021_c03,344.238702,188.613421,A,sample_02,tissue,section
sample_02_g021_c04,346.067425,185.390319,B,sample_02,tissue,section
sample_02_g021_c05,349.483661,183.39196,C,sample_02,tissue,section
sample_02_g021_c06,353.306431,184.611174,A,sample_02,tissue,section
sample_02_g021_c07,356.760883,187.203987,B,sample_02,tissue,section
sample_02_g021_c08,355.600728,191.347935,B,sample_02,tissue,section
sample_02_g021_c09,353.794402,194.447717,A,sample_02,tissue,section
sample_02_g021_c10,350.488948,196.257491,C,sample_02,tissue,section
sample_02_g022_c01,426.094357,185.280483,A,sample_02,tissue,section
sample_02_g022_c02,429.60252,183.698917,B,sample_02,tissue,section
sample_02_g022_c03,432.984004,185.296239,A,sample_02,tissue,section
sample_02_g022_c04,435.876328,187.67227,B,sample_02,tissue,section
sample_02_g022_c05,436.929441,191.777953,B,sample_02,tissue,section
sample_02_g022_c06,434.373587,195.284974,C,sample_02,tissue,section
sample_02_g022_c07,430.375511,195.952818,A,sample_02,tissue,section
sample_02_g022_c08,426.650212,195.280356,C,sample_02,tissue,section
sample_02_g022_c09,424.304836,192.255968,A,sample_02,tissue,section
sample_02_g022_c10,424.291761,188.535382,C,sample_02,tissue,section
sample_02_g023_c01,515.913017,187.10961,B,sample_02,tissue,section
sample_02_g023_c02,517.124654,191.24983,D,sample_02,tissue,section
sample_02_g023_c03,515.084827,195.256263,F,sample_02,tissue,section
sample_02_g023_c04,510.825044,195.833385,C,sample_02,tissue,section
sample_02_g023_c05,506.816085,196.000757,D,sample_02,tissue,section
sample_02_g023_c06,504.796103,192.54376,D,sample_02,tissue,section
sample_02_g023_c07,503.604334,188.878052,B,sample_02,tissue,section
sample_02_g023_c08,505.818992,185.678029,B,sample_02,tissue,section
sample_02_g023_c09,509.134693,183.881941,A,sample_02,tissue,section
sample_02_g023_c10,512.623649,185.055181,A,sample_02,tissue,section
sample_02_g024_c01,587.824812,196.559901,B,sample_02,tissue,section
sample_02_g024_c02,585.226804,193.424217,C,sample_02,tissue,section
sample_02_g024_c03,583.671392,189.9619,B,sample_02,tissue,section
sample_02_g024_c04,584.068044,185.635379,A,sample_02,tissue,section
sample_02_g024_c05,587.857544,183.268578,A,sample_02,tissue,section
sample_02_g024_c06,592.091657,183.692013,C,sample_02,tissue,section
sample_02_g024_c07,594.617896,186.687194,C,sample_02,tissue,section
sample_02_g024_c08,595.805756,190.034952,A,sample_02,tissue,section
sample_02_g024_c09,595.393646,193.968543,B,sample_02,tissue,section
sample_02_g024_c10,591.948681,196.122599,A,sample_02,tissue,section
sample_02_g025_c01,33.246651,264.092767,D,sample_02,tissue,section
sample_02_g025_c02,36.208679,267.077552,B,sample_02,tissue,section
sample_02_g025_c03,37.339122,271.399144,B,sample_02,tissue,section
sample_02_g025_c04,35.095277,275.424678,A,sample_02,tissue,section
sample_02_g025_c05,30.751711,275.944949,C,sample_02,tissue,section
sample_02_g025_c06,26.749754,275.913774,D,sample_02,tissue,section
sample_02_g025_c07,23.888312,272.876794,D,sample_02,tissue,section
sample_02_g025_c08,23.74948,268.808389,B,sample_02,tissue,section
sample_02_g025_c09,26.069757,265.815673,F,sample_02,tissue,section
sample_02_g025_c10,29.062007,262.581833,E,sample_02,tissue,section
sample_02_g026_c01,104.641905,271.362421,B,sample_02,tissue,section
sample_02_g026_c02,103.556516,267.431456,B,sample_02,tissue,section
sample_02_g026_c03,106.403678,264.303801,D,sample_02,tissue,section
sample_02_g026_c04,110.394974,263.947222,D,sample_02,tissue,section
sample_02_g026_c05,113.959671,265.236231,E,sample_02,tissue,section
sample_02_g026_c06,116.647564,268.309701,C,sample_02,tissue,section
sample_02_g026_c07,115.394233,272.150285,E,sample_02,tissue,section
sample_02_g026_c08,113.708883,275.874484,B,sample_02,tissue,section
sample_02_g026_c09,109.592071,276.2513,F,sample_02,tissue,section
sample_02_g026_c10,105.80703,275.044445,D,sample_02,tissue,section
sample_02_g027_c01,183.931824,269.303724,D,sample_02,tissue,section
sample_02_g027_c02,185.006504,265.416984,E,sample_02,tissue,section
sample_02_g027_c03,188.677607,263.473634,F,sample_02,tissue,section
sample_02_g027_c04,192.718077,264.048287,A,sample_02,tissue,section
sample_02_g027_c05,195.888774,266.674479,D,sample_02,tissue,section
sample_02_g027_c06,196.47423,270.742868,D,sample_02,tissue,section
sample_02_g027_c07,194.731054,274.342147,A,sample_02,tissue,section
sample_02_g027_c08,191.349857,276.661908,F,sample_02,tissue,section
sample_02_g027_c09,187.706901,275.021147,C,sample_02,tissue,section
sample_02_g027_c10,184.992231,272.827998,F,sample_02,tissue,section
sample_02_g028_c01,276.334256,271.838225,A,sample_02,tissue,section
sample_02_g028_c02,273.830271,274.934919,C,sample_02,tissue,section
sample_02_g028_c03,270.215853,276.803985,B,sample_02,tissue,section
sample_02_g028_c04,266.543608,275.089187,A,sample_02,tissue,section
sample_02_g028_c05,263.652501,272.287376,C,sample_02,tissue,section
sample_02_g028_c06,263.919825,268.23551,A,sample_02,tissue,section
sample_02_g028_c07,266.442139,265.416053,B,sample_02,tissue,section
sample_02_g028_c08,269.774525,262.892711,A,sample_02,tissue,section
sample_02_g028_c09,273.546015,264.778852,B,sample_02,tissue,section
sample_02_g028_c10,276.436754,267.68046,C,sample_02,tissue,section
sample_02_g029_c01,348.885926,275.458393,C,sample_02,tissue,section
sample_02_g029_c02,344.599151,274.942764,E,sample_02,tissue,section
sample_02_g029_c03,343.78435,270.704251,D,sample_02,tissue,section
sample_02_g029_c04,344.801938,267.05479,E,sample_02,tissue,section
sample_02_g029_c05,347.060707,263.53962,A,sample_02,tissue,section
sample_02_g029_c06,351.228123,263.982822,C,sample_02,tissue,section
sample_02_g029_c07,355.184541,265.255198,D,sample_02,tissue,section
sample_02_g029_c08,356.925588,269.215311,E,sample_02,tissue,section
sample_02_g029_c09,356.294528,273.566465,E,sample_02,tissue,section
sample_02_g029_c10,353.066663,276.740331,A,sample_02,tissue,section
sample_02_g030_c01,430.930591,263.700855,D,sample_02,tissue,section
sample_02_g030_c02,434.491236,265.414291,A,sample_02,tissue,section
sample_02_g030_c03,435.427762,269.082322,C,sample_02,tissue,section
sample_02_g030_c04,436.021184,272.989424,F,sample_02,tissue,section
sample_02_g030_c05,432.901706,275.551321,E,sample_02,tissue,section
sample_02_g030_c06,429.064846,276.330037,A,sample_02,tissue,section
sample_02_g030_c07,425.089811,275.013475,F,sample_02,tissue,section
sample_02_g030_c08,422.901976,271.200072,C,sample_02,tissue,section
sample_02_g030_c09,424.677033,267.35723,D,sample_02,tissue,section
sample_02_g030_c10,426.712408,263.710432,B,sample_02,tissue,section
sample_02_g031_c01,507.076992,263.356599,B,sample_02,tissue,section
sample_02_g031_c02,511.453347,263.306933,F,sample_02,tissue,section
sample_02_g031_c03,515.022888,265.517082,E,sample_02,tissue,section
sample_02_g031_c04,515.53375,269.442893,D,sample_02,tissue,section
sample_02_g031_c05,514.956065,272.890425,F,sample_02,tissue,section
sample_02_g031_c06,512.625292,275.966755,D,sample_02,tissue,section
sample_02_g031_c07,508.778542,275.625151,D,sample_02,tissue,section
sample_02_g031_c08,505.112719,274.361889,D,sample_02,tissue,section
sample_02_g031_c09,503.604334,270.64388,E,sample_02,tissue,section
sample_02_g031_c10,504.667932,266.890287,F,sample_02,tissue,section
sample_02_g032_c01,585.082528,265.529664,B,sample_02,tissue,section
sample_02_g032_c02,588.778145,264.113806,C,sample_02,tissue,section
sample_02_g032_c03,592.422025,264.629087,A,sample_02,tissue,section
sample_02_g032_c04,595.607669,266.797951,A,sample_02,tissue,section
sample_02_g032_c05,596.847166,270.75268,C,sample_02,tissue,section
sample_02_g032_c06,595.284578,274.804062,A,sample_02,tissue,section
sample_02_g032_c07,591.152779,275.553424,C,sample_02,tissue,section
sample_02_g032_c08,587.338566,275.90181,B,sample_02,tissue,section
sample_02_g032_c09,583.923698,273.469644,B,sample_02,tissue,section
sample_02_g032_c10,583.602615,269.296763,A,sample_02,tissue,section
sample_02_g033_c01,25.877893,355.304999,A,sample_02,tissue,section
sample_02_g033_c02,23.073178,352.006132,C,sample_02,tissue,section
sample_02_g033_c03,23.501182,347.654125,C,sample_02,tissue,section
sample_02_g033_c04,26.887727,345.41216,B,sample_02,tissue,section
sample_02_g033_c05,30.219395,343.200324,B,sample_02,tissue,section
sample_02_g033_c06,34.14705,344.662901,B,sample_02,tissue,section
sample_02_g033_c07,35.734628,348.339149,C,sample_02,tissue,section
sample_02_g033_c08,36.680823,352.411574,A,sample_02,tissue,section
sample_02_g033_c09,34.011783,355.913819,A,sample_02,tissue,section
sample_02_g033_c10,29.809186,355.91387,A,sample_02,tissue,section
sample_02_g034_c01,104.368426,351.709517,E,sample_02,tissue,section
sample_02_g034_c02,104.320026,348.031596,D,sample_02,tissue,section
sample_02_g034_c03,105.742721,343.894191,E,sample_02,tissue,section
sample_02_g034_c04,110.119967,343.829666,D,sample_02,tissue,section
sample_02_g034_c05,113.59936,345.243182,E,sample_02,tissue,section
sample_02_g034_c06,117.134459,347.834268,B,sample_02,tissue,section
sample_02_g034_c07,117.066038,352.448747,B,sample_02,tissue,section
sample_02_g034_c08,113.92699,355.632107,F,sample_02,tissue,section
sample_02_g034_c09,109.85708,357.350837,C,sample_02,tissue,section
sample_02_g034_c10,105.606449,355.806399,F,sample_02,tissue,section
sample_02_g035_c01,192.040086,342.864094,A,sample_02,tissue,section
sample_02_g035_c02,195.309845,345.844732,A,sample_02,tissue,section
sample_02_g035_c03,196.501619,349.767814,E,sample_02,tissue,section
sample_02_g035_c04,194.911224,353.307018,B,sample_02,tissue,section
sample_02_g035_c05,192.548781,356.985537,A,sample_02,tissue,section
sample_02_g035_c06,188.30719,355.921189,C,sample_02,tissue,section
sample_02_g035_c07,184.509687,354.296495,A,sample_02,tissue,section
sample_02_g035_c08,183.394566,350.235894,B,sample_02,tissue,section
sample_02_g035_c09,185.126628,346.71847,A,sample_02,tissue,section
sample_02_g035_c10,187.878201,344.184708,A,sample_02,tissue,section
sample_02_g036_c01,271.486496,355.958121,A,sample_02,tissue,section
sample_02_g036_c02,267.424861,356.376504,C,sample_02,tissue,section
sample_02_g036_c03,263.859981,353.838017,B,sample_02,tissue,section
sample_02_g036_c04,263.641421,349.556343,B,sample_02,tissue,section
sample_02_g036_c05,265.152495,345.933726,B,sample_02,tissue,section
sample_02_g036_c06,268.413184,343.639778,A,sample_02,tissue,section
sample_02_g036_c07,272.087939,344.82989,A,sample_02,tissue,section
sample_02_g036_c08,276.081281,346.198699,C,sample_02,tissue,section
sample_02_g036_c09,275.673987,350.395891,C,sample_02,tissue,section
sample_02_g036_c10,274.57259,353.835666,A,sample_02,tissue,section
sample_02_g037_c01,343.578981,353.191042,C,sample_02,tissue,section
sample_02_g037_c02,343.521382,348.907237,B,sample_02,tissue,section
sample_02_g037_c03,344.809232,344.704155,A,sample_02,tissue,section
sample_02_g037_c04,349.009464,343.313032,A,sample_02,tissue,section
sample_02_g037_c05,353.271364,343.73556,C,sample_02,tissue,section
sample_02_g037_c06,355.497386,347.267975,B,sample_02,tissue,section
sample_02_g037_c07,355.457319,350.920498,A,sample_02,tissue,section
sample_02_g037_c08,354.763211,354.859632,C,sample_02,tissue,section
sample_02_g037_c09,350.892786,356.027069,B,sample_02,tissue,section
sample_02_g037_c10,346.745413,356.232313,A,sample_02,tissue,section
sample_02_g038_c01,427.49349,343.463484,A,sample_02,tissue,section
sample_02_g038_c02,431.897131,342.929705,B,sample_02,tissue,section
sample_02_g038_c03,434.461489,346.389741,F,sample_02,tissue,section
sample_02_g038_c04,437.291445,349.620429,E,sample_02,tissue,section
sample_02_g038_c05,435.938175,353.85925,B,sample_02,tissue,section
sample_02_g038_c06,432.154971,355.619766,A,sample_02,tissue,section
sample_02_g038_c07,428.428947,355.855054,E,sample_02,tissue,section
sample_02_g038_c08,425.287933,353.813028,E,sample_02,tissue,section
sample_02_g038_c09,422.899082,350.369652,F,sample_02,tissue,section
sample_02_g038_c10,424.886386,346.676636,F,sample_02,tissue,section
sample_02_g039_c01,506.425359,356.242879,B,sample_02,tissue,section
sample_02_g039_c02,504.386602,352.523322,C,sample_02,tissue,section
sample_02_g039_c03,504.062574,348.760123,E,sample_02,tissue,section
sample_02_g039_c04,506.080487,345.678102,E,sample_02,tissue,section
sample_02_g039_c05,509.196876,342.612845,E,sample_02,tissue,section
sample_02_g039_c06,513.213055,344.388608,F,sample_02,tissue,section
sample_02_g039_c07,516.795567,346.945271,D,sample_02,tissue,section
sample_02_g039_c08,516.077856,351.269202,E,sample_02,tissue,section
sample_02_g039_c09,514.359082,354.806594,B,sample_02,tissue,section
sample_02_g039_c10,510.643662,355.920424,C,sample_02,tissue,section
sample_02_g040_c01,592.888637,343.476263,B,sample_02,tissue,section
sample_02_g040_c02,596.034675,346.49946,A,sample_02,tissue,section
sample_02_g040_c03,596.075028,350.625995,A,sample_02,tissue,section
sample_02_g040_c04,595.493272,354.925928,C,sample_02,tissue,section
sample_02_g040_c05,591.380139,356.428589,A,sample_02,tissue,section
sample_02_g040_c06,587.68291,355.232948,B,sample_02,tissue,section
sample_02_g040_c07,585.129256,352.825378,C,sample_02,tissue,section
sample_02_g040_c08,582.95206,349.273752,B,sample_02,tissue,section
sample_02_g040_c09,585.716265,346.158688,A,sample_02,tissue,section
sample_02_g040_c10,588.591143,343.437649,C,sample_02,tissue,section
sample_02_g041_c01,25.332741,424.762546,F,sample_02,tissue,section
sample_02_g041_c02,29.447582,424.470593,B,sample_02,tissue,section
sample_02_g041_c03,33.464527,424.06993,B,sample_02,tissue,section
sample_02_g041_c04,36.615769,427.09516,D,sample_02,tissue,section
sample_02_g041_c05,35.55321,431.210264,B,sample_02,tissue,section
sample_02_g041_c06,34.440421,434.982903,E,sample_02,tissue,section
sample_02_g041_c07,30.631848,436.32446,C,sample_02,tissue,section
sample_02_g041_c08,26.524085,435.949562,B,sample_02,tissue,section
sample_02_g041_c09,23.409753,432.893634,D,sample_02,tissue,section
sample_02_g041_c10,24.4125,428.782263,F,sample_02,tissue,section
sample_02_g042_c01,104.200435,425.269447,C,sample_02,tissue,section
sample_02_g042_c02,108.399942,423.942644,F,sample_02,tissue,section
sample_02_g042_c03,112.615338,423.258382,E,sample_02,tissue,section
sample_02_g042_c04,114.989412,426.784941,E,sample_02,tissue,section
sample_02_g042_c05,116.29777,430.352456,E,sample_02,tissue,section
sample_02_g042_c06,114.500769,433.67116,D,sample_02,tissue,section
sample_02_g042_c07,111.801675,436.820622,A,sample_02,tissue,section
sample_02_g042_c08,107.469556,436.522785,B,sample_02,tissue,section
sample_02_g042_c09,103.943341,433.902768,B,sample_02,tissue,section
sample_02_g042_c10,102.813138,429.597786,C,sample_02,tissue,section
sample_02_g043_c01,194.623612,426.807542,F,sample_02,tissue,section
sample_02_g043_c02,195.90656,430.141893,D,sample_02,tissue,section
sample_02_g043_c03,195.535084,434.22824,E,sample_02,tissue,section
sample_02_g043_c04,191.958716,436.560403,F,sample_02,tissue,section
sample_02_g043_c05,187.581643,436.876435,E,sample_02,tissue,section
sample_02_g043_c06,183.919296,434.198534,E,sample_02,tissue,section
sample_02_g043_c07,183.274533,429.838435,C,sample_02,tissue,section
sample_02_g043_c08,184.357013,425.689332,C,sample_02,tissue,section
sample_02_g043_c09,188.066538,423.52418,B,sample_02,tissue,section
sample_02_g043_c10,192.084701,424.072295,D,sample_02,tissue,section
sample_02_g044_c01,276.256653,429.978813,A,sample_02,tissue,section
sample_02_g044_c02,275.060606,433.650628,A,sample_02,tissue,section
sample_02_g044_c03,271.819913,435.537246,A,sample_02,tissue,section
sample_02_g044_c04,268.030862,436.130949,C,sample_02,tissue,section
sample_02_g044_c05,264.989394,433.666406,B,sample_02,tissue,section
sample_02_g044_c06,263.302383,430.02268,C,sample_02,tissue,section
sample_02_g044_c07,264.632969,426.128323,B,sample_02,tissue,section
sample_02_g044_c08,268.140393,424.341983,B,sample_02,tissue,section
sample_02_g044_c09,272.062932,423.577025,C,sample_02,tissue,section
sample_02_g044_c10,275.290032,426.12913,A,sample_02,tissue,section
sample_02_g045_c01,344.842374,434.731706,F,sample_02,tissue,section
sample_02_g045_c02,343.744209,430.716504,D,sample_02,tissue,section
sample_02_g045_c03,344.105125,426.66944,C,sample_02,tissue,section
sample_02_g045_c04,347.356017,424.207388,B,sample_02,tissue,section
sample_02_g045_c05,351.285685,423.661475,B,sample_02,tissue,section
sample_02_g045_c06,354.067636,426.268271,D,sample_02,tissue,section
sample_02_g045_c07,357.350075,429.158162,D,sample_02,tissue,section
sample_02_g045_c08,355.256769,432.970035,A,sample_02,tissue,section
sample_02_g045_c09,352.717993,435.954759,E,sample_02,tissue,section
sample_02_g045_c10,348.663384,436.589617,D,sample_02,tissue,section
sample_02_g046_c01,431.207423,436.888082,C,sample_02,tissue,section
sample_02_g046_c02,426.845281,436.451678,D,sample_02,tissue,section
sample_02_g046_c03,424.373457,432.984441,C,sample_02,tissue,section
sample_02_g046_c04,422.816889,428.983122,E,sample_02,tissue,section
sample_02_g046_c05,426.027842,426.156415,D,sample_02,tissue,section
sample_02_g046_c06,428.784849,423.067832,F,sample_02,tissue,section
sample_02_g046_c07,433.01396,423.836186,B,sample_02,tissue,section
sample_02_g046_c08,435.328264,427.173772,E,sample_02,tissue,section
sample_02_g046_c09,435.524117,430.782022,C,sample_02,tissue,section
sample_02_g046_c10,434.828126,434.671847,C,sample_02,tissue,section
sample_02_g047_c01,503.314928,428.536881,E,sample_02,tissue,section
sample_02_g047_c02,505.725942,425.195259,A,sample_02,tissue,section
sample_02_g047_c03,509.341856,423.353076,A,sample_02,tissue,section
sample_02_g047_c04,512.963586,424.937624,F,sample_02,tissue,section
sample_02_g047_c05,515.428845,427.622021,F,sample_02,tissue,section
sample_02_g047_c06,515.750686,431.258616,E,sample_02,tissue,section
sample_02_g047_c07,514.081506,434.588281,B,sample_02,tissue,section
sample_02_g047_c08,510.558543,435.64101,C,sample_02,tissue,section
sample_02_g047_c09,506.22174,436.453996,B,sample_02,tissue,section
sample_02_g047_c10,504.057038,432.603176,C,sample_02,tissue,section
sample_02_g048_c01,596.274181,433.32202,A,sample_02,tissue,section
sample_02_g048_c02,592.531178,435.166796,A,sample_02,tissue,section
sample_02_g048_c03,588.901178,436.295911,B,sample_02,tissue,section
sample_02_g048_c04,585.651973,434.213519,B,sample_02,tissue,section
sample_02_g048_c05,583.598237,430.911096,B,sample_02,tissue,section
sample_02_g048_c06,583.730633,426.680529,A,sample_02,tissue,section
sample_02_g048_c07,587.518824,424.935271,C,sample_02,tissue,section
sample_02_g048_c08,591.217731,423.022778,A,sample_02,tissue,section
sample_02_g048_c09,594.944355,425.2086,C,sample_02,tissue,section
sample_02_g048_c10,595.993588,429.146995,C,sample_02,tissue,section
sample_02_g049_c01,24.438191,514.907989,F,sample_02,tissue,section
sample_02_g049_c02,22.745642,510.68914,B,sample_02,tissue,section
sample_02_g049_c03,24.022718,506.468794,B,sample_02,tissue,section
sample_02_g049_c04,27.454401,504.12496,F,sample_02,tissue,section
sample_02_g049_c05,31.293997,504.198328,B,sample_02,tissue,section
sample_02_g049_c06,34.729523,505.826457,D,sample_02,tissue,section
sample_02_g049_c07,36.648627,509.368402,D,sample_02,tissue,section
sample_02_g049_c08,35.669439,513.349341,A,sample_02,tissue,section
sample_02_g049_c09,32.233028,515.153651,E,sample_02,tissue,section
sample_02_g049_c10,28.402532,517.162295,A,sample_02,tissue,section
sample_02_g050_c01,104.090315,510.082301,C,sample_02,tissue,section
sample_02_g050_c02,105.389408,506.74733,B,sample_02,tissue,section
sample_02_g050_c03,108.201873,504.717395,A,sample_02,tissue,section
sample_02_g050_c04,112.185907,502.939401,A,sample_02,tissue,section
sample_02_g050_c05,115.003817,506.256956,C,sample_02,tissue,section
sample_02_g050_c06,115.769169,509.919656,B,sample_02,tissue,section
sample_02_g050_c07,116.122629,514.319379,B,sample_02,tissue,section
sample_02_g050_c08,112.069538,516.079967,A,sample_02,tissue,section
sample_02_g050_c09,108.058447,516.271321,C,sample_02,tissue,section
sample_02_g050_c10,105.397858,513.442576,A,sample_02,tissue,section
sample_02_g051_c01,194.856136,514.689525,A,sample_02,tissue,section
sample_02_g051_c02,191.229638,516.973663,C,sample_02,tissue,section
sample_02_g051_c03,187.195603,515.749851,E,sample_02,tissue,section
sample_02_g051_c04,184.325774,513.017032,E,sample_02,tissue,section
sample_02_g051_c05,183.493279,509.085533,F,sample_02,tissue,section
sample_02_g051_c06,184.720499,504.901635,E,sample_02,tissue,section
sample_02_g051_c07,188.900961,503.767006,B,sample_02,tissue,section
sample_02_g051_c08,192.659947,504.546313,F,sample_02,tissue,section
sample_02_g051_c09,195.382594,507.138031,D,sample_02,tissue,section
sample_02_g051_c10,197.204988,511.012602,E,sample_02,tissue,section
sample_02_g052_c01,263.603147,512.588017,D,sample_02,tissue,section
sample_02_g052_c02,264.330469,508.589276,B,sample_02,tissue,section
sample_02_g052_c03,265.32813,504.437628,E,sample_02,tissue,section
sample_02_g052_c04,269.496316,502.845626,A,sample_02,tissue,section
sample_02_g052_c05,273.227429,504.829593,D,sample_02,tissue,section
sample_02_g052_c06,276.047061,507.553501,F,sample_02,tissue,section
sample_02_g052_c07,276.854772,511.705643,D,sample_02,tissue,section
sample_02_g052_c08,274.504011,515.362517,D,sample_02,tissue,section
sample_02_g052_c09,270.474512,516.74002,E,sample_02,tissue,section
sample_02_g052_c10,266.830322,515.077889,D,sample_02,tissue,section
sample_02_g053_c01,353.666608,503.647487,F,sample_02,tissue,section
sample_02_g053_c02,356.055389,507.303096,D,sample_02,tissue,section
sample_02_g053_c03,356.097108,511.295216,F,sample_02,tissue,section
sample_02_g053_c04,354.032301,514.477244,A,sample_02,tissue,section
sample_02_g053_c05,350.717088,516.814773,F,sample_02,tissue,section
sample_02_g053_c06,346.767178,515.600964,E,sample_02,tissue,section
sample_02_g053_c07,344.876788,512.281738,B,sample_02,tissue,section
sample_02_g053_c08,343.531593,508.625909,D,sample_02,tissue,section
sample_02_g053_c09,345.623499,505.140576,C,sample_02,tissue,section
sample_02_g053_c10,349.340925,503.73655,F,sample_02,tissue,section
sample_02_g054_c01,424.446787,513.823576,D,sample_02,tissue,section
sample_02_g054_c02,423.616446,509.838273,F,sample_02,tissue,section
sample_02_g054_c03,425.624058,506.648131,D,sample_02,tissue,section
sample_02_g054_c04,427.956331,503.122175,E,sample_02,tissue,section
sample_02_g054_c05,431.989191,504.367479,D,sample_02,tissue,section
sample_02_g054_c06,435.028649,506.537604,B,sample_02,tissue,section
sample_02_g054_c07,436.649285,510.168459,D,sample_02,tissue,section
sample_02_g054_c08,434.775031,513.657562,B,sample_02,tissue,section
sample_02_g054_c09,432.037005,516.855399,E,sample_02,tissue,section
sample_02_g054_c10,427.977415,515.727078,C,sample_02,tissue,section
sample_02_g055_c01,510.573586,502.553463,C,sample_02,tissue,section
sample_02_g055_c02,514.593992,504.602963,A,sample_02,tissue,section
sample_02_g055_c03,516.729458,508.372549,D,sample_02,tissue,section
sample_02_g055_c04,515.874212,512.421731,F,sample_02,tissue,section
sample_02_g055_c05,513.352606,515.450571,C,sample_02,tissue,section
sample_02_g055_c06,509.574744,515.520864,C,sample_02,tissue,section
sample_02_g055_c07,506.203314,514.46036,D,sample_02,tissue,section
sample_02_g055_c08,503.85142,511.486972,D,sample_02,tissue,section
sample_02_g055_c09,504.660517,507.798719,E,sample_02,tissue,section
sample_02_g055_c10,506.371798,504.101372,D,sample_02,tissue,section
sample_02_g056_c01,589.640894,516.638936,A,sample_02,tissue,section
sample_02_g056_c02,585.445447,515.605143,E,sample_02,tissue,section
sample_02_g056_c03,583.574174,511.710241,A,sample_02,tissue,section
sample_02_g056_c04,584.237036,507.776701,B,sample_02,tissue,section
sample_02_g056_c05,586.312273,504.300478,A,sample_02,tissue,section
sample_02_g056_c06,590.311687,504.237711,E,sample_02,tissue,section
sample_02_g056_c07,593.575506,505.599739,E,sample_02,tissue,section
sample_02_g056_c08,596.99994,508.136958,B,sample_02,tissue,section
sample_02_g056_c09,596.621169,512.554387,C,sample_02,tissue,section
sample_02_g056_c10,593.46746,515.35909,E,sample_02,tissue,section
sample_02_g057_c01,23.974203,592.911296,D,sample_02,tissue,section
sample_02_g057_c02,23.140276,588.764132,A,sample_02,tissue,section
sample_02_g057_c03,25.419306,585.221124,F,sample_02,tissue,section
sample_02_g057_c04,29.118405,583.55331,A,sample_02,tissue,section
sample_02_g057_c05,33.430547,583.605545,B,sample_02,tissue,section
sample_02_g057_c06,36.208498,587.000434,D,sample_02,tissue,section
sample_02_g057_c07,36.751802,591.216424,A,sample_02,tissue,section
sample_02_g057_c08,34.747438,594.952834,B,sample_02,tissue,section
sample_02_g057_c09,30.81725,595.976166,E,sample_02,tissue,section
sample_02_g057_c10,26.938318,595.7069,E,sample_02,tissue,section
sample_02_g058_c01,107.154938,596.218051,B,sample_02,tissue,section
sample_02_g058_c02,104.651898,593.015172,A,sample_02,tissue,section
sample_02_g058_c03,104.154352,589.325041,A,sample_02,tissue,section
sample_02_g058_c04,105.043634,585.444557,C,sample_02,tissue,section
sample_02_g058_c05,108.521602,582.676931,A,sample_02,tissue,section
sample_02_g058_c06,112.963639,583.522792,C,sample_02,tissue,section
sample_02_g058_c07,115.027079,587.165815,B,sample_02,tissue,section
sample_02_g058_c08,116.896227,590.796263,A,sample_02,tissue,section
sample_02_g058_c09,114.911916,594.514588,B,sample_02,tissue,section
sample_02_g058_c10,111.48197,597.340765,C,sample_02,tissue,section
sample_02_g059_c01,196.097938,590.716033,C,sample_02,tissue,section
sample_02_g059_c02,194.64042,594.281626,A,sample_02,tissue,section
sample_02_g059_c03,191.223985,596.123847,C,sample_02,tissue,section
sample_02_g059_c04,187.335424,595.793969,B,sample_02,tissue,section
sample_02_g059_c05,184.524402,593.073123,A,sample_02,tissue,section
sample_02_g059_c06,184.274286,589.327674,B,sample_02,tissue,section
sample_02_g059_c07,185.390241,585.746665,A,sample_02,tissue,section
sample_02_g059_c08,188.711138,583.551559,B,sample_02,tissue,section
sample_02_g059_c09,192.675097,584.183153,A,sample_02,tissue,section
sample_02_g059_c10,195.76812,586.762702,C,sample_02,tissue,section
sample_02_g060_c01,266.901322,585.307169,E,sample_02,tissue,section
sample_02_g060_c02,270.292396,583.468373,F,sample_02,tissue,section
sample_02_g060_c03,274.637786,584.182687,D,sample_02,tissue,section
sample_02_g060_c04,276.069385,588.324018,F,sample_02,tissue,section
sample_02_g060_c05,276.092186,592.285438,D,sample_02,tissue,section
sample_02_g060_c06,273.295259,594.990545,B,sample_02,tissue,section
sample_02_g060_c07,269.736265,595.891404,D,sample_02,tissue,section
sample_02_g060_c08,266.309435,594.629186,D,sample_02,tissue,section
sample_02_g060_c09,264.655142,591.475913,A,sample_02,tissue,section
sample_02_g060_c10,263.328569,587.497263,A,sample_02,tissue,section
sample_03_g001_c01,31.089776,36.883284,B,sample_03,tissue,section
sample_03_g001_c02,26.650558,36.572661,C,sample_03,tissue,section
sample_03_g001_c03,24.504192,32.799833,F,sample_03,tissue,section
sample_03_g001_c04,24.321772,29.100303,B,sample_03,tissue,section
sample_03_g001_c05,25.785923,25.78541,E,sample_03,tissue,section
sample_03_g001_c06,29.12865,24.496344,E,sample_03,tissue,section
sample_03_g001_c07,33.014138,24.08531,F,sample_03,tissue,section
sample_03_g001_c08,35.853038,27.018177,D,sample_03,tissue,section
sample_03_g001_c09,37.108533,31.126324,B,sample_03,tissue,section
sample_03_g001_c10,35.105324,35.105945,A,sample_03,tissue,section
sample_03_g002_c01,116.118789,29.748295,B,sample_03,tissue,section
sample_03_g002_c02,115.623802,33.742729,D,sample_03,tissue,section
sample_03_g002_c03,112.138013,35.762604,A,sample_03,tissue,section
sample_03_g002_c04,108.334109,35.948753,A,sample_03,tissue,section
sample_03_g002_c05,105.025488,33.936479,D,sample_03,tissue,section
sample_03_g002_c06,103.995954,30.246985,B,sample_03,tissue,section
sample_03_g002_c07,105.019784,26.685588,C,sample_03,tissue,section
sample_03_g002_c08,107.395563,22.98024,A,sample_03,tissue,section
sample_03_g002_c09,111.639501,24.145482,D,sample_03,tissue,section
sample_03_g002_c10,115.48953,25.655972,E,sample_03,tissue,section
sample_03_g003_c01,183.053746,28.676026,A,sample_03,tissue,section
sample_03_g003_c02,184.992961,24.66967,C,sample_03,tissue,section
sample_03_g003_c03,189.284099,24.339984,B,sample_03,tissue,section
sample_03_g003_c04,193.276944,24.037114,A,sample_03,tissue,section
sample_03_g003_c05,195.820737,27.259888,A,sample_03,tissue,section
sample_03_g003_c06,195.556571,31.059097,C,sample_03,tissue,section
sample_03_g003_c07,194.577032,34.87256,A,sample_03,tissue,section
sample_03_g003_c08,190.871424,36.889608,B,sample_03,tissue,section
sample_03_g003_c09,186.880903,35.675659,B,sample_03,tissue,section
sample_03_g003_c10,184.715182,32.487828,C,sample_03,tissue,section
sample_03_g004_c01,263.244686,31.783862,F,sample_03,tissue,section
sample_03_g004_c02,263.501457,27.478379,F,sample_03,tissue,section
sample_03_g004_c03,266.863174,25.131165,F,sample_03,tissue,section
sample_03_g004_c04,270.332151,24.073302,F,sample_03,tissue,section
sample_03_g004_c05,274.031079,25.058761,E,sample_03,tissue,section
sample_03_g004_c06,275.50303,28.546826,D,sample_03,tissue,section
sample_03_g004_c07,276.491879,32.519035,F,sample_03,tissue,section
sample_03_g004_c08,273.769317,35.850558,C,sample_03,tissue,section
sample_03_g004_c09,269.654294,36.168565,B,sample_03,tissue,section
sample_03_g004_c10,266.208737,34.647275,F,sample_03,tissue,section
sample_03_g005_c01,348.992372,24.442328,C,sample_03,tissue,section
sample_03_g005_c02,352.699076,24.397661,A,sample_03,tissue,section
sample_03_g005_c03,356.39135,26.562019,A,sample_03,tissue,section
sample_03_g005_c04,355.938091,30.80536,B,sample_03,tissue,section
sample_03_g005_c05,354.639729,34.437491,C,sample_03,tissue,section
sample_03_g005_c06,351.220248,36.730403,A,sample_03,tissue,section
sample_03_g005_c07,347.311292,35.58082,A,sample_03,tissue,section
sample_03_g005_c08,345.0918,32.640178,B,sample_03,tissue,section
sample_03_g005_c09,342.713398,29.011746,B,sample_03,tissue,section
sample_03_g005_c10,344.961834,25.181439,C,sample_03,tissue,section
sample_03_g006_c01,435.837206,27.42044,F,sample_03,tissue,section
sample_03_g006_c02,436.640004,31.430592,E,sample_03,tissue,section
sample_03_g006_c03,434.992594,35.575789,D,sample_03,tissue,section
sample_03_g006_c04,430.67614,36.608917,E,sample_03,tissue,section
sample_03_g006_c05,427.22229,34.780535,F,sample_03,tissue,section
sample_03_g006_c06,424.130947,32.593634,E,sample_03,tissue,section
sample_03_g006_c07,424.400172,28.793514,D,sample_03,tissue,section
sample_03_g006_c08,425.190081,24.628224,A,sample_03,tissue,section
sample_03_g006_c09,429.367767,23.820251,D,sample_03,tissue,section
sample_03_g006_c10,433.510925,23.957577,D,sample_03,tissue,section
sample_03_g007_c01,504.896256,33.542593,D,sample_03,tissue,section
sample_03_g007_c02,503.063757,29.850486,C,sample_03,tissue,section
sample_03_g007_c03,505.454278,26.54525,C,sample_03,tissue,section
sample_03_g007_c04,507.878069,22.956348,B,sample_03,tissue,section
sample_03_g007_c05,512.077984,24.044506,A,sample_03,tissue,section
sample_03_g007_c06,514.669466,26.758847,E,sample_03,tissue,section
sample_03_g007_c07,515.808434,30.125203,F,sample_03,tissue,section
sample_03_g007_c08,514.802241,33.649704,D,sample_03,tissue,section
sample_03_g007_c09,511.816138,36.028588,E,sample_03,tissue,section
sample_03_g007_c10,507.974793,35.804234,C,sample_03,tissue,section
sample_03_g008_c01,594.178671,36.21804,A,sample_03,tissue,section
sample_03_g008_c02,589.730142,37.366596,B,sample_03,tissue,section
sample_03_g008_c03,586.541124,34.411591,C,sample_03,tissue,section
sample_03_g008_c04,584.145836,31.667828,A,sample_03,tissue,section
sample_03_g008_c05,584.656808,28.044885,C,sample_03,tissue,section
sample_03_g008_c06,586.399251,24.641932,B,sample_03,tissue,section
sample_03_g008_c07,590.244321,23.330524,B,sample_03,tissue,section
sample_03_g008_c08,593.887434,25.041809,A,sample_03,tissue,section
sample_03_g008_c09,596.045957,28.277531,C,sample_03,tissue,section
sample_03_g008_c10,596.064521,32.219055,A,sample_03,tissue,section
sample_03_g009_c01,36.0031,105.656629,B,sample_03,tissue,section
sample_03_g009_c02,37.463817,110.01478,B,sample_03,tissue,section
sample_03_g009_c03,35.958322,114.347027,C,sample_03,tissue,section
sample_03_g009_c04,31.800284,115.578266,A,sample_03,tissue,section
sample_03_g009_c05,27.853088,116.563264,A,sample_03,tissue,section
sample_03_g009_c06,24.651195,113.869975,A,sample_03,tissue,section
sample_03_g009_c07,23.368855,109.986869,C,sample_03,tissue,section
sample_03_g009_c08,25.122452,106.441475,C,sample_03,tissue,section
sample_03_g009_c09,27.936514,103.606191,A,sample_03,tissue,section
sample_03_g009_c10,31.720852,104.739232,B,sample_03,tissue,section
sample_03_g010_c01,104.66295,114.013516,C,sample_03,tissue,section
sample_03_g010_c02,103.98063,110.099135,A,sample_03,tissue,section
sample_03_g010_c03,105.259721,106.673855,B,sample_03,tissue,section
sample_03_g010_c04,108.07313,104.385998,B,sample_03,tissue,section
sample_03_g010_c05,112.026014,103.396488,B,sample_03,tissue,section
sample_03_g010_c06,115.165726,106.115321,D,sample_03,tissue,section
sample_03_g010_c07,115.967886,109.901712,B,sample_03,tissue,section
sample_03_g010_c08,114.941244,113.467158,B,sample_03,tissue,section
sample_03_g010_c09,112.025218,115.900542,B,sample_03,tissue,section
sample_03_g010_c10,107.958133,116.655184,D,sample_03,tissue,section
sample_03_g011_c01,193.677456,115.97763,E,sample_03,tissue,section
sample_03_g011_c02,189.545698,115.904115,D,sample_03,tissue,section
sample_03_g011_c03,186.002169,114.697428,C,sample_03,tissue,section
sample_03_g011_c04,184.379741,111.359679,E,sample_03,tissue,section
sample_03_g011_c05,183.852314,107.466101,A,sample_03,tissue,section
sample_03_g011_c06,186.922183,104.997071,C,sample_03,tissue,section
sample_03_g011_c07,190.532794,103.075797,A,sample_03,tissue,section
sample_03_g011_c08,194.235549,105.023255,F,sample_03,tissue,section
sample_03_g011_c09,195.718136,108.616642,F,sample_03,tissue,section
sample_03_g011_c10,196.555446,112.701966,C,sample_03,tissue,section
sample_03_g012_c01,266.422651,115.033091,E,sample_03,tissue,section
sample_03_g012_c02,263.344588,112.239288,E,sample_03,tissue,section
sample_03_g012_c03,263.948689,108.103181,F,sample_03,tissue,section
sample_03_g012_c04,266.142963,104.805754,A,sample_03,tissue,section
sample_03_g012_c05,269.931565,103.422351,A,sample_03,tissue,section
sample_03_g012_c06,273.244136,105.435716,E,sample_03,tissue,section
sample_03_g012_c07,276.372207,107.855999,F,sample_03,tissue,section
sample_03_g012_c08,276.27786,111.967832,A,sample_03,tissue,section
sample_03_g012_c09,273.823158,115.14862,C,sample_03,tissue,section
sample_03_g012_c10,270.074453,117.156094,C,sample_03,tissue,section
sample_03_g013_c01,344.084436,106.229913,A,sample_03,tissue,section
sample_03_g013_c02,347.604882,103.916512,B,sample_03,tissue,section
sample_03_g013_c03,351.520221,104.12599,C,sample_03,tissue,section
sample_03_g013_c04,354.58513,106.22166,A,sample_03,tissue,section
sample_03_g013_c05,355.963433,109.63631,A,sample_03,tissue,section
sample_03_g013_c06,355.021058,113.200004,B,sample_03,tissue,section
sample_03_g013_c07,352.127848,115.404634,C,sample_03,tissue,section
sample_03_g013_c08,348.596429,115.423284,B,sample_03,tissue,section
sample_03_g013_c09,345.009722,114.112199,A,sample_03,tissue,section
sample_03_g013_c10,343.499624,110.396437,C,sample_03,tissue,section
sample_03_g014_c01,435.268096,106.398065,B,sample_03,tissue,section
sample_03_g014_c02,436.155614,110.176088,A,sample_03,tissue,section
sample_03_g014_c03,435.296378,114.084441,A,sample_03,tissue,section
sample_03_g014_c04,431.687586,115.748204,B,sample_03,tissue,section
sample_03_g014_c05,427.561598,116.833272,A,sample_03,tissue,section
sample_03_g014_c06,423.963384,114.127393,A,sample_03,tissue,section
sample_03_g014_c07,423.421642,109.811819,C,sample_03,tissue,section
sample_03_g014_c08,424.788691,105.981162,C,sample_03,tissue,section
sample_03_g014_c09,428.117235,103.586981,B,sample_03,tissue,section
sample_03_g014_c10,431.940896,104.560916,C,sample_03,tissue,section
sample_03_g015_c01,506.18451,105.076203,F,sample_03,tissue,section
sample_03_g015_c02,509.810615,103.879742,A,sample_03,tissue,section
sample_03_g015_c03,513.143955,105.378601,F,sample_03,tissue,section
sample_03_g015_c04,515.785108,107.920381,E,sample_03,tissue,section
sample_03_g015_c05,516.974059,112.029796,D,sample_03,tissue,section
sample_03_g015_c06,513.589876,114.632647,C,sample_03,tissue,section
sample_03_g015_c07,510.205248,116.632874,E,sample_03,tissue,section
sample_03_g015_c08,506.642167,114.935784,A,sample_03,tissue,section
sample_03_g015_c09,504.791888,111.872202,E,sample_03,tissue,section
sample_03_g015_c10,504.157733,108.299612,E,sample_03,tissue,section
sample_03_g016_c01,596.308375,112.443255,D,sample_03,tissue,section
sample_03_g016_c02,592.997255,114.645762,E,sample_03,tissue,section
sample_03_g016_c03,589.638809,116.518441,B,sample_03,tissue,section
sample_03_g016_c04,585.485773,115.540603,C,sample_03,tissue,section
sample_03_g016_c05,584.252278,111.521667,B,sample_03,tissue,section
sample_03_g016_c06,583.885413,107.6318,A,sample_03,tissue,section
sample_03_g016_c07,586.347504,104.338611,B,sample_03,tissue,section
sample_03_g016_c08,590.362275,103.46199,F,sample_03,tissue,section
sample_03_g016_c09,594.718905,104.208183,A,sample_03,tissue,section
sample_03_g016_c10,596.855108,108.185161,D,sample_03,tissue,section
sample_03_g017_c01,37.445664,189.639919,C,sample_03,tissue,section
sample_03_g017_c02,34.811208,193.152118,B,sample_03,tissue,section
sample_03_g017_c03,32.314765,196.103694,C,sample_03,tissue,section
sample_03_g017_c04,28.14143,196.825951,B,sample_03,tissue,section
sample_03_g017_c05,24.230859,194.633327,C,sample_03,tissue,section
sample_03_g017_c06,24.301808,190.275571,E,sample_03,tissue,section
sample_03_g017_c07,24.424642,186.347241,F,sample_03,tissue,section
sample_03_g017_c08,27.552497,183.546295,D,sample_03,tissue,section
sample_03_g017_c09,31.903796,183.007948,E,sample_03,tissue,section
sample_03_g017_c10,35.801683,185.340537,E,sample_03,tissue,section
sample_03_g018_c01,113.857596,194.081723,F,sample_03,tissue,section
sample_03_g018_c02,110.728283,195.62055,F,sample_03,tissue,section
sample_03_g018_c03,107.116588,195.284814,B,sample_03,tissue,section
sample_03_g018_c04,104.540722,192.590268,A,sample_03,tissue,section
sample_03_g018_c05,103.422036,188.766944,C,sample_03,tissue,section
sample_03_g018_c06,105.777947,185.532646,A,sample_03,tissue,section
sample_03_g018_c07,109.133073,183.309467,E,sample_03,tissue,section
sample_03_g018_c08,113.334162,183.889036,D,sample_03,tissue,section
sample_03_g018_c09,115.751032,187.271304,C,sample_03,tissue,section
sample_03_g018_c10,117.368061,191.381162,A,sample_03,tissue,section
sample_03_g019_c01,196.688392,190.24122,A,sample_03,tissue,section
sample_03_g019_c02,194.593873,193.597593,A,sample_03,tissue,section
sample_03_g019_c03,191.51607,195.310071,B,sample_03,tissue,section
sample_03_g019_c04,187.871649,195.826859,C,sample_03,tissue,section
sample_03_g019_c05,185.178095,193.244401,A,sample_03,tissue,section
sample_03_g019_c06,182.888674,189.743526,C,sample_03,tissue,section
sample_03_g019_c07,184.385041,185.602766,A,sample_03,tissue,section
sample_03_g019_c08,188.463908,184.619801,B,sample_03,tissue,section
sample_03_g019_c09,192.215798,183.933734,C,sample_03,tissue,section
sample_03_g019_c10,195.131657,186.547184,B,sample_03,tissue,section
sample_03_g020_c01,275.814558,187.029934,A,sample_03,tissue,section
sample_03_g020_c02,275.671167,190.892354,F,sample_03,tissue,section
sample_03_g020_c03,274.663731,194.65432,F,sample_03,tissue,section
sample_03_g020_c04,271.035129,196.493094,F,sample_03,tissue,section
sample_03_g020_c05,266.81881,196.259056,B,sample_03,tissue,section
sample_03_g020_c06,264.121167,193.002898,C,sample_03,tissue,section
sample_03_g020_c07,262.9039,188.883434,E,sample_03,tissue,section
sample_03_g020_c08,265.577472,185.586396,B,sample_03,tissue,section
sample_03_g020_c09,268.824878,182.628762,A,sample_03,tissue,section
sample_03_g020_c10,272.996135,184.105043,D,sample_03,tissue,section
sample_03_g021_c01,353.984352,195.594365,E,sample_03,tissue,section
sample_03_g021_c02,349.934605,196.922762,D,sample_03,tissue,section
sample_03_g021_c03,346.58516,194.607954,A,sample_03,tissue,section
sample_03_g021_c04,343.277215,192.11437,C,sample_03,tissue,section
sample_03_g021_c05,344.146342,188.036709,C,sample_03,tissue,section
sample_03_g021_c06,346.647829,185.29327,C,sample_03,tissue,section
sample_03_g021_c07,350.058625,183.793956,B,sample_03,tissue,section
sample_03_g021_c08,353.711869,184.991238,F,sample_03,tissue,section
sample_03_g021_c09,356.473107,187.964156,D,sample_03,tissue,section
sample_03_g021_c10,356.224503,192.087671,F,sample_03,tissue,section
sample_03_g022_c01,434.131047,185.50965,E,sample_03,tissue,section
sample_03_g022_c02,436.117825,188.767935,D,sample_03,tissue,section
sample_03_g022_c03,435.728156,192.624192,B,sample_03,tissue,section
sample_03_g022_c04,432.772709,194.923487,A,sample_03,tissue,section
sample_03_g022_c05,429.151562,197.317689,D,sample_03,tissue,section
sample_03_g022_c06,425.018866,195.414374,B,sample_03,tissue,section
sample_03_g022_c07,424.291029,191.149726,A,sample_03,tissue,section
sample_03_g022_c08,424.625869,187.537994,C,sample_03,tissue,section
sample_03_g022_c09,426.513698,183.80939,F,sample_03,tissue,section
sample_03_g022_c10,430.794563,183.146984,C,sample_03,tissue,section
sample_03_g023_c01,505.7857,194.441973,C,sample_03,tissue,section
sample_03_g023_c02,504.24004,191.068233,C,sample_03,tissue,section
sample_03_g023_c03,504.719521,187.482089,B,sample_03,tissue,section
sample_03_g023_c04,506.682973,183.892478,C,sample_03,tissue,section
sample_03_g023_c05,510.833779,183.661163,A,sample_03,tissue,section
sample_03_g023_c06,514.621971,185.128332,A,sample_03,tissue,section
sample_03_g023_c07,515.464771,188.986512,A,sample_03,tissue,section
sample_03_g023_c08,515.511469,192.628055,B,sample_03,tissue,section
sample_03_g023_c09,513.206598,195.904192,A,sample_03,tissue,section
sample_03_g023_c10,509.056993,197.169248,B,sample_03,tissue,section
sample_03_g024_c01,596.188645,190.402705,D,sample_03,tissue,section
sample_03_g024_c02,595.605043,194.657212,C,sample_03,tissue,section
sample_03_g024_c03,591.42077,195.583298,E,sample_03,tissue,section
sample_03_g024_c04,587.331579,196.697591,A,sample_03,tissue,section
sample_03_g024_c05,583.670562,193.997737,D,sample_03,tissue,section
sample_03_g024_c06,582.937441,189.540428,D,sample_03,tissue,section
sample_03_g024_c07,584.739845,185.629355,D,sample_03,tissue,section
sample_03_g024_c08,588.152827,182.741035,E,sample_03,tissue,section
sample_03_g024_c09,592.233339,184.39444,D,sample_03,tissue,section
sample_03_g024_c10,594.914957,186.895663,A,sample_03,tissue,section
sample_03_g025_c01,25.715306,264.252092,A,sample_03,tissue,section
sample_03_g025_c02,29.931157,264.382689,C,sample_03,tissue,section
sample_03_g025_c03,33.276823,265.371609,B,sample_03,tissue,section
sample_03_g025_c04,37.017804,267.624311,B,sample_03,tissue,section
sample_03_g025_c05,35.384351,271.676817,A,sample_03,tissue,section
sample_03_g025_c06,33.301208,274.428563,C,sample_03,tissue,section
sample_03_g025_c07,30.074583,276.085716,B,sample_03,tissue,section
sample_03_g025_c08,26.136893,275.456496,C,sample_03,tissue,section
sample_03_g025_c09,23.141946,272.32161,A,sample_03,tissue,section
sample_03_g025_c10,23.860887,268.088132,A,sample_03,tissue,section
sample_03_g026_c01,105.677787,265.203506,C,sample_03,tissue,section
sample_03_g026_c02,109.21952,262.602327,A,sample_03,tissue,section
sample_03_g026_c03,113.542652,263.858348,B,sample_03,tissue,section
sample_03_g026_c04,116.259165,267.210278,A,sample_03,tissue,section
sample_03_g026_c05,117.07593,271.501115,B,sample_03,tissue,section
sample_03_g026_c06,114.60722,275.112774,C,sample_03,tissue,section
sample_03_g026_c07,110.745755,277.068532,C,sample_03,tissue,section
sample_03_g026_c08,107.158736,274.925704,A,sample_03,tissue,section
sample_03_g026_c09,103.716957,272.800364,A,sample_03,tissue,section
sample_03_g026_c10,104.503305,268.83391,B,sample_03,tissue,section
sample_03_g027_c01,186.9639,276.299405,F,sample_03,tissue,section
sample_03_g027_c02,184.327475,273.050192,A,sample_03,tissue,section
sample_03_g027_c03,182.644627,269.001267,F,sample_03,tissue,section
sample_03_g027_c04,184.775718,265.001897,F,sample_03,tissue,section
sample_03_g027_c05,188.905983,263.960549,B,sample_03,tissue,section
sample_03_g027_c06,192.8105,264.168678,D,sample_03,tissue,section
sample_03_g027_c07,196.287636,266.619055,B,sample_03,tissue,section
sample_03_g027_c08,196.721848,270.912711,C,sample_03,tissue,section
sample_03_g027_c09,195.306111,275.07639,B,sample_03,tissue,section
sample_03_g027_c10,191.319399,277.283663,E,sample_03,tissue,section
sample_03_g028_c01,269.249756,275.535589,B,sample_03,tissue,section
sample_03_g028_c02,265.772389,274.421109,A,sample_03,tissue,section
sample_03_g028_c03,263.366468,271.203325,A,sample_03,tissue,section
sample_03_g028_c04,264.991492,267.587594,C,sample_03,tissue,section
sample_03_g028_c05,266.601228,263.682955,B,sample_03,tissue,section
sample_03_g028_c06,270.962571,262.897788,A,sample_03,tissue,section
sample_03_g028_c07,274.61399,265.174827,C,sample_03,tissue,section
sample_03_g028_c08,276.913732,268.745847,A,sample_03,tissue,section
sample_03_g028_c09,276.101343,272.938783,C,sample_03,tissue,section
sample_03_g028_c10,273.264863,276.068159,B,sample_03,tissue,section
sample_03_g029_c01,353.500817,263.430667,B,sample_03,tissue,section
sample_03_g029_c02,356.532093,266.821601,C,sample_03,tissue,section
sample_03_g029_c03,356.991422,271.239481,B,sample_03,tissue,section
sample_03_g029_c04,354.343828,274.506545,A,sample_03,tissue,section
sample_03_g029_c05,350.762516,275.462438,A,sample_03,tissue,section
sample_03_g029_c06,347.143403,275.360445,A,sample_03,tissue,section
sample_03_g029_c07,343.685515,273.072514,C,sample_03,tissue,section
sample_03_g029_c08,343.81569,268.903608,C,sample_03,tissue,section
sample_03_g029_c09,345.604949,265.440313,A,sample_03,tissue,section
sample_03_g029_c10,349.214648,264.373971,B,sample_03,tissue,section
sample_03_g030_c01,427.567194,265.024852,B,sample_03,tissue,section
sample_03_g030_c02,431.134758,263.525992,A,sample_03,tissue,section
sample_03_g030_c03,435.277763,264.892945,A,sample_03,tissue,section
sample_03_g030_c04,437.174019,268.98432,B,sample_03,tissue,section
sample_03_g030_c05,436.438556,273.41505,C,sample_03,tissue,section
sample_03_g030_c06,432.711476,275.545037,A,sample_03,tissue,section
sample_03_g030_c07,428.988928,275.768355,C,sample_03,tissue,section
sample_03_g030_c08,425.219374,274.625998,B,sample_03,tissue,section
sample_03_g030_c09,424.069161,270.839674,C,sample_03,tissue,section
sample_03_g030_c10,423.577792,266.593621,A,sample_03,tissue,section
sample_03_g031_c01,503.322207,271.991024,B,sample_03,tissue,section
sample_03_g031_c02,503.806794,267.819303,A,sample_03,tissue,section
sample_03_g031_c03,505.811937,263.929571,A,sample_03,tissue,section
sample_03_g031_c04,510.165817,263.204196,A,sample_03,tissue,section
sample_03_g031_c05,513.543745,265.364594,B,sample_03,tissue,section
sample_03_g031_c06,515.31999,268.413813,C,sample_03,tissue,section
sample_03_g031_c07,516.605876,272.326003,A,sample_03,tissue,section
sample_03_g031_c08,513.520423,275.102712,B,sample_03,tissue,section
sample_03_g031_c09,509.862572,275.632307,C,sample_03,tissue,section
sample_03_g031_c10,505.577227,275.785221,C,sample_03,tissue,section
sample_03_g032_c01,585.250215,274.090678,C,sample_03,tissue,section
sample_03_g032_c02,583.574028,270.532394,C,sample_03,tissue,section
sample_03_g032_c03,584.196815,266.476622,C,sample_03,tissue,section
sample_03_g032_c04,587.482543,263.992476,A,sample_03,tissue,section
sample_03_g032_c05,591.413768,264.002439,B,sample_03,tissue,section
sample_03_g032_c06,594.562648,266.070491,B,sample_03,tissue,section
sample_03_g032_c07,596.064837,269.497526,A,sample_03,tissue,section
sample_03_g032_c08,596.144347,273.730513,A,sample_03,tissue,section
sample_03_g032_c09,592.416177,275.765835,B,sample_03,tissue,section
sample_03_g032_c10,588.610609,275.894147,A,sample_03,tissue,section
sample_03_g033_c01,32.530195,355.218559,A,sample_03,tissue,section
sample_03_g033_c02,28.712516,357.203295,F,sample_03,tissue,section
sample_03_g033_c03,25.487156,354.337686,D,sample_03,tissue,section
sample_03_g033_c04,24.312814,350.785745,F,sample_03,tissue,section
sample_03_g033_c05,24.820467,347.230461,A,sample_03,tissue,section
sample_03_g033_c06,27.265688,344.360448,B,sample_03,tissue,section
sample_03_g033_c07,31.001028,344.399385,D,sample_03,tissue,section
sample_03_g033_c08,35.000224,345.193852,F,sample_03,tissue,section
sample_03_g033_c09,36.447331,349.109233,C,sample_03,tissue,section
sample_03_g033_c10,35.196548,352.778636,D,sample_03,tissue,section
sample_03_g034_c01,104.127275,347.327435,B,sample_03,tissue,section
sample_03_g034_c02,106.441362,343.717964,C,sample_03,tissue,section
sample_03_g034_c03,110.677442,344.025783,B,sample_03,tissue,section
sample_03_g034_c04,114.062495,345.561805,B,sample_03,tissue,section
sample_03_g034_c05,116.740379,348.624903,C,sample_03,tissue,section
sample_03_g034_c06,116.349621,352.889592,A,sample_03,tissue,section
sample_03_g034_c07,113.519234,356.212476,A,sample_03,tissue,section
sample_03_g034_c08,109.190344,357.140186,A,sample_03,tissue,section
sample_03_g034_c09,105.807469,354.580257,C,sample_03,tissue,section
sample_03_g034_c10,103.235752,351.379967,A,sample_03,tissue,section
sample_03_g035_c01,195.833913,354.025512,B,sample_03,tissue,section
sample_03_g035_c02,192.373886,356.743428,D,sample_03,tissue,section
sample_03_g035_c03,188.08466,356.422252,C,sample_03,tissue,section
sample_03_g035_c04,184.706816,354.046005,A,sample_03,tissue,section
sample_03_g035_c05,184.150021,350.142314,A,sample_03,tissue,section
sample_03_g035_c06,185.454549,346.863552,D,sample_03,tissue,section
sample_03_g035_c07,187.933026,344.128407,E,sample_03,tissue,section
sample_03_g035_c08,191.610511,344.59986,C,sample_03,tissue,section
sample_03_g035_c09,195.066426,346.127325,F,sample_03,tissue,section
sample_03_g035_c10,197.326484,349.821766,E,sample_03,tissue,section
sample_03_g036_c01,270.370533,343.711335,C,sample_03,tissue,section
sample_03_g036_c02,274.456435,344.569242,C,sample_03,tissue,section
sample_03_g036_c03,276.725237,348.244699,B,sample_03,tissue,section
sample_03_g036_c04,275.78166,352.262551,F,sample_03,tissue,section
sample_03_g036_c05,273.317906,355.182487,F,sample_03,tissue,section
sample_03_g036_c06,269.664303,355.697418,F,sample_03,tissue,section
sample_03_g036_c07,266.254166,354.564797,D,sample_03,tissue,section
sample_03_g036_c08,264.394892,351.462945,C,sample_03,tissue,section
sample_03_g036_c09,264.109874,347.695003,D,sample_03,tissue,section
sample_03_g036_c10,266.568889,344.640691,B,sample_03,tissue,section
sample_03_g037_c01,355.455993,351.023139,A,sample_03,tissue,section
sample_03_g037_c02,354.29124,354.541204,A,sample_03,tissue,section
sample_03_g037_c03,350.865134,356.680399,A,sample_03,tissue,section
sample_03_g037_c04,346.444844,356.514914,B,sample_03,tissue,section
sample_03_g037_c05,343.29575,353.18039,B,sample_03,tissue,section
sample_03_g037_c06,343.9137,348.858663,A,sample_03,tissue,section
sample_03_g037_c07,345.569814,345.311757,C,sample_03,tissue,section
sample_03_g037_c08,349.091827,342.987258,B,sample_03,tissue,section
sample_03_g037_c09,353.51067,343.566607,C,sample_03,tissue,section
sample_03_g037_c10,355.748119,347.273183,C,sample_03,tissue,section
sample_03_g038_c01,426.360974,355.981478,B,sample_03,tissue,section
sample_03_g038_c02,423.096536,352.885574,A,sample_03,tissue,section
sample_03_g038_c03,423.884497,348.552598,C,sample_03,tissue,section
sample_03_g038_c04,426.135908,345.505104,A,sample_03,tissue,section
sample_03_g038_c05,429.42648,343.000809,A,sample_03,tissue,section
sample_03_g038_c06,433.463487,344.307056,B,sample_03,tissue,section
sample_03_g038_c07,435.917822,347.526414,A,sample_03,tissue,section
sample_03_g038_c08,437.21043,351.706546,C,sample_03,tissue,section
sample_03_g038_c09,434.71251,355.481816,C,sample_03,tissue,section
sample_03_g038_c10,430.583935,357.126293,B,sample_03,tissue,section
sample_03_g039_c01,504.450033,345.690819,B,sample_03,tissue,section
sample_03_g039_c02,508.205757,343.813307,A,sample_03,tissue,section
sample_03_g039_c03,512.165484,343.994008,B,sample_03,tissue,section
sample_03_g039_c04,515.239529,346.442824,B,sample_03,tissue,section
sample_03_g039_c05,516.674775,350.212908,A,sample_03,tissue,section
sample_03_g039_c06,514.470635,353.471151,A,sample_03,tissue,section
sample_03_g039_c07,511.864074,356.427475,C,sample_03,tissue,section
sample_03_g039_c08,507.750441,356.239173,A,sample_03,tissue,section
sample_03_g039_c09,504.022033,354.05851,C,sample_03,tissue,section
sample_03_g039_c10,502.90292,349.773621,C,sample_03,tissue,section
sample_03_g040_c01,586.498423,343.436847,B,sample_03,tissue,section
sample_03_g040_c02,590.915659,343.417375,A,sample_03,tissue,section
sample_03_g040_c03,593.852072,345.999783,A,sample_03,tissue,section
sample_03_g040_c04,596.345442,348.871894,A,sample_03,tissue,section
sample_03_g040_c05,595.710198,352.775083,C,sample_03,tissue,section
sample_03_g040_c06,593.495126,356.551061,B,sample_03,tissue,section
sample_03_g040_c07,589.157821,356.054384,A,sample_03,tissue,section
sample_03_g040_c08,585.427595,354.748252,B,sample_03,tissue,section
sample_03_g040_c09,582.701137,351.297607,C,sample_03,tissue,section
sample_03_g040_c10,583.572028,346.876087,C,sample_03,tissue,section
sample_03_g041_c01,36.684755,427.175843,A,sample_03,tissue,section
sample_03_g041_c02,36.990314,431.626317,B,sample_03,tissue,section
sample_03_g041_c03,34.233714,434.887024,A,sample_03,tissue,section
sample_03_g041_c04,30.537341,436.264011,C,sample_03,tissue,section
sample_03_g041_c05,26.700423,435.470409,C,sample_03,tissue,section
sample_03_g041_c06,23.195917,432.874571,A,sample_03,tissue,section
sample_03_g041_c07,23.091617,428.392744,A,sample_03,tissue,section
sample_03_g041_c08,26.22429,425.641656,C,sample_03,tissue,section
sample_03_g041_c09,29.45561,423.653811,B,sample_03,tissue,section
sample_03_g041_c10,32.960246,425.092173,B,sample_03,tissue,section
sample_03_g042_c01,117.107253,432.306269,B,sample_03,tissue,section
sample_03_g042_c02,114.006833,435.510481,F,sample_03,tissue,section
sample_03_g042_c03,110.002818,437.337586,D,sample_03,tissue,section
sample_03_g042_c04,106.484431,434.842675,E,sample_03,tissue,section
sample_03_g042_c05,103.356291,432.161493,E,sample_03,tissue,section
sample_03_g042_c06,103.429627,427.867946,B,sample_03,tissue,section
sample_03_g042_c07,106.046566,424.562956,C,sample_03,tissue,section
sample_03_g042_c08,109.997281,422.920916,E,sample_03,tissue,section
sample_03_g042_c09,114.210739,424.199732,A,sample_03,tissue,section
sample_03_g042_c10,116.453317,427.90045,F,sample_03,tissue,section
sample_03_g043_c01,189.707593,424.146605,E,sample_03,tissue,section
sample_03_g043_c02,193.838501,424.120763,D,sample_03,tissue,section
sample_03_g043_c03,196.418045,427.55434,C,sample_03,tissue,section
sample_03_g043_c04,195.665726,431.532991,B,sample_03,tissue,section
sample_03_g043_c05,193.986586,434.947722,C,sample_03,tissue,section
sample_03_g043_c06,190.283053,435.666154,F,sample_03,tissue,section
sample_03_g043_c07,186.647871,435.134285,C,sample_03,tissue,section
sample_03_g043_c08,183.849946,432.343539,F,sample_03,tissue,section
sample_03_g043_c09,184.399668,428.484703,B,sample_03,tissue,section
sample_03_g043_c10,185.44797,424.350509,E,sample_03,tissue,section
sample_03_g044_c01,273.706581,423.669538,D,sample_03,tissue,section
sample_03_g044_c02,276.560643,427.126853,F,sample_03,tissue,section
sample_03_g044_c03,275.751976,431.259353,F,sample_03,tissue,section
sample_03_g044_c04,274.018306,434.517919,D,sample_03,tissue,section
sample_03_g044_c05,270.615738,436.223427,D,sample_03,tissue,section
sample_03_g044_c06,267.191296,434.796979,C,sample_03,tissue,section
sample_03_g044_c07,264.546773,432.388169,F,sample_03,tissue,section
sample_03_g044_c08,263.472346,428.570818,F,sample_03,tissue,section
sample_03_g044_c09,266.030553,425.537015,E,sample_03,tissue,section
sample_03_g044_c10,269.350025,423.430533,D,sample_03,tissue,section
sample_03_g045_c01,345.251095,434.548279,B,sample_03,tissue,section
sample_03_g045_c02,343.528764,430.882284,A,sample_03,tissue,section
sample_03_g045_c03,343.506302,426.512825,C,sample_03,tissue,section
sample_03_g045_c04,347.026217,423.838502,A,sample_03,tissue,section
sample_03_g045_c05,351.020341,424.349671,C,sample_03,tissue,section
sample_03_g045_c06,354.295228,425.886232,B,sample_03,tissue,section
sample_03_g045_c07,357.175557,429.02169,A,sample_03,tissue,section
sample_03_g045_c08,355.876313,433.155634,C,sample_03,tissue,section
sample_03_g045_c09,352.58939,435.36506,B,sample_03,tissue,section
sample_03_g045_c10,348.876524,436.22146,A,sample_03,tissue,section
sample_03_g046_c01,423.835468,426.67612,C,sample_03,tissue,section
sample_03_g046_c02,426.847917,423.440705,C,sample_03,tissue,section
sample_03_g046_c03,431.101038,423.961327,B,sample_03,tissue,section
sample_03_g046_c04,434.374398,425.824594,E,sample_03,tissue,section
sample_03_g046_c05,435.994869,429.193008,C,sample_03,tissue,section
sample_03_g046_c06,436.285544,433.389129,E,sample_03,tissue,section
sample_03_g046_c07,432.555043,435.31689,D,sample_03,tissue,section
sample_03_g046_c08,428.839011,436.367477,B,sample_03,tissue,section
sample_03_g046_c09,424.880238,434.886863,D,sample_03,tissue,section
sample_03_g046_c10,423.850172,430.827851,B,sample_03,tissue,section
sample_03_g047_c01,516.981198,427.52001,F,sample_03,tissue,section
sample_03_g047_c02,515.684471,431.677668,A,sample_03,tissue,section
sample_03_g047_c03,513.722,434.840627,D,sample_03,tissue,section
sample_03_g047_c04,510.171015,436.291605,F,sample_03,tissue,section
sample_03_g047_c05,506.525055,435.066867,F,sample_03,tissue,section
sample_03_g047_c06,503.479454,432.316349,F,sample_03,tissue,section
sample_03_g047_c07,504.21147,428.291621,D,sample_03,tissue,section
sample_03_g047_c08,505.575604,424.245876,C,sample_03,tissue,section
sample_03_g047_c09,509.841796,424.179708,B,sample_03,tissue,section
sample_03_g047_c10,513.587008,424.769732,C,sample_03,tissue,section
sample_03_g048_c01,584.301877,429.456895,F,sample_03,tissue,section
sample_03_g048_c02,585.503679,426.029737,D,sample_03,tissue,section
sample_03_g048_c03,588.730839,424.301276,E,sample_03,tissue,section
sample_03_g048_c04,592.393336,424.481113,A,sample_03,tissue,section
sample_03_g048_c05,594.949368,427.078147,B,sample_03,tissue,section
sample_03_g048_c06,597.341289,430.69972,A,sample_03,tissue,section
sample_03_g048_c07,595.127378,434.527487,C,sample_03,tissue,section
sample_03_g048_c08,591.508114,436.771658,C,sample_03,tissue,section
sample_03_g048_c09,587.388462,436.022048,C,sample_03,tissue,section
sample_03_g048_c10,584.933347,432.991091,F,sample_03,tissue,section
sample_03_g049_c01,34.515486,515.16537,C,sample_03,tissue,section
sample_03_g049_c02,30.667345,517.390832,F,sample_03,tissue,section
sample_03_g049_c03,26.425922,515.985936,C,sample_03,tissue,section
sample_03_g049_c04,24.334672,512.423418,D,sample_03,tissue,section
sample_03_g049_c05,24.604987,508.770267,A,sample_03,tissue,section
sample_03_g049_c06,25.338215,504.667275,F,sample_03,tissue,section
sample_03_g049_c07,29.388301,503.225437,C,sample_03,tissue,section
sample_03_g049_c08,33.124251,504.767443,A,sample_03,tissue,section
sample_03_g049_c09,35.198691,507.776192,B,sample_03,tissue,section
sample_03_g049_c10,35.449013,511.242042,D,sample_03,tissue,section
sample_03_g050_c01,109.727122,503.300383,F,sample_03,tissue,section
sample_03_g050_c02,113.317854,505.01899,F,sample_03,tissue,section
sample_03_g050_c03,115.717989,507.881176,D,sample_03,tissue,section
sample_03_g050_c04,117.047217,511.976586,E,sample_03,tissue,section
sample_03_g050_c05,113.980596,515.034455,A,sample_03,tissue,section
sample_03_g050_c06,110.287343,517.054776,D,sample_03,tissue,section
sample_03_g050_c07,106.012119,515.986904,F,sample_03,tissue,section
sample_03_g050_c08,104.315538,512.1064,F,sample_03,tissue,section
sample_03_g050_c09,103.024761,508.043603,B,sample_03,tissue,section
sample_03_g050_c10,105.834744,504.731997,A,sample_03,tissue,section
sample_03_g051_c01,190.259004,515.650001,D,sample_03,tissue,section
sample_03_g051_c02,185.967387,516.121514,B,sample_03,tissue,section
sample_03_g051_c03,184.814519,511.951644,A,sample_03,tissue,section
sample_03_g051_c04,183.194849,508.128702,D,sample_03,tissue,section
sample_03_g051_c05,186.364761,505.450235,F,sample_03,tissue,section
sample_03_g051_c06,189.66324,502.653797,A,sample_03,tissue,section
sample_03_g051_c07,193.503158,504.6822,D,sample_03,tissue,section
sample_03_g051_c08,196.034252,507.728907,B,sample_03,tissue,section
sample_03_g051_c09,195.76004,511.583911,C,sample_03,tissue,section
sample_03_g051_c10,194.188661,515.242412,F,sample_03,tissue,section
sample_03_g052_c01,268.544843,515.658767,A,sample_03,tissue,section
sample_03_g052_c02,264.238126,514.763046,E,sample_03,tissue,section
sample_03_g052_c03,263.79415,510.388134,F,sample_03,tissue,section
sample_03_g052_c04,264.07724,506.238227,C,sample_03,tissue,section
sample_03_g052_c05,267.561478,503.834332,B,sample_03,tissue,section
sample_03_g052_c06,271.620133,503.699677,F,sample_03,tissue,section
sample_03_g052_c07,274.996521,505.869632,C,sample_03,tissue,section
sample_03_g052_c08,275.653901,509.646387,E,sample_03,tissue,section
sample_03_g052_c09,276.156804,513.910423,B,sample_03,tissue,section
sample_03_g052_c10,272.338341,515.912365,A,sample_03,tissue,section
sample_03_g053_c01,346.327525,504.48869,B,sample_03,tissue,section
sample_03_g053_c02,350.247761,503.890841,A,sample_03,tissue,section
sample_03_g053_c03,354.417989,504.41035,F,sample_03,tissue,section
sample_03_g053_c04,355.872555,508.351776,F,sample_03,tissue,section
sample_03_g053_c05,356.874646,512.546064,F,sample_03,tissue,section
sample_03_g053_c06,353.129563,514.696557,E,sample_03,tissue,section
sample_03_g053_c07,349.745878,516.265999,E,sample_03,tissue,section
sample_03_g053_c08,346.30392,514.676289,D,sample_03,tissue,section
sample_03_g053_c09,343.002504,511.963957,D,sample_03,tissue,section
sample_03_g053_c10,343.73286,507.678929,C,sample_03,tissue,section
sample_03_g054_c01,432.117326,515.225136,D,sample_03,tissue,section
sample_03_g054_c02,428.616826,515.571935,E,sample_03,tissue,section
sample_03_g054_c03,425.06149,514.152537,F,sample_03,tissue,section
sample_03_g054_c04,424.477504,510.39186,B,sample_03,tissue,section
sample_03_g054_c05,424.330362,506.465294,B,sample_03,tissue,section
sample_03_g054_c06,427.871056,504.746193,B,sample_03,tissue,section
sample_03_g054_c07,431.568717,503.680629,D,sample_03,tissue,section
sample_03_g054_c08,435.657701,505.242733,D,sample_03,tissue,section
sample_03_g054_c09,436.744937,509.521399,B,sample_03,tissue,section
sample_03_g054_c10,436.201175,513.86609,F,sample_03,tissue,section
sample_03_g055_c01,511.117604,504.591487,C,sample_03,tissue,section
sample_03_g055_c02,514.644335,505.770298,D,sample_03,tissue,section
sample_03_g055_c03,517.071286,509.216219,C,sample_03,tissue,section
sample_03_g055_c04,514.885222,512.783675,F,sample_03,tissue,section
sample_03_g055_c05,513.009097,516.656714,E,sample_03,tissue,section
sample_03_g055_c06,508.63716,516.595306,D,sample_03,tissue,section
sample_03_g055_c07,505.460137,514.134557,C,sample_03,tissue,section
sample_03_g055_c08,504.277057,510.63433,A,sample_03,tissue,section
sample_03_g055_c09,503.777149,506.454123,D,sample_03,tissue,section
sample_03_g055_c10,507.502796,504.475693,D,sample_03,tissue,section
sample_03_g056_c01,591.389638,515.900941,A,sample_03,tissue,section
sample_03_g056_c02,587.296398,516.447796,C,sample_03,tissue,section
sample_03_g056_c03,584.714759,513.207338,A,sample_03,tissue,section
sample_03_g056_c04,583.368141,509.449097,B,sample_03,tissue,section
sample_03_g056_c05,584.359942,505.140453,C,sample_03,tissue,section
sample_03_g056_c06,588.333867,502.924956,B,sample_03,tissue,section
sample_03_g056_c07,592.589611,503.824058,A,sample_03,tissue,section
sample_03_g056_c08,595.675277,506.555969,B,sample_03,tissue,section
sample_03_g056_c09,597.011298,510.582423,A,sample_03,tissue,section
sample_03_g056_c10,594.189493,513.609721,C,sample_03,tissue,section
sample_03_g057_c01,30.545007,582.591467,D,sample_03,tissue,section
sample_03_g057_c02,34.223745,585.003178,B,sample_03,tissue,section
sample_03_g057_c03,37.076218,588.26288,D,sample_03,tissue,section
sample_03_g057_c04,35.584425,592.2798,D,sample_03,tissue,section
sample_03_g057_c05,33.535296,595.703487,E,sample_03,tissue,section
sample_03_g057_c06,29.578495,595.729705,B,sample_03,tissue,section
sample_03_g057_c07,25.29679,595.564045,F,sample_03,tissue,section
sample_03_g057_c08,24.467974,591.358041,C,sample_03,tissue,section
sample_03_g057_c09,24.266388,587.659296,F,sample_03,tissue,section
sample_03_g057_c10,26.754409,584.763893,B,sample_03,tissue,section
sample_03_g058_c01,103.363317,593.12231,B,sample_03,tissue,section
sample_03_g058_c02,103.799811,588.816715,C,sample_03,tissue,section
sample_03_g058_c03,105.720196,585.44171,B,sample_03,tissue,section
sample_03_g058_c04,109.117802,583.011998,A,sample_03,tissue,section
sample_03_g058_c05,112.806338,584.896297,C,sample_03,tissue,section
sample_03_g058_c06,115.337146,587.489073,A,sample_03,tissue,section
sample_03_g058_c07,116.565128,591.252932,B,sample_03,tissue,section
sample_03_g058_c08,114.282915,594.561603,C,sample_03,tissue,section
sample_03_g058_c09,110.729423,595.777853,A,sample_03,tissue,section
sample_03_g058_c10,106.680042,596.037788,A,sample_03,tissue,section
sample_03_g059_c01,193.702302,594.176119,A,sample_03,tissue,section
sample_03_g059_c02,190.610524,596.273604,C,sample_03,tissue,section
sample_03_g059_c03,186.784066,595.472301,C,sample_03,tissue,section
sample_03_g059_c04,184.351978,592.462668,B,sample_03,tissue,section
sample_03_g059_c05,183.810204,588.634363,C,sample_03,tissue,section
sample_03_g059_c06,186.044861,585.538686,A,sample_03,tissue,section
sample_03_g059_c07,189.363578,583.460278,C,sample_03,tissue,section
sample_03_g059_c08,193.781033,583.566115,C,sample_03,tissue,section
sample_03_g059_c09,196.859919,587.008917,C,sample_03,tissue,section
sample_03_g059_c10,196.393163,591.410505,C,sample_03,tissue,section
sample_03_g060_c01,267.158334,585.117094,A,sample_03,tissue,section
sample_03_g060_c02,270.679576,583.312278,B,sample_03,tissue,section
sample_03_g060_c03,274.734624,584.705024,A,sample_03,tissue,section
sample_03_g060_c04,276.988818,588.489248,C,sample_03,tissue,section
sample_03_g060_c05,276.05522,592.670951,F,sample_03,tissue,section
sample_03_g060_c06,273.169791,595.446731,A,sample_03,tissue,section
sample_03_g060_c07,269.260137,597.281006,A,sample_03,tissue,section
sample_03_g060_c08,266.134042,594.323501,C,sample_03,tissue,section
sample_03_g060_c09,264.071479,591.281551,C,sample_03,tissue,section
sample_03_g060_c10,263.994255,587.350873,D,sample_03,tissue,section
