Cell_ID,X_centroid,Y_centroid,Cell_Type,Sample,Stratum,Component
sample_01_g001_c01,35.835249,31.579389,B,sample_01,tissue,section
sample_01_g001_c02,33.705889,34.600147,F,sample_01,tissue,section
sample_01_g001_c03,30.288206,35.779108,F,sample_01,tissue,section
sample_01_g001_c04,26.70152,35.05118,C,sample_01,tissue,section
sample_01_g001_c05,23.674134,32.409922,F,sample_01,tissue,section
sample_01_g001_c06,23.843996,28.333794,B,sample_01,tissue,section
sample_01_g001_c07,26.41786,25.553463,E,sample_01,tissue,section
sample_01_g001_c08,29.661429,23.210973,F,sample_01,tissue,section
sample_01_g001_c09,33.298878,24.94821,C,sample_01,tissue,section
sample_01_g001_c10,35.58661,27.871708,E,sample_01,tissue,section
sample_01_g002_c01,113.616252,35.41501,D,sample_01,tissue,section
sample_01_g002_c02,109.763341,35.985541,F,sample_01,tissue,section
sample_01_g002_c03,105.936936,35.151344,B,sample_01,tissue,section
sample_01_g002_c04,103.793602,31.748724,C,sample_01,tissue,section
sample_01_g002_c05,103.758724,27.695713,C,sample_01,tissue,section
sample_01_g002_c06,106.341676,24.521991,A,sample_01,tissue,section
sample_01_g002_c07,110.240541,23.916296,A,sample_01,tissue,section
sample_01_g002_c08,113.667994,25.349544,B,sample_01,tissue,section
sample_01_g002_c09,116.630907,28.131666,A,sample_01,tissue,section
sample_01_g002_c10,115.964441,32.202079,E,sample_01,tissue,section
sample_01_g003_c01,190.157401,23.699296,E,sample_01,tissue,section
sample_01_g003_c02,193.727517,25.130079,E,sample_01,tissue,section
sample_01_g003_c03,195.644344,28.320676,F,sample_01,tissue,section
sample_01_g003_c04,197.01021,32.472953,A,sample_01,tissue,section
sample_01_g003_c05,193.173521,34.605615,C,sample_01,tissue,section
sample_01_g003_c06,189.821616,37.14067,C,sample_01,tissue,section
sample_01_g003_c07,185.8006,35.486426,A,sample_01,tissue,section
sample_01_g003_c08,183.007936,32.080302,E,sample_01,tissue,section
sample_01_g003_c09,183.490658,27.703735,A,sample_01,tissue,section
sample_01_g003_c10,186.485605,24.899686,B,sample_01,tissue,section
sample_01_g004_c01,276.032497,30.172992,E,sample_01,tissue,section
sample_01_g004_c02,275.170946,33.988293,C,sample_01,tissue,section
sample_01_g004_c03,271.564608,35.330714,E,sample_01,tissue,section
sample_01_g004_c04,267.753329,36.29457,A,sample_01,tissue,section
sample_01_g004_c05,264.725581,33.605712,E,sample_01,tissue,section
sample_01_g004_c06,263.837042,29.823267,F,sample_01,tissue,section
sample_01_g004_c07,264.448173,25.717938,B,sample_01,tissue,section
sample_01_g004_c08,268.10275,23.535956,F,sample_01,tissue,section
sample_01_g004_c09,272.497843,23.001714,C,sample_01,tissue,section
sample_01_g004_c10,275.976354,25.914429,F,sample_01,tissue,section
sample_01_g005_c01,346.2264,24.526155,C,sample_01,tissue,section
sample_01_g005_c02,350.140386,24.329161,A,sample_01,tissue,section
sample_01_g005_c03,354.132428,24.598547,C,sample_01,tissue,section
sample_01_g005_c04,355.342201,28.409259,D,sample_01,tissue,section
sample_01_g005_c05,355.457811,31.923938,A,sample_01,tissue,section
sample_01_g005_c06,353.170753,34.599377,D,sample_01,tissue,section
sample_01_g005_c07,349.827616,36.963409,E,sample_01,tissue,section
sample_01_g005_c08,345.514092,35.863483,E,sample_01,tissue,section
sample_01_g005_c09,343.58963,31.908809,E,sample_01,tissue,section
sample_01_g005_c10,344.647874,28.113318,B,sample_01,tissue,section
sample_01_g006_c01,436.8312,27.81082,F,sample_01,tissue,section
sample_01_g006_c02,435.546061,31.82678,B,sample_01,tissue,section
sample_01_g006_c03,434.175137,35.79558,B,sample_01,tissue,section
sample_01_g006_c04,429.971347,37.106322,F,sample_01,tissue,section
sample_01_g006_c05,426.424898,34.879213,C,sample_01,tissue,section
sample_01_g006_c06,424.345129,31.812204,F,sample_01,tissue,section
sample_01_g006_c07,424.74255,28.268284,B,sample_01,tissue,section
sample_01_g006_c08,426.653088,25.354093,B,sample_01,tissue,section
sample_01_g006_c09,430.026604,23.401772,B,sample_01,tissue,section
sample_01_g006_c10,434.370942,24.034643,B,sample_01,tissue,section
sample_01_g007_c01,510.848791,35.93843,B,sample_01,tissue,section
sample_01_g007_c02,506.799271,36.053887,C,sample_01,tissue,section
sample_01_g007_c03,504.958553,32.473523,F,sample_01,tissue,section
sample_01_g007_c04,502.965904,28.776692,D,sample_01,tissue,section
sample_01_g007_c05,505.053115,24.901321,E,sample_01,tissue,section
sample_01_g007_c06,508.953934,22.681369,A,sample_01,tissue,section
sample_01_g007_c07,513.349644,23.664455,F,sample_01,tissue,section
sample_01_g007_c08,515.979861,27.066056,E,sample_01,tissue,section
sample_01_g007_c09,516.325294,31.100039,A,sample_01,tissue,section
sample_01_g007_c10,514.576444,34.71687,C,sample_01,tissue,section
sample_01_g008_c01,591.44019,24.457875,F,sample_01,tissue,section
sample_01_g008_c02,594.486872,26.31009,B,sample_01,tissue,section
sample_01_g008_c03,597.13775,29.571793,A,sample_01,tissue,section
sample_01_g008_c04,594.648946,32.969335,B,sample_01,tissue,section
sample_01_g008_c05,592.518862,36.416443,B,sample_01,tissue,section
sample_01_g008_c06,588.447733,35.973419,D,sample_01,tissue,section
sample_01_g008_c07,584.600196,34.440686,D,sample_01,tissue,section
sample_01_g008_c08,582.630122,30.442133,D,sample_01,tissue,section
sample_01_g008_c09,583.845412,26.068995,C,sample_01,tissue,section
sample_01_g008_c10,587.315697,23.162119,B,sample_01,tissue,section
sample_01_g009_c01,25.522991,105.046619,E,sample_01,tissue,section
sample_01_g009_c02,29.261047,103.09478,D,sample_01,tissue,section
sample_01_g009_c03,32.993618,104.792218,A,sample_01,tissue,section
sample_01_g009_c04,36.492708,107.094558,A,sample_01,tissue,section
sample_01_g009_c05,35.830738,111.22786,A,sample_01,tissue,section
sample_01_g009_c06,34.775262,115.28337,E,sample_01,tissue,section
sample_01_g009_c07,30.661394,116.180465,F,sample_01,tissue,section
sample_01_g009_c08,26.526504,116.042592,B,sample_01,tissue,section
sample_01_g009_c09,24.08665,112.646183,A,sample_01,tissue,section
sample_01_g009_c10,22.858249,108.496062,E,sample_01,tissue,section
sample_01_g010_c01,105.515478,106.092659,D,sample_01,tissue,section
sample_01_g010_c02,108.546414,103.670844,F,sample_01,tissue,section
sample_01_g010_c03,112.900051,103.189552,D,sample_01,tissue,section
sample_01_g010_c04,115.838821,106.500756,E,sample_01,tissue,section
sample_01_g010_c05,116.578697,110.583136,E,sample_01,tissue,section
sample_01_g010_c06,114.946606,114.309952,E,sample_01,tissue,section
sample_01_g010_c07,111.262145,115.49559,E,sample_01,tissue,section
sample_01_g010_c08,107.456238,115.973742,A,sample_01,tissue,section
sample_01_g010_c09,104.539751,113.272363,E,sample_01,tissue,section
sample_01_g010_c10,103.241009,109.400882,F,sample_01,tissue,section
sample_01_g011_c01,188.192438,104.506869,C,sample_01,tissue,section
sample_01_g011_c02,191.738383,104.580946,C,sample_01,tissue,section
sample_01_g011_c03,195.244973,106.159259,B,sample_01,tissue,section
sample_01_g011_c04,195.62361,109.978973,D,sample_01,tissue,section
sample_01_g011_c05,194.830571,113.482094,B,sample_01,tissue,section
sample_01_g011_c06,191.789971,115.439674,F,sample_01,tissue,section
sample_01_g011_c07,187.792059,116.882804,B,sample_01,tissue,section
sample_01_g011_c08,184.133635,114.295769,D,sample_01,tissue,section
sample_01_g011_c09,182.762098,110.027063,F,sample_01,tissue,section
sample_01_g011_c10,184.47724,106.018945,D,sample_01,tissue,section
sample_01_g012_c01,276.12313,112.474066,A,sample_01,tissue,section
sample_01_g012_c02,273.722663,115.957805,E,sample_01,tissue,section
sample_01_g012_c03,269.515445,116.92721,C,sample_01,tissue,section
sample_01_g012_c04,265.644622,115.1903,B,sample_01,tissue,section
sample_01_g012_c05,263.876181,111.526693,A,sample_01,tissue,section
sample_01_g012_c06,263.411622,107.33795,E,sample_01,tissue,section
sample_01_g012_c07,266.593452,104.54811,D,sample_01,tissue,section
sample_01_g012_c08,270.431863,103.826077,C,sample_01,tissue,section
sample_01_g012_c09,274.729392,104.363988,D,sample_01,tissue,section
sample_01_g012_c10,276.543399,108.368704,C,sample_01,tissue,section
sample_01_g013_c01,355.262424,105.626663,E,sample_01,tissue,section
sample_01_g013_c02,355.617135,109.633973,F,sample_01,tissue,section
sample_01_g013_c03,356.200879,113.915752,C,sample_01,tissue,section
sample_01_g013_c04,352.60884,116.546321,F,sample_01,tissue,section
sample_01_g013_c05,348.375217,116.387442,B,sample_01,tissue,section
sample_01_g013_c06,344.297073,114.739417,E,sample_01,tissue,section
sample_01_g013_c07,342.743937,110.472824,D,sample_01,tissue,section
sample_01_g013_c08,343.993901,106.207248,D,sample_01,tissue,section
sample_01_g013_c09,347.398353,103.471728,C,sample_01,tissue,section
sample_01_g013_c10,351.709775,103.278433,F,sample_01,tissue,section
sample_01_g014_c01,435.943544,110.495746,A,sample_01,tissue,section
sample_01_g014_c02,434.886169,114.212862,B,sample_01,tissue,section
sample_01_g014_c03,431.293741,115.502048,E,sample_01,tissue,section
sample_01_g014_c04,427.752629,115.354667,F,sample_01,tissue,section
sample_01_g014_c05,424.513476,113.326952,A,sample_01,tissue,section
sample_01_g014_c06,422.614768,109.384004,B,sample_01,tissue,section
sample_01_g014_c07,425.83241,106.406698,E,sample_01,tissue,section
sample_01_g014_c08,428.663743,104.317135,F,sample_01,tissue,section
sample_01_g014_c09,432.637727,103.715259,B,sample_01,tissue,section
sample_01_g014_c10,435.258777,106.81115,F,sample_01,tissue,section
sample_01_g015_c01,503.49924,107.195265,C,sample_01,tissue,section
sample_01_g015_c02,507.035768,105.000182,B,sample_01,tissue,section
sample_01_g015_c03,510.582075,103.769939,A,sample_01,tissue,section
sample_01_g015_c04,513.782557,105.700108,F,sample_01,tissue,section
sample_01_g015_c05,515.831628,108.689812,E,sample_01,tissue,section
sample_01_g015_c06,516.82631,112.945193,E,sample_01,tissue,section
sample_01_g015_c07,513.550878,115.989323,B,sample_01,tissue,section
sample_01_g015_c08,509.475658,115.612137,E,sample_01,tissue,section
sample_01_g015_c09,505.069485,115.604854,D,sample_01,tissue,section
sample_01_g015_c10,503.97843,111.352862,D,sample_01,tissue,section
sample_01_g016_c01,595.714595,108.935939,E,sample_01,tissue,section
sample_01_g016_c02,596.718374,113.197634,A,sample_01,tissue,section
sample_01_g016_c03,593.177459,115.840547,B,sample_01,tissue,section
sample_01_g016_c04,589.165081,116.382912,A,sample_01,tissue,section
sample_01_g016_c05,586.118024,114.097578,C,sample_01,tissue,section
sample_01_g016_c06,583.188239,111.268354,B,sample_01,tissue,section
sample_01_g016_c07,584.894267,107.569908,C,sample_01,tissue,section
sample_01_g016_c08,586.565491,103.686965,C,sample_01,tissue,section
sample_01_g016_c09,590.78363,104.009186,E,sample_01,tissue,section
sample_01_g016_c10,594.907721,104.819707,D,sample_01,tissue,section
sample_01_g017_c01,36.176081,189.726258,E,sample_01,tissue,section
sample_01_g017_c02,35.172467,193.418669,C,sample_01,tissue,section
sample_01_g017_c03,32.451312,196.543149,C,sample_01,tissue,section
sample_01_g017_c04,28.296011,196.160191,E,sample_01,tissue,section
sample_01_g017_c05,25.293993,193.748406,E,sample_01,tissue,section
sample_01_g017_c06,23.669026,190.280608,F,sample_01,tissue,section
sample_01_g017_c07,25.21745,186.839042,D,sample_01,tissue,section
sample_01_g017_c08,27.95416,184.539155,C,sample_01,tissue,section
sample_01_g017_c09,31.901946,183.124164,D,sample_01,tissue,section
sample_01_g017_c10,35.032914,185.991207,E,sample_01,tissue,section
sample_01_g018_c01,107.588196,196.405121,D,sample_01,tissue,section
sample_01_g018_c02,104.872256,193.376822,C,sample_01,tissue,section
sample_01_g018_c03,102.947188,189.675599,D,sample_01,tissue,section
sample_01_g018_c04,104.252458,185.40629,C,sample_01,tissue,section
sample_01_g018_c05,108.345327,183.97899,B,sample_01,tissue,section
sample_01_g018_c06,112.375471,183.691372,D,sample_01,tissue,section
sample_01_g018_c07,114.8723,186.791398,A,sample_01,tissue,section
sample_01_g018_c08,116.690151,190.30772,A,sample_01,tissue,section
sample_01_g018_c09,114.739271,193.787852,E,sample_01,tissue,section
sample_01_g018_c10,111.695032,196.167868,E,sample_01,tissue,section
sample_01_g019_c01,194.835287,192.830406,F,sample_01,tissue,section
sample_01_g019_c02,192.323933,195.304931,E,sample_01,tissue,section
sample_01_g019_c03,188.644877,196.192718,D,sample_01,tissue,section
sample_01_g019_c04,185.454431,194.043811,B,sample_01,tissue,section
sample_01_g019_c05,184.152995,190.579157,F,sample_01,tissue,section
sample_01_g019_c06,184.744871,186.923833,E,sample_01,tissue,section
sample_01_g019_c07,187.519346,184.337317,E,sample_01,tissue,section
sample_01_g019_c08,191.500983,183.140719,E,sample_01,tissue,section
sample_01_g019_c09,195.312353,185.274046,D,sample_01,tissue,section
sample_01_g019_c10,197.054483,189.30124,C,sample_01,tissue,section
sample_01_g020_c01,271.818529,197.2635,E,sample_01,tissue,section
sample_01_g020_c02,267.473938,196.269842,D,sample_01,tissue,section
sample_01_g020_c03,264.370945,193.525071,A,sample_01,tissue,section
sample_01_g020_c04,264.019032,189.587638,B,sample_01,tissue,section
sample_01_g020_c05,265.176733,185.960817,A,sample_01,tissue,section
sample_01_g020_c06,268.398188,183.602103,D,sample_01,tissue,section
sample_01_g020_c07,272.63362,183.463192,B,sample_01,tissue,section
sample_01_g020_c08,275.237157,186.720346,E,sample_01,tissue,section
sample_01_g020_c09,276.330167,190.436438,D,sample_01,tissue,section
sample_01_g020_c10,274.7288,193.960073,E,sample_01,tissue,section
sample_01_g021_c01,351.735139,195.998082,D,sample_01,tissue,section
sample_01_g021_c02,347.53713,196.81632,D,sample_01,tissue,section
sample_01_g021_c03,344.289908,193.870999,C,sample_01,tissue,section
sample_01_g021_c04,343.771215,189.797094,B,sample_01,tissue,section
sample_01_g021_c05,345.040998,186.144277,B,sample_01,tissue,section
sample_01_g021_c06,348.288898,184.08501,E,sample_01,tissue,section
sample_01_g021_c07,352.305969,183.617923,E,sample_01,tissue,section
sample_01_g021_c08,355.288446,186.414844,F,sample_01,tissue,section
sample_01_g021_c09,356.353602,190.206972,F,sample_01,tissue,section
sample_01_g021_c10,354.658039,193.621718,C,sample_01,tissue,section
sample_01_g022_c01,428.67925,184.360749,C,sample_01,tissue,section
sample_01_g022_c02,432.882463,183.149097,E,sample_01,tissue,section
sample_01_g022_c03,435.341688,186.76732,A,sample_01,tissue,section
sample_01_g022_c04,435.671484,190.478096,C,sample_01,tissue,section
sample_01_g022_c05,434.945136,194.27132,D,sample_01,tissue,section
sample_01_g022_c06,431.402992,195.990402,B,sample_01,tissue,section
sample_01_g022_c07,427.303682,196.408483,C,sample_01,tissue,section
sample_01_g022_c08,424.211068,193.503343,F,sample_01,tissue,section
sample_01_g022_c09,422.884189,189.40015,E,sample_01,tissue,section
sample_01_g022_c10,424.518323,185.265248,A,sample_01,tissue,section
sample_01_g023_c01,517.471817,190.28154,C,sample_01,tissue,section
sample_01_g023_c02,514.470099,193.512305,C,sample_01,tissue,section
sample_01_g023_c03,511.815184,196.39678,C,sample_01,tissue,section
sample_01_g023_c04,507.611,196.507864,E,sample_01,tissue,section
sample_01_g023_c05,504.124846,193.939328,D,sample_01,tissue,section
sample_01_g023_c06,503.727607,189.763655,B,sample_01,tissue,section
sample_01_g023_c07,504.621221,185.773715,F,sample_01,tissue,section
sample_01_g023_c08,508.337328,184.140678,A,sample_01,tissue,section
sample_01_g023_c09,512.308537,183.711323,E,sample_01,tissue,section
sample_01_g023_c10,514.706819,186.844048,E,sample_01,tissue,section
sample_01_g024_c01,595.564728,188.041123,C,sample_01,tissue,section
sample_01_g024_c02,595.881847,191.754247,A,sample_01,tissue,section
sample_01_g024_c03,594.182447,195.471816,E,sample_01,tissue,section
sample_01_g024_c04,590.156508,196.436517,E,sample_01,tissue,section
sample_01_g024_c05,586.335634,195.310395,F,sample_01,tissue,section
sample_01_g024_c06,584.049669,192.094615,C,sample_01,tissue,section
sample_01_g024_c07,582.99151,187.909734,E,sample_01,tissue,section
sample_01_g024_c08,585.923118,184.666293,A,sample_01,tissue,section
sample_01_g024_c09,589.84604,183.668286,E,sample_01,tissue,section
sample_01_g024_c10,593.606839,184.772972,E,sample_01,tissue,section
sample_01_g025_c01,25.649457,275.9532,D,sample_01,tissue,section
sample_01_g025_c02,22.955803,272.267208,E,sample_01,tissue,section
sample_01_g025_c03,22.956031,267.689647,D,sample_01,tissue,section
sample_01_g025_c04,26.739643,265.486218,E,sample_01,tissue,section
sample_01_g025_c05,30.016495,264.055453,C,sample_01,tissue,section
sample_01_g025_c06,33.945932,264.600461,A,sample_01,tissue,section
sample_01_g025_c07,35.893982,268.102994,A,sample_01,tissue,section
sample_01_g025_c08,36.875928,272.255237,C,sample_01,tissue,section
sample_01_g025_c09,33.286635,274.550163,C,sample_01,tissue,section
sample_01_g025_c10,29.981511,276.663182,F,sample_01,tissue,section
sample_01_g026_c01,104.083121,272.548344,A,sample_01,tissue,section
sample_01_g026_c02,103.957459,268.638375,B,sample_01,tissue,section
sample_01_g026_c03,105.161948,264.493172,A,sample_01,tissue,section
sample_01_g026_c04,109.441715,263.983114,B,sample_01,tissue,section
sample_01_g026_c05,113.524549,264.063726,A,sample_01,tissue,section
sample_01_g026_c06,116.83955,267.05427,C,sample_01,tissue,section
sample_01_g026_c07,116.357908,271.432689,D,sample_01,tissue,section
sample_01_g026_c08,114.213402,274.795831,E,sample_01,tissue,section
sample_01_g026_c09,110.539313,275.812417,A,sample_01,tissue,section
sample_01_g026_c10,106.909905,275.204539,B,sample_01,tissue,section
sample_01_g027_c01,185.572357,264.201204,C,sample_01,tissue,section
sample_01_g027_c02,189.864986,264.327105,B,sample_01,tissue,section
sample_01_g027_c03,193.33782,265.168166,E,sample_01,tissue,section
sample_01_g027_c04,196.823236,267.602061,D,sample_01,tissue,section
sample_01_g027_c05,195.628915,271.681971,B,sample_01,tissue,section
sample_01_g027_c06,194.115123,275.389495,B,sample_01,tissue,section
sample_01_g027_c07,190.163268,276.860049,A,sample_01,tissue,section
sample_01_g027_c08,186.726978,274.738033,E,sample_01,tissue,section
sample_01_g027_c09,183.887948,272.148003,E,sample_01,tissue,section
sample_01_g027_c10,184.340403,268.308861,A,sample_01,tissue,section
sample_01_g028_c01,264.300114,272.756016,D,sample_01,tissue,section
sample_01_g028_c02,262.709415,268.688841,B,sample_01,tissue,section
sample_01_g028_c03,264.934958,264.7191,E,sample_01,tissue,section
sample_01_g028_c04,269.185026,264.054217,A,sample_01,tissue,section
sample_01_g028_c05,272.704107,264.955856,F,sample_01,tissue,section
sample_01_g028_c06,275.58012,267.301893,B,sample_01,tissue,section
sample_01_g028_c07,275.794429,271.042086,B,sample_01,tissue,section
sample_01_g028_c08,274.578917,274.774058,C,sample_01,tissue,section
sample_01_g028_c09,270.842083,276.143568,B,sample_01,tissue,section
sample_01_g028_c10,267.194565,275.233157,F,sample_01,tissue,section
sample_01_g029_c01,356.647985,269.887033,D,sample_01,tissue,section
sample_01_g029_c02,354.678621,273.27923,D,sample_01,tissue,section
sample_01_g029_c03,352.415722,277.026316,D,sample_01,tissue,section
sample_01_g029_c04,348.194773,275.894883,F,sample_01,tissue,section
sample_01_g029_c05,344.952293,273.800063,C,sample_01,tissue,section
sample_01_g029_c06,342.625008,270.12532,E,sample_01,tissue,section
sample_01_g029_c07,345.198223,266.63445,F,sample_01,tissue,section
sample_01_g029_c08,348.052634,264.335933,F,sample_01,tissue,section
sample_01_g029_c09,351.692279,264.473943,B,sample_01,tissue,section
sample_01_g029_c10,355.667691,265.733195,B,sample_01,tissue,section
sample_01_g030_c01,427.50759,264.892242,A,sample_01,tissue,section
sample_01_g030_c02,431.083101,263.850659,F,sample_01,tissue,section
sample_01_g030_c03,434.805012,265.358106,C,sample_01,tissue,section
sample_01_g030_c04,435.5419,269.220073,E,sample_01,tissue,section
sample_01_g030_c05,435.234329,272.781878,B,sample_01,tissue,section
sample_01_g030_c06,432.791361,275.720405,C,sample_01,tissue,section
sample_01_g030_c07,428.852931,276.512522,A,sample_01,tissue,section
sample_01_g030_c08,425.016595,274.814231,E,sample_01,tissue,section
sample_01_g030_c09,424.063884,270.835406,F,sample_01,tissue,section
sample_01_g030_c10,425.021139,267.353894,F,sample_01,tissue,section
sample_01_g031_c01,506.667657,275.358167,D,sample_01,tissue,section
sample_01_g031_c02,503.218073,272.756855,B,sample_01,tissue,section
sample_01_g031_c03,503.21679,268.324059,C,sample_01,tissue,section
sample_01_g031_c04,505.939573,265.181803,D,sample_01,tissue,section
sample_01_g031_c05,509.519999,263.33911,D,sample_01,tissue,section
sample_01_g031_c06,513.349291,264.614582,C,sample_01,tissue,section
sample_01_g031_c07,516.335243,267.424722,E,sample_01,tissue,section
sample_01_g031_c08,515.852548,271.446001,D,sample_01,tissue,section
sample_01_g031_c09,513.925871,274.65853,A,sample_01,tissue,section
sample_01_g031_c10,510.436492,276.057125,C,sample_01,tissue,section
sample_01_g032_c01,595.454845,267.136001,A,sample_01,tissue,section
sample_01_g032_c02,595.931375,270.865171,C,sample_01,tissue,section
sample_01_g032_c03,594.508143,274.399134,F,sample_01,tissue,section
sample_01_g032_c04,591.230042,277.195166,C,sample_01,tissue,section
sample_01_g032_c05,587.554027,274.949304,D,sample_01,tissue,section
sample_01_g032_c06,585.130006,272.55693,C,sample_01,tissue,section
sample_01_g032_c07,583.187938,269.006369,D,sample_01,tissue,section
sample_01_g032_c08,586.011877,266.108312,B,sample_01,tissue,section
sample_01_g032_c09,588.985778,264.067281,C,sample_01,tissue,section
sample_01_g032_c10,592.804947,264.324332,F,sample_01,tissue,section
sample_01_g033_c01,35.080582,345.164517,D,sample_01,tissue,section
sample_01_g033_c02,37.199902,349.041363,D,sample_01,tissue,section
sample_01_g033_c03,35.05883,352.737116,C,sample_01,tissue,section
sample_01_g033_c04,32.723437,355.688306,A,sample_01,tissue,section
sample_01_g033_c05,28.77924,356.641009,F,sample_01,tissue,section
sample_01_g033_c06,25.530744,354.253649,E,sample_01,tissue,section
sample_01_g033_c07,23.923661,350.809039,C,sample_01,tissue,section
sample_01_g033_c08,24.986358,347.287334,A,sample_01,tissue,section
sample_01_g033_c09,27.314658,344.391261,E,sample_01,tissue,section
sample_01_g033_c10,31.337943,342.72151,D,sample_01,tissue,section
sample_01_g034_c01,103.471194,353.032488,D,sample_01,tissue,section
sample_01_g034_c02,103.60173,348.746314,A,sample_01,tissue,section
sample_01_g034_c03,106.025545,345.725048,C,sample_01,tissue,section
sample_01_g034_c04,109.22696,343.624849,C,sample_01,tissue,section
sample_01_g034_c05,113.287629,344.089938,F,sample_01,tissue,section
sample_01_g034_c06,116.539343,346.962618,A,sample_01,tissue,section
sample_01_g034_c07,116.85694,351.343558,C,sample_01,tissue,section
sample_01_g034_c08,113.868485,354.16097,A,sample_01,tissue,section
sample_01_g034_c09,110.721812,355.952681,B,sample_01,tissue,section
sample_01_g034_c10,107.039906,355.321264,E,sample_01,tissue,section
sample_01_g035_c01,188.588916,356.218958,C,sample_01,tissue,section
sample_01_g035_c02,185.705562,353.761618,C,sample_01,tissue,section
sample_01_g035_c03,182.91075,350.647171,E,sample_01,tissue,section
sample_01_g035_c04,184.888146,346.95466,E,sample_01,tissue,section
sample_01_g035_c05,187.738795,344.728285,F,sample_01,tissue,section
sample_01_g035_c06,191.280847,344.355025,C,sample_01,tissue,section
sample_01_g035_c07,194.648785,345.928,F,sample_01,tissue,section
sample_01_g035_c08,196.011379,349.451227,C,sample_01,tissue,section
sample_01_g035_c09,196.153767,353.66605,C,sample_01,tissue,section
sample_01_g035_c10,192.649948,356.17802,C,sample_01,tissue,section
sample_01_g036_c01,276.187861,353.537805,E,sample_01,tissue,section
sample_01_g036_c02,272.809918,356.240123,C,sample_01,tissue,section
sample_01_g036_c03,268.762152,355.947002,C,sample_01,tissue,section
sample_01_g036_c04,264.65726,354.851637,C,sample_01,tissue,section
sample_01_g036_c05,263.909338,350.666172,C,sample_01,tissue,section
sample_01_g036_c06,264.864674,347.063964,C,sample_01,tissue,section
sample_01_g036_c07,267.102541,343.565471,F,sample_01,tissue,section
sample_01_g036_c08,271.158874,344.432415,E,sample_01,tissue,section
sample_01_g036_c09,274.199734,346.186304,D,sample_01,tissue,section
sample_01_g036_c10,275.882469,349.356599,D,sample_01,tissue,section
sample_01_g037_c01,352.833716,355.089987,E,sample_01,tissue,section
sample_01_g037_c02,349.239393,356.29058,D,sample_01,tissue,section
sample_01_g037_c03,345.809953,354.509931,D,sample_01,tissue,section
sample_01_g037_c04,344.40006,351.099245,C,sample_01,tissue,section
sample_01_g037_c05,344.121338,347.271929,C,sample_01,tissue,section
sample_01_g037_c06,346.749249,344.160925,C,sample_01,tissue,section
sample_01_g037_c07,350.875046,342.762952,C,sample_01,tissue,section
sample_01_g037_c08,354.054679,345.635773,A,sample_01,tissue,section
sample_01_g037_c09,357.198027,348.587057,D,sample_01,tissue,section
sample_01_g037_c10,355.2797,352.450114,A,sample_01,tissue,section
sample_01_g038_c01,434.775604,355.399124,D,sample_01,tissue,section
sample_01_g038_c02,430.565154,355.876625,A,sample_01,tissue,section
sample_01_g038_c03,426.4366,356.047818,B,sample_01,tissue,section
sample_01_g038_c04,423.226845,352.9441,D,sample_01,tissue,section
sample_01_g038_c05,424.566121,348.794664,C,sample_01,tissue,section
sample_01_g038_c06,426.06851,345.555201,B,sample_01,tissue,section
sample_01_g038_c07,429.408607,343.850537,D,sample_01,tissue,section
sample_01_g038_c08,432.803197,345.242401,C,sample_01,tissue,section
sample_01_g038_c09,436.307892,347.258137,C,sample_01,tissue,section
sample_01_g038_c10,436.408246,351.421468,A,sample_01,tissue,section
sample_01_g039_c01,503.796522,352.134858,A,sample_01,tissue,section
sample_01_g039_c02,504.69067,348.375795,E,sample_01,tissue,section
sample_01_g039_c03,505.511513,344.041484,A,sample_01,tissue,section
sample_01_g039_c04,509.903453,344.414779,B,sample_01,tissue,section
sample_01_g039_c05,514.000994,344.28804,E,sample_01,tissue,section
sample_01_g039_c06,516.861222,347.638787,E,sample_01,tissue,section
sample_01_g039_c07,515.267399,351.611378,B,sample_01,tissue,section
sample_01_g039_c08,514.429214,355.87983,B,sample_01,tissue,section
sample_01_g039_c09,510.100626,355.82116,A,sample_01,tissue,section
sample_01_g039_c10,506.167714,355.471105,D,sample_01,tissue,section
sample_01_g040_c01,588.075854,356.748762,B,sample_01,tissue,section
sample_01_g040_c02,584.612895,354.221991,F,sample_01,tissue,section
sample_01_g040_c03,582.761975,350.263708,C,sample_01,tissue,section
sample_01_g040_c04,583.955596,345.936272,E,sample_01,tissue,section
sample_01_g040_c05,587.833612,344.075765,A,sample_01,tissue,section
sample_01_g040_c06,591.826075,343.59521,C,sample_01,tissue,section
sample_01_g040_c07,594.36096,346.582221,A,sample_01,tissue,section
sample_01_g040_c08,597.256231,349.735629,A,sample_01,tissue,section
sample_01_g040_c09,595.646288,353.796069,B,sample_01,tissue,section
sample_01_g040_c10,592.569782,357.027364,E,sample_01,tissue,section
sample_01_g041_c01,25.808818,423.784384,C,sample_01,tissue,section
sample_01_g041_c02,30.242848,423.074358,E,sample_01,tissue,section
sample_01_g041_c03,33.898975,425.011022,B,sample_01,tissue,section
sample_01_g041_c04,36.697115,428.080678,F,sample_01,tissue,section
sample_01_g041_c05,36.959103,432.534042,D,sample_01,tissue,section
sample_01_g041_c06,34.065073,436.028592,D,sample_01,tissue,section
sample_01_g041_c07,29.769563,436.571708,C,sample_01,tissue,section
sample_01_g041_c08,26.372607,434.641473,A,sample_01,tissue,section
sample_01_g041_c09,24.30136,431.63317,F,sample_01,tissue,section
sample_01_g041_c10,24.517879,428.003776,A,sample_01,tissue,section
sample_01_g042_c01,115.740649,425.740375,C,sample_01,tissue,section
sample_01_g042_c02,116.650509,429.93316,E,sample_01,tissue,section
sample_01_g042_c03,114.830156,433.435682,F,sample_01,tissue,section
sample_01_g042_c04,112.054777,436.114179,A,sample_01,tissue,section
sample_01_g042_c05,107.864986,436.802779,F,sample_01,tissue,section
sample_01_g042_c06,105.163937,433.588412,B,sample_01,tissue,section
sample_01_g042_c07,104.246521,430.057824,D,sample_01,tissue,section
sample_01_g042_c08,104.567616,426.135954,E,sample_01,tissue,section
sample_01_g042_c09,108.113251,424.385803,E,sample_01,tissue,section
sample_01_g042_c10,111.824772,424.185744,D,sample_01,tissue,section
sample_01_g043_c01,195.676549,427.650918,B,sample_01,tissue,section
sample_01_g043_c02,195.480615,431.317716,A,sample_01,tissue,section
sample_01_g043_c03,193.854371,434.515942,B,sample_01,tissue,section
sample_01_g043_c04,190.503878,436.42984,D,sample_01,tissue,section
sample_01_g043_c05,186.511443,435.688541,E,sample_01,tissue,section
sample_01_g043_c06,184.578122,432.243694,F,sample_01,tissue,section
sample_01_g043_c07,184.178114,428.600231,B,sample_01,tissue,section
sample_01_g043_c08,185.777917,425.05323,C,sample_01,tissue,section
sample_01_g043_c09,189.439185,422.843599,A,sample_01,tissue,section
sample_01_g043_c10,193.741425,423.899126,A,sample_01,tissue,section
sample_01_g044_c01,274.285294,425.216657,A,sample_01,tissue,section
sample_01_g044_c02,276.546895,428.591264,F,sample_01,tissue,section
sample_01_g044_c03,276.200957,432.742252,D,sample_01,tissue,section
sample_01_g044_c04,273.151836,435.427694,C,sample_01,tissue,section
sample_01_g044_c05,269.377873,436.065255,B,sample_01,tissue,section
sample_01_g044_c06,265.312969,435.231772,C,sample_01,tissue,section
sample_01_g044_c07,263.401417,431.419858,B,sample_01,tissue,section
sample_01_g044_c08,264.444571,427.54322,E,sample_01,tissue,section
sample_01_g044_c09,267.140819,425.076278,D,sample_01,tissue,section
sample_01_g044_c10,270.617718,423.97773,A,sample_01,tissue,section
sample_01_g045_c01,352.067451,423.508341,B,sample_01,tissue,section
sample_01_g045_c02,355.448534,425.992606,E,sample_01,tissue,section
sample_01_g045_c03,356.74053,429.960651,E,sample_01,tissue,section
sample_01_g045_c04,354.507511,433.234866,B,sample_01,tissue,section
sample_01_g045_c05,351.899708,435.732615,F,sample_01,tissue,section
sample_01_g045_c06,347.815673,436.858642,A,sample_01,tissue,section
sample_01_g045_c07,344.945524,433.717565,C,sample_01,tissue,section
sample_01_g045_c08,344.266243,430.033471,C,sample_01,tissue,section
sample_01_g045_c09,345.116869,426.495567,B,sample_01,tissue,section
sample_01_g045_c10,347.975836,423.891822,A,sample_01,tissue,section
sample_01_g046_c01,428.074553,423.950613,F,sample_01,tissue,section
sample_01_g046_c02,432.243275,423.234535,C,sample_01,tissue,section
sample_01_g046_c03,435.826284,425.820225,E,sample_01,tissue,section
sample_01_g046_c04,437.263787,430.043656,F,sample_01,tissue,section
sample_01_g046_c05,435.533508,434.071364,C,sample_01,tissue,section
sample_01_g046_c06,431.875012,435.89093,C,sample_01,tissue,section
sample_01_g046_c07,427.980057,436.091923,A,sample_01,tissue,section
sample_01_g046_c08,424.401407,434.01643,D,sample_01,tissue,section
sample_01_g046_c09,423.943866,429.963602,B,sample_01,tissue,section
sample_01_g046_c10,424.852319,426.212515,F,sample_01,tissue,section
sample_01_g047_c01,513.993179,434.520252,D,sample_01,tissue,section
sample_01_g047_c02,510.577139,436.04101,C,sample_01,tissue,section
sample_01_g047_c03,506.538062,435.8672,C,sample_01,tissue,section
sample_01_g047_c04,504.904644,432.21101,C,sample_01,tissue,section
sample_01_g047_c05,503.100353,428.464989,E,sample_01,tissue,section
sample_01_g047_c06,505.233452,424.6043,D,sample_01,tissue,section
sample_01_g047_c07,509.379732,423.507559,E,sample_01,tissue,section
sample_01_g047_c08,513.697643,423.733333,A,sample_01,tissue,section
sample_01_g047_c09,516.274288,427.27742,C,sample_01,tissue,section
sample_01_g047_c10,516.833128,431.520212,B,sample_01,tissue,section
sample_01_g048_c01,585.943899,424.356793,A,sample_01,tissue,section
sample_01_g048_c02,590.034905,423.174491,E,sample_01,tissue,section
sample_01_g048_c03,594.195463,424.287107,F,sample_01,tissue,section
sample_01_g048_c04,596.275546,427.996373,A,sample_01,tissue,section
sample_01_g048_c05,595.723943,431.892238,B,sample_01,tissue,section
sample_01_g048_c06,593.314557,434.611506,B,sample_01,tissue,section
sample_01_g048_c07,589.970021,435.862303,A,sample_01,tissue,section
sample_01_g048_c08,586.06786,435.35433,C,sample_01,tissue,section
sample_01_g048_c09,582.860769,432.27938,B,sample_01,tissue,section
sample_01_g048_c10,583.452366,427.835464,A,sample_01,tissue,section
sample_01_g049_c01,24.56348,507.789442,A,sample_01,tissue,section
sample_01_g049_c02,26.713025,504.713645,F,sample_01,tissue,section
sample_01_g049_c03,30.521422,502.774042,A,sample_01,tissue,section
sample_01_g049_c04,34.649432,504.483956,D,sample_01,tissue,section
sample_01_g049_c05,36.776516,508.326406,A,sample_01,tissue,section
sample_01_g049_c06,36.772427,512.753755,A,sample_01,tissue,section
sample_01_g049_c07,33.850774,516.193099,A,sample_01,tissue,section
sample_01_g049_c08,29.477758,517.237327,A,sample_01,tissue,section
sample_01_g049_c09,26.331307,514.352505,D,sample_01,tissue,section
sample_01_g049_c10,24.642086,511.323242,C,sample_01,tissue,section
sample_01_g050_c01,114.248219,506.285552,D,sample_01,tissue,section
sample_01_g050_c02,116.945942,509.372152,B,sample_01,tissue,section
sample_01_g050_c03,115.069887,513.026463,D,sample_01,tissue,section
sample_01_g050_c04,112.644127,516.179643,E,sample_01,tissue,section
sample_01_g050_c05,108.628538,516.019474,E,sample_01,tissue,section
sample_01_g050_c06,104.772583,514.570615,B,sample_01,tissue,section
sample_01_g050_c07,102.781386,510.652495,B,sample_01,tissue,section
sample_01_g050_c08,104.594121,506.772967,C,sample_01,tissue,section
sample_01_g050_c09,107.563308,504.305157,F,sample_01,tissue,section
sample_01_g050_c10,111.40785,503.820815,F,sample_01,tissue,section
sample_01_g051_c01,187.432894,504.776574,A,sample_01,tissue,section
sample_01_g051_c02,191.196296,503.094106,E,sample_01,tissue,section
sample_01_g051_c03,195.210873,504.937551,C,sample_01,tissue,section
sample_01_g051_c04,196.399675,509.080953,B,sample_01,tissue,section
sample_01_g051_c05,194.983335,512.630497,C,sample_01,tissue,section
sample_01_g051_c06,193.279529,516.673031,F,sample_01,tissue,section
sample_01_g051_c07,189.007521,515.729313,C,sample_01,tissue,section
sample_01_g051_c08,185.154974,514.707023,D,sample_01,tissue,section
sample_01_g051_c09,183.370304,510.95208,C,sample_01,tissue,section
sample_01_g051_c10,184.044536,506.856357,F,sample_01,tissue,section
sample_01_g052_c01,274.478816,515.5567,B,sample_01,tissue,section
sample_01_g052_c02,270.358638,517.154891,F,sample_01,tissue,section
sample_01_g052_c03,266.923767,514.713453,A,sample_01,tissue,section
sample_01_g052_c04,263.889741,512.329559,D,sample_01,tissue,section
sample_01_g052_c05,263.972873,508.370318,C,sample_01,tissue,section
sample_01_g052_c06,265.304397,504.174341,A,sample_01,tissue,section
sample_01_g052_c07,269.629104,502.600543,A,sample_01,tissue,section
sample_01_g052_c08,273.665006,504.38442,A,sample_01,tissue,section
sample_01_g052_c09,276.576378,507.492731,C,sample_01,tissue,section
sample_01_g052_c10,276.076752,511.6431,F,sample_01,tissue,section
sample_01_g053_c01,356.429699,506.892303,A,sample_01,tissue,section
sample_01_g053_c02,357.273067,511.309143,E,sample_01,tissue,section
sample_01_g053_c03,354.88134,515.090909,C,sample_01,tissue,section
sample_01_g053_c04,350.766505,515.598461,E,sample_01,tissue,section
sample_01_g053_c05,346.78041,516.003527,A,sample_01,tissue,section
sample_01_g053_c06,344.086795,512.858058,E,sample_01,tissue,section
sample_01_g053_c07,344.144254,508.945973,C,sample_01,tissue,section
sample_01_g053_c08,345.981296,505.808762,F,sample_01,tissue,section
sample_01_g053_c09,349.107696,503.482722,D,sample_01,tissue,section
sample_01_g053_c10,353.11762,504.186615,F,sample_01,tissue,section
sample_01_g054_c01,426.826488,503.237247,A,sample_01,tissue,section
sample_01_g054_c02,431.090986,504.313779,A,sample_01,tissue,section
sample_01_g054_c03,434.259511,506.008586,F,sample_01,tissue,section
sample_01_g054_c04,436.298196,509.211171,C,sample_01,tissue,section
sample_01_g054_c05,436.422513,513.539724,D,sample_01,tissue,section
sample_01_g054_c06,432.699642,515.752936,B,sample_01,tissue,section
sample_01_g054_c07,428.771588,516.402485,C,sample_01,tissue,section
sample_01_g054_c08,425.640826,514.084804,C,sample_01,tissue,section
sample_01_g054_c09,423.634076,510.797312,F,sample_01,tissue,section
sample_01_g054_c10,423.635519,506.49226,C,sample_01,tissue,section
sample_01_g055_c01,506.280639,514.500038,C,sample_01,tissue,section
sample_01_g055_c02,504.481662,511.419504,D,sample_01,tissue,section
sample_01_g055_c03,503.640982,507.485581,A,sample_01,tissue,section
sample_01_g055_c04,506.69667,504.799935,A,sample_01,tissue,section
sample_01_g055_c05,510.422868,503.230304,A,sample_01,tissue,section
sample_01_g055_c06,513.619198,505.621149,F,sample_01,tissue,section
sample_01_g055_c07,516.407514,508.35177,F,sample_01,tissue,section
sample_01_g055_c08,516.289476,512.486921,C,sample_01,tissue,section
sample_01_g055_c09,513.269977,515.147561,E,sample_01,tissue,section
sample_01_g055_c10,509.580961,516.708387,E,sample_01,tissue,section
sample_01_g056_c01,589.04526,516.927688,C,sample_01,tissue,section
sample_01_g056_c02,586.179161,513.977826,B,sample_01,tissue,section
sample_01_g056_c03,583.496542,511.164674,D,sample_01,tissue,section
sample_01_g056_c04,584.491445,507.331508,E,sample_01,tissue,section
sample_01_g056_c05,586.528796,503.513518,B,sample_01,tissue,section
sample_01_g056_c06,590.836198,503.93246,D,sample_01,tissue,section
sample_01_g056_c07,594.127604,505.702805,B,sample_01,tissue,section
sample_01_g056_c08,595.478688,509.018847,E,sample_01,tissue,section
sample_01_g056_c09,596.611293,513.202687,D,sample_01,tissue,section
sample_01_g056_c10,592.939897,515.493654,E,sample_01,tissue,section
sample_01_g057_c01,25.695677,594.272065,D,sample_01,tissue,section
sample_01_g057_c02,23.261659,591.041283,F,sample_01,tissue,section
sample_01_g057_c03,23.400393,586.606005,A,sample_01,tissue,section
sample_01_g057_c04,27.226512,584.505732,C,sample_01,tissue,section
sample_01_g057_c05,31.199809,582.604838,B,sample_01,tissue,section
sample_01_g057_c06,33.953895,586.075737,B,sample_01,tissue,section
sample_01_g057_c07,36.491155,588.996915,C,sample_01,tissue,section
sample_01_g057_c08,36.315533,593.247904,D,sample_01,tissue,section
sample_01_g057_c09,32.661265,595.271953,C,sample_01,tissue,section
sample_01_g057_c10,29.108741,595.493377,F,sample_01,tissue,section
sample_01_g058_c01,104.293916,588.567647,D,sample_01,tissue,section
sample_01_g058_c02,105.340856,584.429438,B,sample_01,tissue,section
sample_01_g058_c03,109.547855,583.38244,A,sample_01,tissue,section
sample_01_g058_c04,113.190463,584.912258,D,sample_01,tissue,section
sample_01_g058_c05,116.501324,587.385343,C,sample_01,tissue,section
sample_01_g058_c06,116.621277,591.662086,B,sample_01,tissue,section
sample_01_g058_c07,114.611152,595.513182,E,sample_01,tissue,section
sample_01_g058_c08,110.402181,595.886301,F,sample_01,tissue,section
sample_01_g058_c09,106.291041,595.914573,A,sample_01,tissue,section
sample_01_g058_c10,104.849728,592.0713,B,sample_01,tissue,section
sample_01_g059_c01,192.972956,584.633264,B,sample_01,tissue,section
sample_01_g059_c02,195.68357,587.347859,C,sample_01,tissue,section
sample_01_g059_c03,195.71716,591.109718,E,sample_01,tissue,section
sample_01_g059_c04,194.999536,595.358475,E,sample_01,tissue,section
sample_01_g059_c05,190.899721,597.311485,D,sample_01,tissue,section
sample_01_g059_c06,187.318195,594.841155,F,sample_01,tissue,section
sample_01_g059_c07,183.578573,592.99645,D,sample_01,tissue,section
sample_01_g059_c08,184.496535,588.931761,C,sample_01,tissue,section
sample_01_g059_c09,186.121685,585.843243,F,sample_01,tissue,section
sample_01_g059_c10,189.289753,584.22825,D,sample_01,tissue,section
sample_01_g060_c01,275.980796,591.041679,A,sample_01,tissue,section
sample_01_g060_c02,274.40313,594.540526,C,sample_01,tissue,section
sample_01_g060_c03,271.040358,597.291808,B,sample_01,tissue,section
sample_01_g060_c04,267.026347,595.620965,F,sample_01,tissue,section
sample_01_g060_c05,264.940122,592.480985,C,sample_01,tissue,section
sample_01_g060_c06,263.526454,588.872498,B,sample_01,tissue,section
sample_01_g060_c07,265.329472,585.183732,E,sample_01,tissue,section
sample_01_g060_c08,269.103892,583.719227,B,sample_01,tissue,section
sample_01_g060_c09,273.311968,583.739533,A,sample_01,tissue,section
sample_01_g060_c10,276.140848,586.988989,B,sample_01,tissue,section
sample_02_g001_c01,36.9419,29.446057,B,sample_02,tissue,section
sample_02_g001_c02,35.355323,33.273733,A,sample_02,tissue,section
sample_02_g001_c03,32.451541,35.900369,E,sample_02,tissue,section
sample_02_g001_c04,28.396597,36.710828,B,sample_02,tissue,section
sample_02_g001_c05,24.708677,34.529187,A,sample_02,tissue,section
sample_02_g001_c06,23.647912,30.506878,F,sample_02,tissue,section
sample_02_g001_c07,24.049929,26.362695,D,sample_02,tissue,section
sample_02_g001_c08,27.541446,24.082751,C,sample_02,tissue,section
sample_02_g001_c09,31.710294,22.841795,C,sample_02,tissue,section
sample_02_g001_c10,35.588325,25.21659,B,sample_02,tissue,section
sample_02_g002_c01,112.585976,24.251282,B,sample_02,tissue,section
sample_02_g002_c02,115.10749,27.077268,C,sample_02,tissue,section
sample_02_g002_c03,117.31671,30.79742,B,sample_02,tissue,section
sample_02_g002_c04,114.326385,33.925665,E,sample_02,tissue,section
sample_02_g002_c05,111.306349,36.264009,E,sample_02,tissue,section
sample_02_g002_c06,107.529627,35.491727,F,sample_02,tissue,section
sample_02_g002_c07,104.357142,33.229093,D,sample_02,tissue,section
sample_02_g002_c08,103.140131,29.252369,D,sample_02,tissue,section
sample_02_g002_c09,105.75023,26.143853,C,sample_02,tissue,section
sample_02_g002_c10,108.751542,24.013583,A,sample_02,tissue,section
sample_02_g003_c01,196.258689,34.1182,B,sample_02,tissue,section
sample_02_g003_c02,192.529114,36.708967,B,sample_02,tissue,section
sample_02_g003_c03,188.404288,35.815073,A,sample_02,tissue,section
sample_02_g003_c04,185.401809,33.677946,A,sample_02,tissue,section
sample_02_g003_c05,184.374286,30.260893,B,sample_02,tissue,section
sample_02_g003_c06,184.851904,26.612568,B,sample_02,tissue,section
sample_02_g003_c07,187.438414,23.204895,B,sample_02,tissue,section
sample_02_g003_c08,191.873008,23.174412,F,sample_02,tissue,section
sample_02_g003_c09,195.538731,25.569746,A,sample_02,tissue,section
sample_02_g003_c10,196.358799,29.70511,B,sample_02,tissue,section
sample_02_g004_c01,269.357011,35.807961,B,sample_02,tissue,section
sample_02_g004_c02,266.06655,34.32017,C,sample_02,tissue,section
sample_02_g004_c03,264.18123,31.203168,F,sample_02,tissue,section
sample_02_g004_c04,264.899423,27.695137,B,sample_02,tissue,section
sample_02_g004_c05,267.154069,25.007031,B,sample_02,tissue,section
sample_02_g004_c06,270.620146,24.398375,D,sample_02,tissue,section
sample_02_g004_c07,273.839438,25.783084,A,sample_02,tissue,section
sample_02_g004_c08,276.949142,28.563101,A,sample_02,tissue,section
sample_02_g004_c09,275.077193,32.294296,A,sample_02,tissue,section
sample_02_g004_c10,273.186883,35.591144,F,sample_02,tissue,section
sample_02_g005_c01,354.227954,34.237942,E,sample_02,tissue,section
sample_02_g005_c02,350.867209,35.517462,B,sample_02,tissue,section
sample_02_g005_c03,346.954795,35.959162,B,sample_02,tissue,section
sample_02_g005_c04,344.20837,32.942381,B,sample_02,tissue,section
sample_02_g005_c05,343.232411,28.919933,A,sample_02,tissue,section
sample_02_g005_c06,345.159999,25.148566,F,sample_02,tissue,section
sample_02_g005_c07,349.045619,23.927919,E,sample_02,tissue,section
sample_02_g005_c08,352.950998,24.225193,C,sample_02,tissue,section
sample_02_g005_c09,355.433319,27.239655,B,sample_02,tissue,section
sample_02_g005_c10,356.350119,31.013441,B,sample_02,tissue,section
sample_02_g006_c01,431.117552,24.401897,D,sample_02,tissue,section
sample_02_g006_c02,434.582,25.770308,D,sample_02,tissue,section
sample_02_g006_c03,436.298735,29.258907,C,sample_02,tissue,section
sample_02_g006_c04,436.09975,33.42156,F,sample_02,tissue,section
sample_02_g006_c05,433.051741,36.631782,D,sample_02,tissue,section
sample_02_g006_c06,428.64331,36.796004,F,sample_02,tissue,section
sample_02_g006_c07,425.723444,33.947734,E,sample_02,tissue,section
sample_02_g006_c08,424.473648,30.650217,C,sample_02,tissue,section
sample_02_g006_c09,424.446211,26.884688,B,sample_02,tissue,section
sample_02_g006_c10,426.988279,23.455187,F,sample_02,tissue,section
sample_02_g007_c01,514.985037,34.026537,D,sample_02,tissue,section
sample_02_g007_c02,511.794858,36.665294,D,sample_02,tissue,section
sample_02_g007_c03,507.971869,35.30319,C,sample_02,tissue,section
sample_02_g007_c04,504.022041,33.892723,F,sample_02,tissue,section
sample_02_g007_c05,503.596056,29.672379,B,sample_02,tissue,section
sample_02_g007_c06,505.642238,26.480129,B,sample_02,tissue,section
sample_02_g007_c07,508.417444,24.123101,F,sample_02,tissue,section
sample_02_g007_c08,512.059145,24.615715,E,sample_02,tissue,section
sample_02_g007_c09,514.679421,26.952858,C,sample_02,tissue,section
sample_02_g007_c10,516.714372,30.343503,B,sample_02,tissue,section
sample_02_g008_c01,596.009258,27.228911,F,sample_02,tissue,section
sample_02_g008_c02,595.975559,31.187945,B,sample_02,tissue,section
sample_02_g008_c03,594.263196,34.610906,D,sample_02,tissue,section
sample_02_g008_c04,590.7652,36.459194,B,sample_02,tissue,section
sample_02_g008_c05,586.608174,36.058068,C,sample_02,tissue,section
sample_02_g008_c06,583.85884,32.831914,E,sample_02,tissue,section
sample_02_g008_c07,582.916739,28.591843,B,sample_02,tissue,section
sample_02_g008_c08,585.063938,24.661349,F,sample_02,tissue,section
sample_02_g008_c09,589.167202,22.970193,C,sample_02,tissue,section
sample_02_g008_c10,593.21336,24.260687,C,sample_02,tissue,section
sample_02_g009_c01,25.352669,114.179416,F,sample_02,tissue,section
sample_02_g009_c02,22.629791,110.770158,B,sample_02,tissue,section
sample_02_g009_c03,23.856158,106.447921,D,sample_02,tissue,section
sample_02_g009_c04,27.584096,104.564993,B,sample_02,tissue,section
sample_02_g009_c05,31.176612,104.480806,E,sample_02,tissue,section
sample_02_g009_c06,34.889393,105.602895,A,sample_02,tissue,section
sample_02_g009_c07,37.337234,109.233288,B,sample_02,tissue,section
sample_02_g009_c08,35.007925,112.895345,F,sample_02,tissue,section
sample_02_g009_c09,32.898817,116.521406,F,sample_02,tissue,section
sample_02_g009_c10,28.798374,115.636531,C,sample_02,tissue,section
sample_02_g010_c01,109.270087,117.312038,C,sample_02,tissue,section
sample_02_g010_c02,106.039394,114.445197,F,sample_02,tissue,section
sample_02_g010_c03,103.432475,111.431882,E,sample_02,tissue,section
sample_02_g010_c04,104.025624,107.37736,E,sample_02,tissue,section
sample_02_g010_c05,106.793774,104.513074,D,sample_02,tissue,section
sample_02_g010_c06,110.62374,103.751567,C,sample_02,tissue,section
sample_02_g010_c07,113.708294,105.837987,A,sample_02,tissue,section
sample_02_g010_c08,116.9436,108.486124,E,sample_02,tissue,section
sample_02_g010_c09,115.691886,112.498632,C,sample_02,tissue,section
sample_02_g010_c10,112.834277,114.850396,F,sample_02,tissue,section
sample_02_g011_c01,193.620159,114.31077,F,sample_02,tissue,section
sample_02_g011_c02,190.39632,115.634656,C,sample_02,tissue,section
sample_02_g011_c03,186.31971,115.895038,B,sample_02,tissue,section
sample_02_g011_c04,184.528406,112.213261,C,sample_02,tissue,section
sample_02_g011_c05,184.574607,108.649645,B,sample_02,tissue,section
sample_02_g011_c06,186.037668,105.281782,C,sample_02,tissue,section
sample_02_g011_c07,189.47568,102.545523,E,sample_02,tissue,section
sample_02_g011_c08,193.781447,103.94293,E,sample_02,tissue,section
sample_02_g011_c09,196.48958,107.374964,B,sample_02,tissue,section
sample_02_g011_c10,196.191469,111.541028,B,sample_02,tissue,section
sample_02_g012_c01,263.906392,106.70198,B,sample_02,tissue,section
sample_02_g012_c02,267.483309,104.741748,E,sample_02,tissue,section
sample_02_g012_c03,271.180028,103.585294,F,sample_02,tissue,section
sample_02_g012_c04,274.319795,105.889679,A,sample_02,tissue,section
sample_02_g012_c05,277.03046,109.06486,A,sample_02,tissue,section
sample_02_g012_c06,275.743479,113.108521,C,sample_02,tissue,section
sample_02_g012_c07,272.505585,115.235048,B,sample_02,tissue,section
sample_02_g012_c08,268.700705,117.063051,F,sample_02,tissue,section
sample_02_g012_c09,264.816707,114.931947,F,sample_02,tissue,section
sample_02_g012_c10,262.691733,110.972092,C,sample_02,tissue,section
sample_02_g013_c01,347.354766,104.920332,D,sample_02,tissue,section
sample_02_g013_c02,350.987658,103.384936,E,sample_02,tissue,section
sample_02_g013_c03,355.248305,104.657753,A,sample_02,tissue,section
sample_02_g013_c04,356.787942,108.863087,F,sample_02,tissue,section
sample_02_g013_c05,356.665826,113.322264,B,sample_02,tissue,section
sample_02_g013_c06,352.637578,115.064965,C,sample_02,tissue,section
sample_02_g013_c07,349.03339,116.474095,F,sample_02,tissue,section
sample_02_g013_c08,345.349014,114.734237,A,sample_02,tissue,section
sample_02_g013_c09,343.529381,111.083765,F,sample_02,tissue,section
sample_02_g013_c10,344.349994,107.184023,A,sample_02,tissue,section
sample_02_g014_c01,428.611974,104.632579,E,sample_02,tissue,section
sample_02_g014_c02,432.680788,103.194714,E,sample_02,tissue,section
sample_02_g014_c03,435.363633,106.583099,C,sample_02,tissue,section
sample_02_g014_c04,435.519142,110.337646,B,sample_02,tissue,section
sample_02_g014_c05,435.25211,114.329634,F,sample_02,tissue,section
sample_02_g014_c06,431.584599,116.127556,D,sample_02,tissue,section
sample_02_g014_c07,427.612549,116.060638,A,sample_02,tissue,section
sample_02_g014_c08,425.251759,113.024866,E,sample_02,tissue,section
sample_02_g014_c09,423.199098,109.58394,D,sample_02,tissue,section
sample_02_g014_c10,424.483011,105.45201,F,sample_02,tissue,section
sample_02_g015_c01,514.311917,105.460768,B,sample_02,tissue,section
sample_02_g015_c02,516.639107,108.772972,B,sample_02,tissue,section
sample_02_g015_c03,516.064052,112.896153,E,sample_02,tissue,section
sample_02_g015_c04,513.106522,115.728378,D,sample_02,tissue,section
sample_02_g015_c05,509.126481,116.609318,C,sample_02,tissue,section
sample_02_g015_c06,505.085505,115.173578,E,sample_02,tissue,section
sample_02_g015_c07,503.376075,111.224222,D,sample_02,tissue,section
sample_02_g015_c08,504.677571,107.458041,A,sample_02,tissue,section
sample_02_g015_c09,507.121341,104.691798,D,sample_02,tissue,section
sample_02_g015_c10,510.957028,102.758826,B,sample_02,tissue,section
sample_02_g016_c01,593.052154,116.205169,F,sample_02,tissue,section
sample_02_g016_c02,588.977371,115.915044,C,sample_02,tissue,section
sample_02_g016_c03,585.646768,114.23205,D,sample_02,tissue,section
sample_02_g016_c04,584.240519,110.829063,F,sample_02,tissue,section
sample_02_g016_c05,584.457931,107.076925,A,sample_02,tissue,section
sample_02_g016_c06,586.860184,103.61661,F,sample_02,tissue,section
sample_02_g016_c07,590.968652,104.397163,C,sample_02,tissue,section
sample_02_g016_c08,594.348367,105.772679,A,sample_02,tissue,section
sample_02_g016_c09,595.706197,109.178607,C,sample_02,tissue,section
sample_02_g016_c10,594.94142,112.606272,B,sample_02,tissue,section
sample_02_g017_c01,24.332737,189.1848,E,sample_02,tissue,section
sample_02_g017_c02,24.960335,185.101622,C,sample_02,tissue,section
sample_02_g017_c03,28.785219,182.977771,B,sample_02,tissue,section
sample_02_g017_c04,33.109495,183.67663,D,sample_02,tissue,section
sample_02_g017_c05,34.900991,187.414414,F,sample_02,tissue,section
sample_02_g017_c06,36.646565,190.956067,C,sample_02,tissue,section
sample_02_g017_c07,35.369256,195.218728,F,sample_02,tissue,section
sample_02_g017_c08,30.951472,195.500133,D,sample_02,tissue,section
sample_02_g017_c09,27.133786,195.828642,F,sample_02,tissue,section
sample_02_g017_c10,24.859474,192.711955,A,sample_02,tissue,section
sample_02_g018_c01,116.975655,189.553745,F,sample_02,tissue,section
sample_02_g018_c02,115.014066,193.174613,E,sample_02,tissue,section
sample_02_g018_c03,112.222979,195.597356,E,sample_02,tissue,section
sample_02_g018_c04,108.377375,196.347483,C,sample_02,tissue,section
sample_02_g018_c05,105.277318,193.915336,D,sample_02,tissue,section
sample_02_g018_c06,103.859033,190.392857,A,sample_02,tissue,section
sample_02_g018_c07,104.239413,186.352734,A,sample_02,tissue,section
sample_02_g018_c08,107.717884,184.25374,C,sample_02,tissue,section
sample_02_g018_c09,111.432997,184.394317,A,sample_02,tissue,section
sample_02_g018_c10,114.8106,186.011775,B,sample_02,tissue,section
sample_02_g019_c01,184.05596,189.012164,C,sample_02,tissue,section
sample_02_g019_c02,185.552527,185.484366,C,sample_02,tissue,section
sample_02_g019_c03,188.977761,183.212148,C,sample_02,tissue,section
sample_02_g019_c04,192.733262,184.735037,F,sample_02,tissue,section
sample_02_g019_c05,195.00862,187.495773,C,sample_02,tissue,section
sample_02_g019_c06,197.123485,191.183847,F,sample_02,tissue,section
sample_02_g019_c07,193.968894,194.029721,C,sample_02,tissue,section
sample_02_g019_c08,191.070579,197.108839,F,sample_02,tissue,section
sample_02_g019_c09,186.604585,196.54044,A,sample_02,tissue,section
sample_02_g019_c10,184.211156,192.894326,A,sample_02,tissue,section
sample_02_g020_c01,264.667224,193.653773,D,sample_02,tissue,section
sample_02_g020_c02,264.472001,189.847245,F,sample_02,tissue,section
sample_02_g020_c03,264.414528,185.70127,C,sample_02,tissue,section
sample_02_g020_c04,268.146116,183.707997,F,sample_02,tissue,section
sample_02_g020_c05,272.151177,183.953066,F,sample_02,tissue,section
sample_02_g020_c06,275.254504,186.399855,E,sample_02,tissue,section
sample_02_g020_c07,275.792128,190.160054,C,sample_02,tissue,section
sample_02_g020_c08,275.735991,194.414573,A,sample_02,tissue,section
sample_02_g020_c09,271.733335,195.882865,C,sample_02,tissue,section
sample_02_g020_c10,267.762384,196.289914,D,sample_02,tissue,section
sample_02_g021_c01,351.139916,182.597201,B,sample_02,tissue,section
sample_02_g021_c02,354.295205,185.667739,E,sample_02,tissue,section
sample_02_g021_c03,355.811716,189.053908,E,sample_02,tissue,section
sample_02_g021_c04,356.492477,193.273033,A,sample_02,tissue,section
sample_02_g021_c05,352.702664,195.248426,B,sample_02,tissue,section
sample_02_g021_c06,349.156924,195.475069,F,sample_02,tissue,section
sample_02_g021_c07,345.284612,194.75607,E,sample_02,tissue,section
sample_02_g021_c08,344.473603,190.899644,C,sample_02,tissue,section
sample_02_g021_c09,345.014132,187.48649,F,sample_02,tissue,section
sample_02_g021_c10,347.470765,185.088364,D,sample_02,tissue,section
sample_02_g022_c01,425.209915,186.948686,F,sample_02,tissue,section
sample_02_g022_c02,427.376985,183.341979,E,sample_02,tissue,section
sample_02_g022_c03,431.86988,182.768351,B,sample_02,tissue,section
sample_02_g022_c04,434.64687,186.16906,D,sample_02,tissue,section
sample_02_g022_c05,437.138201,189.563082,D,sample_02,tissue,section
sample_02_g022_c06,435.518083,193.515053,B,sample_02,tissue,section
sample_02_g022_c07,432.542125,196.452697,E,sample_02,tissue,section
sample_02_g022_c08,428.146213,197.16941,A,sample_02,tissue,section
sample_02_g022_c09,424.835269,194.257871,F,sample_02,tissue,section
sample_02_g022_c10,424.309344,190.348316,D,sample_02,tissue,section
sample_02_g023_c01,510.769291,183.416093,F,sample_02,tissue,section
sample_02_g023_c02,514.044492,185.611566,E,sample_02,tissue,section
sample_02_g023_c03,516.195132,188.758093,B,sample_02,tissue,section
sample_02_g023_c04,515.193676,192.384922,D,sample_02,tissue,section
sample_02_g023_c05,513.43447,196.111268,B,sample_02,tissue,section
sample_02_g023_c06,509.341559,195.635207,E,sample_02,tissue,section
sample_02_g023_c07,505.840297,194.513441,C,sample_02,tissue,section
sample_02_g023_c08,504.347884,191.133051,A,sample_02,tissue,section
sample_02_g023_c09,503.571236,187.047929,C,sample_02,tissue,section
sample_02_g023_c10,506.661904,184.06022,F,sample_02,tissue,section
sample_02_g024_c01,589.894889,184.185917,C,sample_02,tissue,section
sample_02_g024_c02,594.097914,184.1398,A,sample_02,tissue,section
sample_02_g024_c03,597.063088,187.563058,A,sample_02,tissue,section
sample_02_g024_c04,595.914944,191.804349,F,sample_02,tissue,section
sample_02_g024_c05,593.577068,194.740778,A,sample_02,tissue,section
sample_02_g024_c06,590.120788,196.681271,F,sample_02,tissue,section
sample_02_g024_c07,586.69016,194.733219,A,sample_02,tissue,section
sample_02_g024_c08,583.950369,192.087274,D,sample_02,tissue,section
sample_02_g024_c09,583.886041,188.134942,B,sample_02,tissue,section
sample_02_g024_c10,585.968969,184.657574,C,sample_02,tissue,section
sample_02_g025_c01,28.057144,263.166115,D,sample_02,tissue,section
sample_02_g025_c02,31.96633,264.635367,B,sample_02,tissue,section
sample_02_g025_c03,36.039009,265.946495,E,sample_02,tissue,section
sample_02_g025_c04,37.433337,270.276425,B,sample_02,tissue,section
sample_02_g025_c05,35.14691,274.040001,C,sample_02,tissue,section
sample_02_g025_c06,31.943863,276.837428,D,sample_02,tissue,section
sample_02_g025_c07,28.054621,275.307475,E,sample_02,tissue,section
sample_02_g025_c08,24.942114,273.394956,D,sample_02,tissue,section
sample_02_g025_c09,22.776299,269.731371,F,sample_02,tissue,section
sample_02_g025_c10,25.210505,266.240547,B,sample_02,tissue,section
sample_02_g026_c01,105.693228,273.532803,D,sample_02,tissue,section
sample_02_g026_c02,102.528848,270.438856,A,sample_02,tissue,section
sample_02_g026_c03,105.1288,266.880147,C,sample_02,tissue,section
sample_02_g026_c04,107.698834,264.116541,E,sample_02,tissue,section
sample_02_g026_c05,111.606239,263.85041,C,sample_02,tissue,section
sample_02_g026_c06,114.832252,266.036151,B,sample_02,tissue,section
sample_02_g026_c07,116.883681,269.595652,C,sample_02,tissue,section
sample_02_g026_c08,114.863747,273.11508,A,sample_02,tissue,section
sample_02_g026_c09,112.505843,276.406762,E,sample_02,tissue,section
sample_02_g026_c10,108.313953,276.455138,E,sample_02,tissue,section
sample_02_g027_c01,188.426334,276.385065,E,sample_02,tissue,section
sample_02_g027_c02,185.425676,273.859421,F,sample_02,tissue,section
sample_02_g027_c03,183.128395,270.499168,C,sample_02,tissue,section
sample_02_g027_c04,184.290961,266.454006,E,sample_02,tissue,section
sample_02_g027_c05,187.896578,264.834073,E,sample_02,tissue,section
sample_02_g027_c06,191.488809,263.959237,B,sample_02,tissue,section
sample_02_g027_c07,194.929853,265.840615,C,sample_02,tissue,section
sample_02_g027_c08,196.831135,269.503772,F,sample_02,tissue,section
sample_02_g027_c09,195.821647,273.615937,F,sample_02,tissue,section
sample_02_g027_c10,192.550267,276.263362,B,sample_02,tissue,section
sample_02_g028_c01,272.887996,276.367956,A,sample_02,tissue,section
sample_02_g028_c02,268.62827,276.679735,B,sample_02,tissue,section
sample_02_g028_c03,265.061808,274.508438,E,sample_02,tissue,section
sample_02_g028_c04,263.250218,270.756543,A,sample_02,tissue,section
sample_02_g028_c05,264.866445,267.083172,F,sample_02,tissue,section
sample_02_g028_c06,267.210644,263.849544,C,sample_02,tissue,section
sample_02_g028_c07,271.383232,263.264256,F,sample_02,tissue,section
sample_02_g028_c08,274.796237,265.621163,B,sample_02,tissue,section
sample_02_g028_c09,277.363745,269.174642,B,sample_02,tissue,section
sample_02_g028_c10,275.504584,273.127643,B,sample_02,tissue,section
sample_02_g029_c01,353.370465,275.807418,F,sample_02,tissue,section
sample_02_g029_c02,349.368424,276.142767,D,sample_02,tissue,section
sample_02_g029_c03,345.506416,275.013406,C,sample_02,tissue,section
sample_02_g029_c04,344.251002,271.235595,B,sample_02,tissue,section
sample_02_g029_c05,343.339437,267.052574,D,sample_02,tissue,section
sample_02_g029_c06,346.611488,264.161486,F,sample_02,tissue,section
sample_02_g029_c07,350.687782,263.310562,D,sample_02,tissue,section
sample_02_g029_c08,353.783736,265.778558,A,sample_02,tissue,section
sample_02_g029_c09,356.014664,268.707307,A,sample_02,tissue,section
sample_02_g029_c10,356.07613,272.688803,D,sample_02,tissue,section
sample_02_g030_c01,436.431542,268.639902,F,sample_02,tissue,section
sample_02_g030_c02,436.41665,272.864853,C,sample_02,tissue,section
sample_02_g030_c03,433.048491,275.292808,A,sample_02,tissue,section
sample_02_g030_c04,429.325675,276.352404,F,sample_02,tissue,section
sample_02_g030_c05,425.942627,274.496784,C,sample_02,tissue,section
sample_02_g030_c06,423.308984,271.41497,D,sample_02,tissue,section
sample_02_g030_c07,423.194147,266.961379,D,sample_02,tissue,section
sample_02_g030_c08,426.658117,264.197802,A,sample_02,tissue,section
sample_02_g030_c09,430.631673,264.049392,F,sample_02,tissue,section
sample_02_g030_c10,434.887894,264.582751,B,sample_02,tissue,section
sample_02_g031_c01,504.298707,269.951099,E,sample_02,tissue,section
sample_02_g031_c02,504.453045,265.896755,E,sample_02,tissue,section
sample_02_g031_c03,507.771554,262.935962,A,sample_02,tissue,section
sample_02_g031_c04,511.771733,264.702212,C,sample_02,tissue,section
sample_02_g031_c05,515.949905,265.75463,A,sample_02,tissue,section
sample_02_g031_c06,516.678278,270.05728,B,sample_02,tissue,section
sample_02_g031_c07,515.735072,274.242401,B,sample_02,tissue,section
sample_02_g031_c08,512.21655,277.02633,E,sample_02,tissue,section
sample_02_g031_c09,507.639171,277.059286,E,sample_02,tissue,section
sample_02_g031_c10,504.067902,274.232665,E,sample_02,tissue,section
sample_02_g032_c01,594.797256,264.409887,B,sample_02,tissue,section
sample_02_g032_c02,596.385594,268.482874,D,sample_02,tissue,section
sample_02_g032_c03,595.693072,272.373894,F,sample_02,tissue,section
sample_02_g032_c04,593.58908,275.887973,C,sample_02,tissue,section
sample_02_g032_c05,589.53828,275.694949,E,sample_02,tissue,section
sample_02_g032_c06,585.281861,275.49792,C,sample_02,tissue,section
sample_02_g032_c07,583.493645,271.545817,D,sample_02,tissue,section
sample_02_g032_c08,583.877082,267.446869,B,sample_02,tissue,section
sample_02_g032_c09,586.469094,264.207463,D,sample_02,tissue,section
sample_02_g032_c10,590.511732,263.688184,C,sample_02,tissue,section
sample_02_g033_c01,34.841053,354.585917,C,sample_02,tissue,section
sample_02_g033_c02,31.052571,355.651471,E,sample_02,tissue,section
sample_02_g033_c03,27.314909,355.642153,E,sample_02,tissue,section
sample_02_g033_c04,25.008331,352.715932,B,sample_02,tissue,section
sample_02_g033_c05,24.07172,349.224821,A,sample_02,tissue,section
sample_02_g033_c06,24.804677,345.078483,A,sample_02,tissue,section
sample_02_g033_c07,28.741588,343.243325,B,sample_02,tissue,section
sample_02_g033_c08,33.156432,343.367424,D,sample_02,tissue,section
sample_02_g033_c09,36.211478,346.620379,C,sample_02,tissue,section
sample_02_g033_c10,35.493144,350.718281,B,sample_02,tissue,section
sample_02_g034_c01,116.484916,352.303295,E,sample_02,tissue,section
sample_02_g034_c02,113.719248,355.422457,D,sample_02,tissue,section
sample_02_g034_c03,109.82738,356.363388,C,sample_02,tissue,section
sample_02_g034_c04,106.101277,355.071033,D,sample_02,tissue,section
sample_02_g034_c05,103.324544,351.970533,F,sample_02,tissue,section
sample_02_g034_c06,103.553263,347.710265,D,sample_02,tissue,section
sample_02_g034_c07,106.2425,344.521773,D,sample_02,tissue,section
sample_02_g034_c08,110.20316,342.510796,C,sample_02,tissue,section
sample_02_g034_c09,114.037783,344.748093,D,sample_02,tissue,section
sample_02_g034_c10,115.694275,348.319102,B,sample_02,tissue,section
sample_02_g035_c01,186.423293,345.794017,C,sample_02,tissue,section
sample_02_g035_c02,189.470187,343.078706,F,sample_02,tissue,section
sample_02_g035_c03,193.143992,344.894035,C,sample_02,tissue,section
sample_02_g035_c04,195.611671,347.68963,B,sample_02,tissue,section
sample_02_g035_c05,196.821865,351.653236,A,sample_02,tissue,section
sample_02_g035_c06,194.765403,355.603815,F,sample_02,tissue,section
sample_02_g035_c07,190.435053,355.683383,C,sample_02,tissue,section
sample_02_g035_c08,187.069573,354.759127,A,sample_02,tissue,section
sample_02_g035_c09,183.642042,352.617623,C,sample_02,tissue,section
sample_02_g035_c10,184.138304,348.579454,F,sample_02,tissue,section
sample_02_g036_c01,272.106295,343.119872,A,sample_02,tissue,section
sample_02_g036_c02,275.186129,346.095028,F,sample_02,tissue,section
sample_02_g036_c03,276.474451,349.889423,A,sample_02,tissue,section
sample_02_g036_c04,275.367305,353.761236,D,sample_02,tissue,section
sample_02_g036_c05,272.178328,356.33406,B,sample_02,tissue,section
sample_02_g036_c06,268.291408,355.581045,A,sample_02,tissue,section
sample_02_g036_c07,264.816229,353.903196,F,sample_02,tissue,section
sample_02_g036_c08,262.606263,350.126277,D,sample_02,tissue,section
sample_02_g036_c09,264.84634,346.388479,B,sample_02,tissue,section
sample_02_g036_c10,268.112101,344.51044,F,sample_02,tissue,section
sample_02_g037_c01,343.621341,352.984183,A,sample_02,tissue,section
sample_02_g037_c02,343.961461,348.834101,C,sample_02,tissue,section
sample_02_g037_c03,345.844101,345.554558,D,sample_02,tissue,section
sample_02_g037_c04,349.186492,343.44265,C,sample_02,tissue,section
sample_02_g037_c05,353.606602,343.474189,D,sample_02,tissue,section
sample_02_g037_c06,355.281356,347.529178,F,sample_02,tissue,section
sample_02_g037_c07,356.502864,351.255549,C,sample_02,tissue,section
sample_02_g037_c08,353.78167,354.045141,D,sample_02,tissue,section
sample_02_g037_c09,350.769414,356.201928,E,sample_02,tissue,section
sample_02_g037_c10,346.896132,355.61616,B,sample_02,tissue,section
sample_02_g038_c01,434.454385,344.470201,B,sample_02,tissue,section
sample_02_g038_c02,436.275125,348.301232,B,sample_02,tissue,section
sample_02_g038_c03,436.054,352.306021,A,sample_02,tissue,section
sample_02_g038_c04,433.460928,355.299398,B,sample_02,tissue,section
sample_02_g038_c05,429.701419,355.99287,B,sample_02,tissue,section
sample_02_g038_c06,425.311528,355.820402,F,sample_02,tissue,section
sample_02_g038_c07,423.25987,351.824652,C,sample_02,tissue,section
sample_02_g038_c08,423.267195,347.435416,E,sample_02,tissue,section
sample_02_g038_c09,426.416369,344.512719,B,sample_02,tissue,section
sample_02_g038_c10,430.357549,342.823561,B,sample_02,tissue,section
sample_02_g039_c01,510.638651,342.83262,A,sample_02,tissue,section
sample_02_g039_c02,514.749074,344.554482,D,sample_02,tissue,section
sample_02_g039_c03,517.215688,348.346314,F,sample_02,tissue,section
sample_02_g039_c04,515.532747,352.358993,A,sample_02,tissue,section
sample_02_g039_c05,513.180785,355.313001,E,sample_02,tissue,section
sample_02_g039_c06,509.488524,355.740138,E,sample_02,tissue,section
sample_02_g039_c07,506.26581,354.281803,A,sample_02,tissue,section
sample_02_g039_c08,504.302427,351.305766,D,sample_02,tissue,section
sample_02_g039_c09,504.499667,347.654828,D,sample_02,tissue,section
sample_02_g039_c10,507.071367,345.10818,F,sample_02,tissue,section
sample_02_g040_c01,595.978085,348.260546,B,sample_02,tissue,section
sample_02_g040_c02,596.203811,352.230635,B,sample_02,tissue,section
sample_02_g040_c03,593.609841,355.307036,D,sample_02,tissue,section
sample_02_g040_c04,589.819724,355.812408,C,sample_02,tissue,section
sample_02_g040_c05,586.024675,355.129302,F,sample_02,tissue,section
sample_02_g040_c06,583.323363,351.942713,D,sample_02,tissue,section
sample_02_g040_c07,583.841231,347.78556,A,sample_02,tissue,section
sample_02_g040_c08,586.330504,344.605261,C,sample_02,tissue,section
sample_02_g040_c09,590.183305,344.089912,E,sample_02,tissue,section
sample_02_g040_c10,594.173479,344.615024,B,sample_02,tissue,section
sample_02_g041_c01,23.840175,425.947773,D,sample_02,tissue,section
sample_02_g041_c02,27.793172,424.147808,F,sample_02,tissue,section
sample_02_g041_c03,31.58861,424.208444,D,sample_02,tissue,section
sample_02_g041_c04,34.64323,426.285235,D,sample_02,tissue,section
sample_02_g041_c05,37.318248,429.659851,F,sample_02,tissue,section
sample_02_g041_c06,35.73648,433.773731,A,sample_02,tissue,section
sample_02_g041_c07,32.147256,435.694218,C,sample_02,tissue,section
sample_02_g041_c08,28.382209,435.897939,F,sample_02,tissue,section
sample_02_g041_c09,25.531156,433.575249,F,sample_02,tissue,section
sample_02_g041_c10,23.080385,430.321621,B,sample_02,tissue,section
sample_02_g042_c01,112.380422,435.858554,D,sample_02,tissue,section
sample_02_g042_c02,108.45979,436.22961,E,sample_02,tissue,section
sample_02_g042_c03,105.315275,433.946677,B,sample_02,tissue,section
sample_02_g042_c04,103.135827,430.493557,E,sample_02,tissue,section
sample_02_g042_c05,103.67486,426.064888,D,sample_02,tissue,section
sample_02_g042_c06,107.894445,424.817934,B,sample_02,tissue,section
sample_02_g042_c07,111.566505,423.664037,A,sample_02,tissue,section
sample_02_g042_c08,115.184378,425.632388,F,sample_02,tissue,section
sample_02_g042_c09,117.398977,429.467989,B,sample_02,tissue,section
sample_02_g042_c10,115.561606,433.460088,D,sample_02,tissue,section
sample_02_g043_c01,188.617079,437.290946,C,sample_02,tissue,section
sample_02_g043_c02,185.511028,434.224269,D,sample_02,tissue,section
sample_02_g043_c03,184.49207,430.701667,C,sample_02,tissue,section
sample_02_g043_c04,184.151136,426.792521,E,sample_02,tissue,section
sample_02_g043_c05,187.506094,424.714536,F,sample_02,tissue,section
sample_02_g043_c06,191.368435,422.785425,A,sample_02,tissue,section
sample_02_g043_c07,194.064746,426.174941,D,sample_02,tissue,section
sample_02_g043_c08,196.930617,429.117094,E,sample_02,tissue,section
sample_02_g043_c09,195.204161,432.853928,B,sample_02,tissue,section
sample_02_g043_c10,193.02818,436.417779,E,sample_02,tissue,section
sample_02_g044_c01,267.141217,435.490728,C,sample_02,tissue,section
sample_02_g044_c02,264.057393,432.962352,F,sample_02,tissue,section
sample_02_g044_c03,263.644847,428.936052,B,sample_02,tissue,section
sample_02_g044_c04,265.272498,425.188581,C,sample_02,tissue,section
sample_02_g044_c05,269.182865,424.529791,C,sample_02,tissue,section
sample_02_g044_c06,272.997286,424.243256,A,sample_02,tissue,section
sample_02_g044_c07,276.507225,426.756189,C,sample_02,tissue,section
sample_02_g044_c08,277.148867,431.196827,D,sample_02,tissue,section
sample_02_g044_c09,273.861319,433.92986,D,sample_02,tissue,section
sample_02_g044_c10,271.083984,437.256602,C,sample_02,tissue,section
sample_02_g045_c01,349.83925,437.435133,A,sample_02,tissue,section
sample_02_g045_c02,346.593821,434.48121,B,sample_02,tissue,section
sample_02_g045_c03,343.238022,432.036597,A,sample_02,tissue,section
sample_02_g045_c04,344.234781,427.987987,E,sample_02,tissue,section
sample_02_g045_c05,345.916619,424.116339,B,sample_02,tissue,section
sample_02_g045_c06,350.144469,423.317924,E,sample_02,tissue,section
sample_02_g045_c07,353.587882,425.27974,B,sample_02,tissue,section
sample_02_g045_c08,356.598818,428.012544,B,sample_02,tissue,section
sample_02_g045_c09,355.622515,431.962211,F,sample_02,tissue,section
sample_02_g045_c10,354.066742,435.859686,A,sample_02,tissue,section
sample_02_g046_c01,423.995187,426.328904,A,sample_02,tissue,section
sample_02_g046_c02,427.334931,423.584995,D,sample_02,tissue,section
sample_02_g046_c03,431.416341,424.073132,B,sample_02,tissue,section
sample_02_g046_c04,435.430086,425.352409,C,sample_02,tissue,section
sample_02_g046_c05,436.607647,429.472992,B,sample_02,tissue,section
sample_02_g046_c06,435.954567,433.640377,E,sample_02,tissue,section
sample_02_g046_c07,432.405523,435.790261,E,sample_02,tissue,section
sample_02_g046_c08,428.503961,436.260374,B,sample_02,tissue,section
sample_02_g046_c09,424.353063,434.833193,F,sample_02,tissue,section
sample_02_g046_c10,422.625255,430.588189,C,sample_02,tissue,section
sample_02_g047_c01,505.580139,425.03548,B,sample_02,tissue,section
sample_02_g047_c02,509.33495,423.311475,D,sample_02,tissue,section
sample_02_g047_c03,512.945532,424.963698,D,sample_02,tissue,section
sample_02_g047_c04,516.04459,427.349335,A,sample_02,tissue,section
sample_02_g047_c05,515.9154,431.292109,C,sample_02,tissue,section
sample_02_g047_c06,514.164642,434.677851,C,sample_02,tissue,section
sample_02_g047_c07,510.715584,437.196754,F,sample_02,tissue,section
sample_02_g047_c08,507.110336,434.940778,A,sample_02,tissue,section
sample_02_g047_c09,503.529591,432.837394,B,sample_02,tissue,section
sample_02_g047_c10,504.088796,428.708808,D,sample_02,tissue,section
sample_02_g048_c01,595.517603,427.875991,B,sample_02,tissue,section
sample_02_g048_c02,596.885662,431.838018,B,sample_02,tissue,section
sample_02_g048_c03,593.491252,434.302995,B,sample_02,tissue,section
sample_02_g048_c04,590.398484,437.468153,F,sample_02,tissue,section
sample_02_g048_c05,586.480359,435.431028,B,sample_02,tissue,section
sample_02_g048_c06,584.049066,432.29082,A,sample_02,tissue,section
sample_02_g048_c07,583.11941,428.163336,B,sample_02,tissue,section
sample_02_g048_c08,585.544957,424.509125,B,sample_02,tissue,section
sample_02_g048_c09,589.659762,423.623451,E,sample_02,tissue,section
sample_02_g048_c10,593.26119,424.967777,F,sample_02,tissue,section
sample_02_g049_c01,31.87149,515.176087,B,sample_02,tissue,section
sample_02_g049_c02,27.931092,517.15768,F,sample_02,tissue,section
sample_02_g049_c03,25.362198,513.607597,A,sample_02,tissue,section
sample_02_g049_c04,23.752476,510.204872,D,sample_02,tissue,section
sample_02_g049_c05,24.856249,506.514564,D,sample_02,tissue,section
sample_02_g049_c06,27.77,503.832363,D,sample_02,tissue,section
sample_02_g049_c07,31.959988,503.219147,D,sample_02,tissue,section
sample_02_g049_c08,35.47204,505.743476,B,sample_02,tissue,section
sample_02_g049_c09,36.528921,509.7859,E,sample_02,tissue,section
sample_02_g049_c10,35.896076,513.995216,E,sample_02,tissue,section
sample_02_g050_c01,117.194658,511.233755,A,sample_02,tissue,section
sample_02_g050_c02,114.361841,514.474515,A,sample_02,tissue,section
sample_02_g050_c03,111.042216,517.170898,C,sample_02,tissue,section
sample_02_g050_c04,106.545343,516.571635,E,sample_02,tissue,section
sample_02_g050_c05,103.645757,513.136248,A,sample_02,tissue,section
sample_02_g050_c06,103.335968,508.857238,E,sample_02,tissue,section
sample_02_g050_c07,105.02118,504.892567,B,sample_02,tissue,section
sample_02_g050_c08,109.026852,503.304317,C,sample_02,tissue,section
sample_02_g050_c09,112.97835,504.334423,A,sample_02,tissue,section
sample_02_g050_c10,115.653086,507.209821,C,sample_02,tissue,section
sample_02_g051_c01,194.160511,505.666587,B,sample_02,tissue,section
sample_02_g051_c02,196.420094,508.848758,C,sample_02,tissue,section
sample_02_g051_c03,196.745107,513.26563,E,sample_02,tissue,section
sample_02_g051_c04,192.899065,515.414412,B,sample_02,tissue,section
sample_02_g051_c05,189.141806,516.237557,C,sample_02,tissue,section
sample_02_g051_c06,184.915486,515.295815,E,sample_02,tissue,section
sample_02_g051_c07,182.638554,511.320044,C,sample_02,tissue,section
sample_02_g051_c08,183.843564,507.019374,C,sample_02,tissue,section
sample_02_g051_c09,186.873486,504.160795,E,sample_02,tissue,section
sample_02_g051_c10,190.751729,504.536253,F,sample_02,tissue,section
sample_02_g052_c01,268.202618,517.124509,F,sample_02,tissue,section
sample_02_g052_c02,264.755446,514.375927,A,sample_02,tissue,section
sample_02_g052_c03,263.669749,510.424981,B,sample_02,tissue,section
sample_02_g052_c04,264.911136,506.800429,E,sample_02,tissue,section
sample_02_g052_c05,267.84046,504.611891,C,sample_02,tissue,section
sample_02_g052_c06,271.61039,503.616697,C,sample_02,tissue,section
sample_02_g052_c07,274.598988,506.162717,A,sample_02,tissue,section
sample_02_g052_c08,275.758194,509.613424,B,sample_02,tissue,section
sample_02_g052_c09,274.733046,512.975854,A,sample_02,tissue,section
sample_02_g052_c10,272.477857,516.182316,D,sample_02,tissue,section
sample_02_g053_c01,342.852459,512.009363,F,sample_02,tissue,section
sample_02_g053_c02,343.01428,507.416192,B,sample_02,tissue,section
sample_02_g053_c03,346.441583,504.664799,E,sample_02,tissue,section
sample_02_g053_c04,350.295981,502.624056,C,sample_02,tissue,section
sample_02_g053_c05,353.79324,505.196567,F,sample_02,tissue,section
sample_02_g053_c06,356.994447,508.033676,A,sample_02,tissue,section
sample_02_g053_c07,355.854429,512.165378,C,sample_02,tissue,section
sample_02_g053_c08,353.772167,515.655681,A,sample_02,tissue,section
sample_02_g053_c09,349.723844,516.881909,A,sample_02,tissue,section
sample_02_g053_c10,345.525894,515.665623,E,sample_02,tissue,section
sample_02_g054_c01,429.92233,517.057806,D,sample_02,tissue,section
sample_02_g054_c02,426.161014,515.163454,D,sample_02,tissue,section
sample_02_g054_c03,423.896563,511.909133,D,sample_02,tissue,section
sample_02_g054_c04,422.997001,507.639079,D,sample_02,tissue,section
sample_02_g054_c05,425.82988,504.12545,A,sample_02,tissue,section
sample_02_g054_c06,430.081287,502.613461,F,sample_02,tissue,section
sample_02_g054_c07,434.132089,504.442321,B,sample_02,tissue,section
sample_02_g054_c08,436.884746,507.846476,F,sample_02,tissue,section
sample_02_g054_c09,436.299747,512.123833,E,sample_02,tissue,section
sample_02_g054_c10,434.310625,516.072483,A,sample_02,tissue,section
sample_02_g055_c01,504.418527,506.793745,B,sample_02,tissue,section
sample_02_g055_c02,507.551263,504.53217,F,sample_02,tissue,section
sample_02_g055_c03,511.470714,503.005862,C,sample_02,tissue,section
sample_02_g055_c04,514.308125,506.1039,E,sample_02,tissue,section
sample_02_g055_c05,515.69079,509.389323,B,sample_02,tissue,section
sample_02_g055_c06,515.205341,512.990188,F,sample_02,tissue,section
sample_02_g055_c07,512.269247,515.067041,E,sample_02,tissue,section
sample_02_g055_c08,508.795381,515.728692,D,sample_02,tissue,section
sample_02_g055_c09,504.592687,514.890162,E,sample_02,tissue,section
sample_02_g055_c10,503.433767,510.704621,F,sample_02,tissue,section
sample_02_g056_c01,585.74537,515.590345,D,sample_02,tissue,section
sample_02_g056_c02,582.989235,512.106854,F,sample_02,tissue,section
sample_02_g056_c03,582.965255,507.540108,C,sample_02,tissue,section
sample_02_g056_c04,586.577835,505.062632,D,sample_02,tissue,section
sample_02_g056_c05,590.136357,503.866594,A,sample_02,tissue,section
sample_02_g056_c06,594.026613,504.709257,C,sample_02,tissue,section
sample_02_g056_c07,595.696413,508.288131,A,sample_02,tissue,section
sample_02_g056_c08,596.58169,512.301469,E,sample_02,tissue,section
sample_02_g056_c09,593.42583,514.942657,A,sample_02,tissue,section
sample_02_g056_c10,589.868211,515.927932,B,sample_02,tissue,section
sample_02_g057_c01,35.189495,585.729889,D,sample_02,tissue,section
sample_02_g057_c02,36.71676,589.595206,C,sample_02,tissue,section
sample_02_g057_c03,34.848741,593.09508,A,sample_02,tissue,section
sample_02_g057_c04,32.185579,595.562981,E,sample_02,tissue,section
sample_02_g057_c05,28.409567,596.127167,B,sample_02,tissue,section
sample_02_g057_c06,24.901693,594.195079,C,sample_02,tissue,section
sample_02_g057_c07,24.211106,590.348875,D,sample_02,tissue,section
sample_02_g057_c08,23.919427,586.118609,E,sample_02,tissue,section
sample_02_g057_c09,27.636578,583.984354,F,sample_02,tissue,section
sample_02_g057_c10,31.643978,583.666548,B,sample_02,tissue,section
sample_02_g058_c01,107.440368,584.641303,C,sample_02,tissue,section
sample_02_g058_c02,111.190749,583.555263,B,sample_02,tissue,section
sample_02_g058_c03,114.206947,586.003301,B,sample_02,tissue,section
sample_02_g058_c04,115.63793,589.254558,F,sample_02,tissue,section
sample_02_g058_c05,115.356592,592.904531,E,sample_02,tissue,section
sample_02_g058_c06,112.670215,595.590208,F,sample_02,tissue,section
sample_02_g058_c07,108.810164,596.439792,E,sample_02,tissue,section
sample_02_g058_c08,104.857378,594.885612,B,sample_02,tissue,section
sample_02_g058_c09,103.423672,590.869516,B,sample_02,tissue,section
sample_02_g058_c10,104.689195,587.120297,A,sample_02,tissue,section
sample_02_g059_c01,185.983677,596.132582,E,sample_02,tissue,section
sample_02_g059_c02,184.812886,591.968182,D,sample_02,tissue,section
sample_02_g059_c03,183.126027,588.129625,A,sample_02,tissue,section
sample_02_g059_c04,185.646012,584.580586,A,sample_02,tissue,section
sample_02_g059_c05,189.637573,582.532451,C,sample_02,tissue,section
sample_02_g059_c06,193.967797,583.941512,A,sample_02,tissue,section
sample_02_g059_c07,195.845717,587.781919,E,sample_02,tissue,section
sample_02_g059_c08,195.342302,591.453615,C,sample_02,tissue,section
sample_02_g059_c09,193.611391,594.495103,C,sample_02,tissue,section
sample_02_g059_c10,190.313569,596.460865,F,sample_02,tissue,section
sample_02_g060_c01,267.377608,584.58838,C,sample_02,tissue,section
sample_02_g060_c02,271.153257,583.555528,E,sample_02,tissue,section
sample_02_g060_c03,274.360602,585.810414,D,sample_02,tissue,section
sample_02_g060_c04,276.965224,589.039176,F,sample_02,tissue,section
sample_02_g060_c05,275.919903,593.167024,D,sample_02,tissue,section
sample_02_g060_c06,272.517989,595.196171,C,sample_02,tissue,section
sample_02_g060_c07,269.030641,595.416838,F,sample_02,tissue,section
sample_02_g060_c08,265.818833,594.017187,C,sample_02,tissue,section
sample_02_g060_c09,263.072217,590.955659,B,sample_02,tissue,section
sample_02_g060_c10,264.974038,587.311215,D,sample_02,tissue,section
sample_03_g001_c01,33.409396,24.06861,E,sample_03,tissue,section
sample_03_g001_c02,36.662093,27.01858,D,sample_03,tissue,section
sample_03_g001_c03,36.315459,31.329785,F,sample_03,tissue,section
sample_03_g001_c04,34.808738,35.320168,D,sample_03,tissue,section
sample_03_g001_c05,30.663203,36.196052,A,sample_03,tissue,section
sample_03_g001_c06,26.582309,35.945822,B,sample_03,tissue,section
sample_03_g001_c07,23.798092,32.775478,D,sample_03,tissue,section
sample_03_g001_c08,23.979314,28.732282,F,sample_03,tissue,section
sample_03_g001_c09,25.503855,25.025671,E,sample_03,tissue,section
sample_03_g001_c10,29.368151,24.096874,E,sample_03,tissue,section
sample_03_g002_c01,111.358286,22.980748,D,sample_03,tissue,section
sample_03_g002_c02,114.720133,25.590985,C,sample_03,tissue,section
sample_03_g002_c03,116.423155,29.205858,A,sample_03,tissue,section
sample_03_g002_c04,116.241515,33.452877,F,sample_03,tissue,section
sample_03_g002_c05,113.1682,36.779351,C,sample_03,tissue,section
sample_03_g002_c06,108.666606,36.890619,F,sample_03,tissue,section
sample_03_g002_c07,105.882394,33.846202,C,sample_03,tissue,section
sample_03_g002_c08,104.441463,30.687243,C,sample_03,tissue,section
sample_03_g002_c09,103.536245,26.424178,A,sample_03,tissue,section
sample_03_g002_c10,107.113259,23.822917,C,sample_03,tissue,section
sample_03_g003_c01,194.582196,25.907951,C,sample_03,tissue,section
sample_03_g003_c02,196.976296,29.29557,C,sample_03,tissue,section
sample_03_g003_c03,194.93753,32.877649,C,sample_03,tissue,section
sample_03_g003_c04,193.014794,36.846492,B,sample_03,tissue,section
sample_03_g003_c05,188.572396,36.583949,F,sample_03,tissue,section
sample_03_g003_c06,185.178135,34.306082,F,sample_03,tissue,section
sample_03_g003_c07,183.002832,30.706537,B,sample_03,tissue,section
sample_03_g003_c08,184.800208,26.969502,B,sample_03,tissue,section
sample_03_g003_c09,187.532168,24.39564,F,sample_03,tissue,section
sample_03_g003_c10,191.37383,23.664053,A,sample_03,tissue,section
sample_03_g004_c01,263.53131,26.510699,B,sample_03,tissue,section
sample_03_g004_c02,267.47761,24.748769,F,sample_03,tissue,section
sample_03_g004_c03,271.232525,23.246692,C,sample_03,tissue,section
sample_03_g004_c04,274.526856,25.680544,A,sample_03,tissue,section
sample_03_g004_c05,276.693191,29.100164,C,sample_03,tissue,section
sample_03_g004_c06,275.722748,33.08693,C,sample_03,tissue,section
sample_03_g004_c07,273.032696,36.31361,B,sample_03,tissue,section
sample_03_g004_c08,268.691647,37.168788,B,sample_03,tissue,section
sample_03_g004_c09,265.49128,34.302152,E,sample_03,tissue,section
sample_03_g004_c10,263.977904,30.809613,C,sample_03,tissue,section
sample_03_g005_c01,351.710143,35.345543,A,sample_03,tissue,section
sample_03_g005_c02,348.218804,35.398631,B,sample_03,tissue,section
sample_03_g005_c03,345.273341,33.401516,C,sample_03,tissue,section
sample_03_g005_c04,344.202876,29.973742,B,sample_03,tissue,section
sample_03_g005_c05,344.453199,25.931501,D,sample_03,tissue,section
sample_03_g005_c06,347.800475,23.124754,A,sample_03,tissue,section
sample_03_g005_c07,352.090676,23.663362,B,sample_03,tissue,section
sample_03_g005_c08,355.649873,25.934098,E,sample_03,tissue,section
sample_03_g005_c09,357.178572,30.032515,E,sample_03,tissue,section
sample_03_g005_c10,354.920451,33.60908,D,sample_03,tissue,section
sample_03_g006_c01,434.415602,24.979635,C,sample_03,tissue,section
sample_03_g006_c02,436.806391,28.470214,C,sample_03,tissue,section
sample_03_g006_c03,435.853543,32.524913,D,sample_03,tissue,section
sample_03_g006_c04,433.227002,35.441996,D,sample_03,tissue,section
sample_03_g006_c05,429.348009,36.984708,F,sample_03,tissue,section
sample_03_g006_c06,425.549167,35.060422,C,sample_03,tissue,section
sample_03_g006_c07,422.859166,31.604955,E,sample_03,tissue,section
sample_03_g006_c08,423.125812,27.034833,A,sample_03,tissue,section
sample_03_g006_c09,426.462248,24.033956,F,sample_03,tissue,section
sample_03_g006_c10,430.637155,23.174226,A,sample_03,tissue,section
sample_03_g007_c01,505.912955,24.842738,B,sample_03,tissue,section
sample_03_g007_c02,509.763371,24.345332,C,sample_03,tissue,section
sample_03_g007_c03,513.554338,24.651052,A,sample_03,tissue,section
sample_03_g007_c04,516.454332,27.600137,A,sample_03,tissue,section
sample_03_g007_c05,515.457091,31.524033,F,sample_03,tissue,section
sample_03_g007_c06,514.057644,35.120163,E,sample_03,tissue,section
sample_03_g007_c07,510.263701,36.301595,F,sample_03,tissue,section
sample_03_g007_c08,506.174207,35.757462,D,sample_03,tissue,section
sample_03_g007_c09,503.115424,32.559837,A,sample_03,tissue,section
sample_03_g007_c10,503.00893,28.047564,C,sample_03,tissue,section
sample_03_g008_c01,584.315491,30.797084,C,sample_03,tissue,section
sample_03_g008_c02,585.081872,27.383002,C,sample_03,tissue,section
sample_03_g008_c03,587.574469,25.022955,D,sample_03,tissue,section
sample_03_g008_c04,591.251529,22.91525,E,sample_03,tissue,section
sample_03_g008_c05,594.537238,25.621196,C,sample_03,tissue,section
sample_03_g008_c06,595.581281,29.217391,E,sample_03,tissue,section
sample_03_g008_c07,595.650843,33.006885,B,sample_03,tissue,section
sample_03_g008_c08,592.585242,35.304762,F,sample_03,tissue,section
sample_03_g008_c09,588.873573,36.376565,C,sample_03,tissue,section
sample_03_g008_c10,584.97106,34.853337,C,sample_03,tissue,section
sample_03_g009_c01,23.956711,112.566798,B,sample_03,tissue,section
sample_03_g009_c02,23.624483,108.529577,F,sample_03,tissue,section
sample_03_g009_c03,25.311055,104.608389,D,sample_03,tissue,section
sample_03_g009_c04,29.465656,103.907902,C,sample_03,tissue,section
sample_03_g009_c05,33.621672,103.969513,C,sample_03,tissue,section
sample_03_g009_c06,36.336917,107.308489,F,sample_03,tissue,section
sample_03_g009_c07,35.802292,111.338217,E,sample_03,tissue,section
sample_03_g009_c08,34.008885,114.609641,B,sample_03,tissue,section
sample_03_g009_c09,30.590805,116.735818,C,sample_03,tissue,section
sample_03_g009_c10,26.374781,116.036393,F,sample_03,tissue,section
sample_03_g010_c01,105.725772,114.478229,D,sample_03,tissue,section
sample_03_g010_c02,103.571089,111.172411,E,sample_03,tissue,section
sample_03_g010_c03,104.604776,107.407535,F,sample_03,tissue,section
sample_03_g010_c04,107.240946,104.883414,B,sample_03,tissue,section
sample_03_g010_c05,110.904633,103.27809,E,sample_03,tissue,section
sample_03_g010_c06,113.974273,105.836043,C,sample_03,tissue,section
sample_03_g010_c07,115.728358,108.955345,B,sample_03,tissue,section
sample_03_g010_c08,115.621277,112.701086,E,sample_03,tissue,section
sample_03_g010_c09,112.923727,115.421969,D,sample_03,tissue,section
sample_03_g010_c10,109.250762,115.567236,B,sample_03,tissue,section
sample_03_g011_c01,189.436478,116.102773,A,sample_03,tissue,section
sample_03_g011_c02,185.295079,115.36009,C,sample_03,tissue,section
sample_03_g011_c03,182.921404,111.598391,D,sample_03,tissue,section
sample_03_g011_c04,184.529374,107.646731,F,sample_03,tissue,section
sample_03_g011_c05,186.813622,104.638717,D,sample_03,tissue,section
sample_03_g011_c06,190.595902,103.546567,A,sample_03,tissue,section
sample_03_g011_c07,194.448864,104.931624,A,sample_03,tissue,section
sample_03_g011_c08,196.398732,108.555127,B,sample_03,tissue,section
sample_03_g011_c09,195.675666,112.44147,E,sample_03,tissue,section
sample_03_g011_c10,193.695164,116.217347,A,sample_03,tissue,section
sample_03_g012_c01,276.031773,108.119411,B,sample_03,tissue,section
sample_03_g012_c02,276.207415,112.099107,F,sample_03,tissue,section
sample_03_g012_c03,273.235303,114.5666,F,sample_03,tissue,section
sample_03_g012_c04,269.922942,116.458807,B,sample_03,tissue,section
sample_03_g012_c05,265.751005,115.703883,B,sample_03,tissue,section
sample_03_g012_c06,263.546931,112.01194,E,sample_03,tissue,section
sample_03_g012_c07,263.913751,107.941866,F,sample_03,tissue,section
sample_03_g012_c08,266.118233,104.52092,F,sample_03,tissue,section
sample_03_g012_c09,270.08575,102.812688,A,sample_03,tissue,section
sample_03_g012_c10,273.714923,105.01306,C,sample_03,tissue,section
sample_03_g013_c01,350.596899,116.244795,A,sample_03,tissue,section
sample_03_g013_c02,346.997363,115.089326,B,sample_03,tissue,section
sample_03_g013_c03,343.25709,112.926297,D,sample_03,tissue,section
sample_03_g013_c04,344.306481,108.7336,A,sample_03,tissue,section
sample_03_g013_c05,345.71416,105.148909,A,sample_03,tissue,section
sample_03_g013_c06,349.312841,102.810905,A,sample_03,tissue,section
sample_03_g013_c07,353.368554,104.290462,E,sample_03,tissue,section
sample_03_g013_c08,356.434523,107.207537,B,sample_03,tissue,section
sample_03_g013_c09,356.177929,111.374146,E,sample_03,tissue,section
sample_03_g013_c10,354.576226,115.179775,E,sample_03,tissue,section
sample_03_g014_c01,424.721876,111.866399,C,sample_03,tissue,section
sample_03_g014_c02,424.484421,108.3635,F,sample_03,tissue,section
sample_03_g014_c03,426.642642,105.62051,F,sample_03,tissue,section
sample_03_g014_c04,429.808938,102.575469,B,sample_03,tissue,section
sample_03_g014_c05,433.332817,105.155411,C,sample_03,tissue,section
sample_03_g014_c06,436.289959,107.775806,C,sample_03,tissue,section
sample_03_g014_c07,436.902122,112.047894,F,sample_03,tissue,section
sample_03_g014_c08,433.733275,114.869853,C,sample_03,tissue,section
sample_03_g014_c09,430.170315,116.618327,D,sample_03,tissue,section
sample_03_g014_c10,426.320524,115.348493,C,sample_03,tissue,section
sample_03_g015_c01,504.094237,108.715506,E,sample_03,tissue,section
sample_03_g015_c02,505.686755,105.163912,F,sample_03,tissue,section
sample_03_g015_c03,509.275869,102.782573,E,sample_03,tissue,section
sample_03_g015_c04,512.787677,105.223845,B,sample_03,tissue,section
sample_03_g015_c05,516.732793,107.040394,A,sample_03,tissue,section
sample_03_g015_c06,516.969816,111.515924,E,sample_03,tissue,section
sample_03_g015_c07,513.920445,114.395674,B,sample_03,tissue,section
sample_03_g015_c08,510.700972,116.986598,C,sample_03,tissue,section
sample_03_g015_c09,506.572999,115.871515,D,sample_03,tissue,section
sample_03_g015_c10,503.474505,112.868482,C,sample_03,tissue,section
sample_03_g016_c01,586.748807,103.489855,F,sample_03,tissue,section
sample_03_g016_c02,590.92588,104.444686,C,sample_03,tissue,section
sample_03_g016_c03,595.153894,104.928606,B,sample_03,tissue,section
sample_03_g016_c04,597.016964,108.946583,D,sample_03,tissue,section
sample_03_g016_c05,594.947044,112.571129,F,sample_03,tissue,section
sample_03_g016_c06,593.08836,116.184089,A,sample_03,tissue,section
sample_03_g016_c07,589.058205,115.650806,A,sample_03,tissue,section
sample_03_g016_c08,585.822829,114.110306,D,sample_03,tissue,section
sample_03_g016_c09,583.415376,110.988512,E,sample_03,tissue,section
sample_03_g016_c10,583.357574,106.54773,F,sample_03,tissue,section
sample_03_g017_c01,36.520234,193.046209,D,sample_03,tissue,section
sample_03_g017_c02,32.82432,195.103958,F,sample_03,tissue,section
sample_03_g017_c03,29.294554,195.711058,A,sample_03,tissue,section
sample_03_g017_c04,25.43323,194.890127,D,sample_03,tissue,section
sample_03_g017_c05,23.163421,191.323738,A,sample_03,tissue,section
sample_03_g017_c06,24.637707,187.494773,D,sample_03,tissue,section
sample_03_g017_c07,26.946581,184.482026,F,sample_03,tissue,section
sample_03_g017_c08,30.830936,183.273013,D,sample_03,tissue,section
sample_03_g017_c09,33.950942,185.769306,A,sample_03,tissue,section
sample_03_g017_c10,36.924586,188.659222,A,sample_03,tissue,section
sample_03_g018_c01,115.131655,192.31084,F,sample_03,tissue,section
sample_03_g018_c02,112.988373,195.226992,C,sample_03,tissue,section
sample_03_g018_c03,109.296491,196.431416,A,sample_03,tissue,section
sample_03_g018_c04,106.109166,194.284592,F,sample_03,tissue,section
sample_03_g018_c05,102.896854,191.478419,B,sample_03,tissue,section
sample_03_g018_c06,104.672029,187.600757,C,sample_03,tissue,section
sample_03_g018_c07,106.861173,184.509848,E,sample_03,tissue,section
sample_03_g018_c08,110.60477,184.471247,A,sample_03,tissue,section
sample_03_g018_c09,114.2049,185.369558,B,sample_03,tissue,section
sample_03_g018_c10,116.273118,188.694339,B,sample_03,tissue,section
sample_03_g019_c01,191.731105,196.576405,D,sample_03,tissue,section
sample_03_g019_c02,187.919005,195.350553,A,sample_03,tissue,section
sample_03_g019_c03,184.048058,193.828037,F,sample_03,tissue,section
sample_03_g019_c04,182.708768,189.585643,F,sample_03,tissue,section
sample_03_g019_c05,184.621085,185.604836,B,sample_03,tissue,section
sample_03_g019_c06,188.580442,184.60715,B,sample_03,tissue,section
sample_03_g019_c07,192.342461,183.977179,C,sample_03,tissue,section
sample_03_g019_c08,195.515934,186.452385,D,sample_03,tissue,section
sample_03_g019_c09,197.115275,190.404358,E,sample_03,tissue,section
sample_03_g019_c10,194.284307,193.500749,A,sample_03,tissue,section
sample_03_g020_c01,265.619862,194.106743,C,sample_03,tissue,section
sample_03_g020_c02,262.949787,190.885015,C,sample_03,tissue,section
sample_03_g020_c03,264.293776,186.857128,C,sample_03,tissue,section
sample_03_g020_c04,266.885791,183.368432,D,sample_03,tissue,section
sample_03_g020_c05,271.37209,182.837871,C,sample_03,tissue,section
sample_03_g020_c06,275.181376,185.14203,B,sample_03,tissue,section
sample_03_g020_c07,275.463307,189.31419,C,sample_03,tissue,section
sample_03_g020_c08,275.274214,192.904929,B,sample_03,tissue,section
sample_03_g020_c09,272.990132,196.367352,A,sample_03,tissue,section
sample_03_g020_c10,268.610632,197.252317,B,sample_03,tissue,section
sample_03_g021_c01,355.178101,186.587608,B,sample_03,tissue,section
sample_03_g021_c02,356.315623,190.28844,B,sample_03,tissue,section
sample_03_g021_c03,354.920483,193.930071,E,sample_03,tissue,section
sample_03_g021_c04,351.482747,195.388564,A,sample_03,tissue,section
sample_03_g021_c05,347.718335,196.065471,D,sample_03,tissue,section
sample_03_g021_c06,344.524076,193.608659,A,sample_03,tissue,section
sample_03_g021_c07,344.493077,189.748494,A,sample_03,tissue,section
sample_03_g021_c08,345.086038,186.075138,D,sample_03,tissue,section
sample_03_g021_c09,348.416291,184.24452,B,sample_03,tissue,section
sample_03_g021_c10,352.314825,183.846378,C,sample_03,tissue,section
sample_03_g022_c01,425.594729,193.47764,A,sample_03,tissue,section
sample_03_g022_c02,424.013058,190.239259,F,sample_03,tissue,section
sample_03_g022_c03,424.973182,186.646073,A,sample_03,tissue,section
sample_03_g022_c04,427.673726,183.707389,F,sample_03,tissue,section
sample_03_g022_c05,431.490016,184.703173,D,sample_03,tissue,section
sample_03_g022_c06,435.164297,185.923164,D,sample_03,tissue,section
sample_03_g022_c07,435.679955,189.77301,E,sample_03,tissue,section
sample_03_g022_c08,435.856321,193.907376,D,sample_03,tissue,section
sample_03_g022_c09,431.987344,195.375799,A,sample_03,tissue,section
sample_03_g022_c10,428.247962,196.228284,A,sample_03,tissue,section
sample_03_g023_c01,511.353547,182.745231,D,sample_03,tissue,section
sample_03_g023_c02,513.996145,186.216851,E,sample_03,tissue,section
sample_03_g023_c03,516.837524,189.10812,F,sample_03,tissue,section
sample_03_g023_c04,515.303755,192.887902,C,sample_03,tissue,section
sample_03_g023_c05,512.573059,195.411134,B,sample_03,tissue,section
sample_03_g023_c06,508.893377,195.931304,B,sample_03,tissue,section
sample_03_g023_c07,505.770656,194.003919,F,sample_03,tissue,section
sample_03_g023_c08,503.795367,190.809326,D,sample_03,tissue,section
sample_03_g023_c09,503.576024,186.502136,B,sample_03,tissue,section
sample_03_g023_c10,507.541685,184.830172,B,sample_03,tissue,section
sample_03_g024_c01,595.345585,194.817118,A,sample_03,tissue,section
sample_03_g024_c02,591.269293,195.983498,D,sample_03,tissue,section
sample_03_g024_c03,587.112794,196.477691,D,sample_03,tissue,section
sample_03_g024_c04,585.233035,192.749628,C,sample_03,tissue,section
sample_03_g024_c05,582.727487,189.232642,D,sample_03,tissue,section
sample_03_g024_c06,585.083416,185.569472,D,sample_03,tissue,section
sample_03_g024_c07,588.595559,183.379408,B,sample_03,tissue,section
sample_03_g024_c08,592.856193,183.59189,F,sample_03,tissue,section
sample_03_g024_c09,595.560191,186.792832,A,sample_03,tissue,section
sample_03_g024_c10,596.319404,190.666791,E,sample_03,tissue,section
sample_03_g025_c01,32.616159,263.474632,B,sample_03,tissue,section
sample_03_g025_c02,36.259206,266.065519,F,sample_03,tissue,section
sample_03_g025_c03,36.961824,270.468128,D,sample_03,tissue,section
sample_03_g025_c04,35.430296,274.531887,A,sample_03,tissue,section
sample_03_g025_c05,31.529342,276.064771,F,sample_03,tissue,section
sample_03_g025_c06,27.239661,276.884991,C,sample_03,tissue,section
sample_03_g025_c07,24.842977,273.241658,D,sample_03,tissue,section
sample_03_g025_c08,23.470122,269.560917,B,sample_03,tissue,section
sample_03_g025_c09,25.572798,266.305251,D,sample_03,tissue,section
sample_03_g025_c10,28.401964,263.662817,E,sample_03,tissue,section
sample_03_g026_c01,110.848277,263.472994,D,sample_03,tissue,section
sample_03_g026_c02,114.755236,264.972339,D,sample_03,tissue,section
sample_03_g026_c03,117.169441,268.658909,C,sample_03,tissue,section
sample_03_g026_c04,115.961599,272.831399,F,sample_03,tissue,section
sample_03_g026_c05,112.698173,274.949806,C,sample_03,tissue,section
sample_03_g026_c06,109.276042,275.570447,E,sample_03,tissue,section
sample_03_g026_c07,104.920412,275.370595,E,sample_03,tissue,section
sample_03_g026_c08,104.46863,271.034679,B,sample_03,tissue,section
sample_03_g026_c09,103.578089,266.94998,E,sample_03,tissue,section
sample_03_g026_c10,106.947407,264.400011,E,sample_03,tissue,section
sample_03_g027_c01,196.154199,271.449276,E,sample_03,tissue,section
sample_03_g027_c02,193.98511,274.62517,C,sample_03,tissue,section
sample_03_g027_c03,190.592122,277.128026,C,sample_03,tissue,section
sample_03_g027_c04,186.445251,275.85773,A,sample_03,tissue,section
sample_03_g027_c05,183.239891,272.834559,D,sample_03,tissue,section
sample_03_g027_c06,183.916667,268.567412,C,sample_03,tissue,section
sample_03_g027_c07,185.841131,265.173162,B,sample_03,tissue,section
sample_03_g027_c08,189.432155,263.164225,F,sample_03,tissue,section
sample_03_g027_c09,193.42376,264.358121,B,sample_03,tissue,section
sample_03_g027_c10,196.0135,267.478498,F,sample_03,tissue,section
sample_03_g028_c01,265.201087,266.882808,C,sample_03,tissue,section
sample_03_g028_c02,267.986294,264.752412,D,sample_03,tissue,section
sample_03_g028_c03,271.889274,262.952199,F,sample_03,tissue,section
sample_03_g028_c04,274.917633,266.018665,A,sample_03,tissue,section
sample_03_g028_c05,276.437056,269.66335,E,sample_03,tissue,section
sample_03_g028_c06,275.787148,273.759112,E,sample_03,tissue,section
sample_03_g028_c07,272.175261,275.66859,C,sample_03,tissue,section
sample_03_g028_c08,268.384383,276.026945,A,sample_03,tissue,section
sample_03_g028_c09,264.461524,274.483972,F,sample_03,tissue,section
sample_03_g028_c10,263.428281,270.343693,F,sample_03,tissue,section
sample_03_g029_c01,353.937751,275.030849,B,sample_03,tissue,section
sample_03_g029_c02,350.199679,275.575661,A,sample_03,tissue,section
sample_03_g029_c03,346.154622,275.711974,A,sample_03,tissue,section
sample_03_g029_c04,344.502169,272.006594,C,sample_03,tissue,section
sample_03_g029_c05,344.247465,268.356031,C,sample_03,tissue,section
sample_03_g029_c06,345.999378,264.888827,C,sample_03,tissue,section
sample_03_g029_c07,349.746346,262.917167,E,sample_03,tissue,section
sample_03_g029_c08,353.336042,265.044599,F,sample_03,tissue,section
sample_03_g029_c09,356.086172,267.778674,D,sample_03,tissue,section
sample_03_g029_c10,356.802125,271.943923,C,sample_03,tissue,section
sample_03_g030_c01,426.233111,265.400077,F,sample_03,tissue,section
sample_03_g030_c02,429.672949,264.352146,B,sample_03,tissue,section
sample_03_g030_c03,433.962342,263.824666,B,sample_03,tissue,section
sample_03_g030_c04,436.021591,267.650568,B,sample_03,tissue,section
sample_03_g030_c05,435.916426,271.550585,E,sample_03,tissue,section
sample_03_g030_c06,433.578761,274.37019,C,sample_03,tissue,section
sample_03_g030_c07,430.383556,276.623629,D,sample_03,tissue,section
sample_03_g030_c08,426.071838,276.122063,A,sample_03,tissue,section
sample_03_g030_c09,424.85075,272.009073,E,sample_03,tissue,section
sample_03_g030_c10,423.805274,268.376478,E,sample_03,tissue,section
sample_03_g031_c01,503.953103,274.379969,B,sample_03,tissue,section
sample_03_g031_c02,503.491663,269.990579,D,sample_03,tissue,section
sample_03_g031_c03,504.102192,265.701934,E,sample_03,tissue,section
sample_03_g031_c04,508.268847,264.645701,F,sample_03,tissue,section
sample_03_g031_c05,512.071318,263.656397,A,sample_03,tissue,section
sample_03_g031_c06,514.468194,266.763539,E,sample_03,tissue,section
sample_03_g031_c07,515.903512,270.008545,D,sample_03,tissue,section
sample_03_g031_c08,514.938132,273.598696,C,sample_03,tissue,section
sample_03_g031_c09,512.073404,276.412852,B,sample_03,tissue,section
sample_03_g031_c10,508.240237,275.389435,B,sample_03,tissue,section
sample_03_g032_c01,588.789431,264.090138,D,sample_03,tissue,section
sample_03_g032_c02,592.670899,264.118516,B,sample_03,tissue,section
sample_03_g032_c03,594.920617,267.207397,F,sample_03,tissue,section
sample_03_g032_c04,596.517503,270.73379,B,sample_03,tissue,section
sample_03_g032_c05,594.069552,273.719105,C,sample_03,tissue,section
sample_03_g032_c06,591.440507,277.032396,D,sample_03,tissue,section
sample_03_g032_c07,587.336416,275.865378,D,sample_03,tissue,section
sample_03_g032_c08,583.852472,273.488914,E,sample_03,tissue,section
sample_03_g032_c09,583.463437,269.264064,C,sample_03,tissue,section
sample_03_g032_c10,584.643915,265.105151,F,sample_03,tissue,section
sample_03_g033_c01,31.527507,356.880332,F,sample_03,tissue,section
sample_03_g033_c02,27.578994,355.572521,B,sample_03,tissue,section
sample_03_g033_c03,23.54667,353.80392,A,sample_03,tissue,section
sample_03_g033_c04,24.141908,349.43771,B,sample_03,tissue,section
sample_03_g033_c05,25.806303,346.291981,D,sample_03,tissue,section
sample_03_g033_c06,28.65827,343.956459,B,sample_03,tissue,section
sample_03_g033_c07,32.440647,344.382271,E,sample_03,tissue,section
sample_03_g033_c08,34.862601,347.133736,C,sample_03,tissue,section
sample_03_g033_c09,35.585616,350.536136,C,sample_03,tissue,section
sample_03_g033_c10,34.865849,354.302328,B,sample_03,tissue,section
sample_03_g034_c01,103.210328,352.543135,E,sample_03,tissue,section
sample_03_g034_c02,102.977685,348.057014,A,sample_03,tissue,section
sample_03_g034_c03,105.348616,344.159506,F,sample_03,tissue,section
sample_03_g034_c04,109.683507,342.848247,E,sample_03,tissue,section
sample_03_g034_c05,113.773958,344.290834,A,sample_03,tissue,section
sample_03_g034_c06,116.103356,347.713931,F,sample_03,tissue,section
sample_03_g034_c07,115.518107,351.52679,D,sample_03,tissue,section
sample_03_g034_c08,114.462394,355.603189,C,sample_03,tissue,section
sample_03_g034_c09,110.261186,355.901996,A,sample_03,tissue,section
sample_03_g034_c10,105.887543,356.22124,D,sample_03,tissue,section
sample_03_g035_c01,184.498736,349.309154,E,sample_03,tissue,section
sample_03_g035_c02,185.245546,345.541871,A,sample_03,tissue,section
sample_03_g035_c03,188.697714,343.20045,A,sample_03,tissue,section
sample_03_g035_c04,192.570719,344.526459,E,sample_03,tissue,section
sample_03_g035_c05,195.888676,346.75701,C,sample_03,tissue,section
sample_03_g035_c06,197.20696,350.905046,E,sample_03,tissue,section
sample_03_g035_c07,194.414082,354.138971,D,sample_03,tissue,section
sample_03_g035_c08,191.357845,357.089636,A,sample_03,tissue,section
sample_03_g035_c09,186.999612,356.388386,A,sample_03,tissue,section
sample_03_g035_c10,184.384268,353.092675,D,sample_03,tissue,section
sample_03_g036_c01,275.696562,345.364605,F,sample_03,tissue,section
sample_03_g036_c02,277.36598,349.596448,E,sample_03,tissue,section
sample_03_g036_c03,275.038588,353.255136,C,sample_03,tissue,section
sample_03_g036_c04,272.200692,355.692613,C,sample_03,tissue,section
sample_03_g036_c05,268.559631,355.426976,F,sample_03,tissue,section
sample_03_g036_c06,264.655584,354.348847,B,sample_03,tissue,section
sample_03_g036_c07,263.226229,350.371107,C,sample_03,tissue,section
sample_03_g036_c08,263.799024,345.993913,F,sample_03,tissue,section
sample_03_g036_c09,267.30068,343.017567,D,sample_03,tissue,section
sample_03_g036_c10,271.913892,342.788902,E,sample_03,tissue,section
sample_03_g037_c01,353.317973,355.721642,F,sample_03,tissue,section
sample_03_g037_c02,349.368378,356.121899,F,sample_03,tissue,section
sample_03_g037_c03,345.689978,354.805183,A,sample_03,tissue,section
sample_03_g037_c04,343.092994,351.481919,F,sample_03,tissue,section
sample_03_g037_c05,343.851992,347.276784,D,sample_03,tissue,section
sample_03_g037_c06,346.431843,343.846932,C,sample_03,tissue,section
sample_03_g037_c07,350.639676,343.800036,A,sample_03,tissue,section
sample_03_g037_c08,354.539689,344.938764,A,sample_03,tissue,section
sample_03_g037_c09,356.588903,348.586331,F,sample_03,tissue,section
sample_03_g037_c10,355.417544,352.399662,E,sample_03,tissue,section
sample_03_g038_c01,430.054022,356.602995,F,sample_03,tissue,section
sample_03_g038_c02,425.997125,355.605356,D,sample_03,tissue,section
sample_03_g038_c03,423.663636,352.116276,E,sample_03,tissue,section
sample_03_g038_c04,423.40193,347.91568,E,sample_03,tissue,section
sample_03_g038_c05,426.106463,344.732181,C,sample_03,tissue,section
sample_03_g038_c06,429.94246,342.967008,B,sample_03,tissue,section
sample_03_g038_c07,434.033198,344.352183,E,sample_03,tissue,section
sample_03_g038_c08,436.794135,347.730834,C,sample_03,tissue,section
sample_03_g038_c09,436.165529,351.947681,C,sample_03,tissue,section
sample_03_g038_c10,433.73179,355.048981,B,sample_03,tissue,section
sample_03_g039_c01,511.843346,355.9287,B,sample_03,tissue,section
sample_03_g039_c02,507.776467,356.558392,D,sample_03,tissue,section
sample_03_g039_c03,505.312289,353.315581,E,sample_03,tissue,section
sample_03_g039_c04,503.382158,349.915848,E,sample_03,tissue,section
sample_03_g039_c05,504.116705,345.610168,E,sample_03,tissue,section
sample_03_g039_c06,508.112323,343.928721,F,sample_03,tissue,section
sample_03_g039_c07,511.871816,344.47901,A,sample_03,tissue,section
sample_03_g039_c08,515.246003,346.289543,C,sample_03,tissue,section
sample_03_g039_c09,515.768941,350.073357,C,sample_03,tissue,section
sample_03_g039_c10,514.489311,353.349708,B,sample_03,tissue,section
sample_03_g040_c01,585.370614,355.0073,C,sample_03,tissue,section
sample_03_g040_c02,583.417432,351.308849,D,sample_03,tissue,section
sample_03_g040_c03,583.530649,347.017009,E,sample_03,tissue,section
sample_03_g040_c04,587.17931,344.962423,E,sample_03,tissue,section
sample_03_g040_c05,590.741019,343.743117,D,sample_03,tissue,section
sample_03_g040_c06,594.600498,345.023946,F,sample_03,tissue,section
sample_03_g040_c07,597.228016,348.562813,B,sample_03,tissue,section
sample_03_g040_c08,596.561046,353.025271,B,sample_03,tissue,section
sample_03_g040_c09,592.83875,355.069831,C,sample_03,tissue,section
sample_03_g040_c10,589.238165,356.432641,C,sample_03,tissue,section
sample_03_g041_c01,30.269862,435.698066,F,sample_03,tissue,section
sample_03_g041_c02,25.944399,436.176767,E,sample_03,tissue,section
sample_03_g041_c03,24.765566,431.97913,F,sample_03,tissue,section
sample_03_g041_c04,23.062132,428.103513,D,sample_03,tissue,section
sample_03_g041_c05,26.376745,425.479301,D,sample_03,tissue,section
sample_03_g041_c06,29.65161,422.643814,B,sample_03,tissue,section
sample_03_g041_c07,33.392466,424.833202,F,sample_03,tissue,section
sample_03_g041_c08,35.225745,428.024155,B,sample_03,tissue,section
sample_03_g041_c09,36.6027,431.804868,A,sample_03,tissue,section
sample_03_g041_c10,33.697557,434.613406,B,sample_03,tissue,section
sample_03_g042_c01,116.851448,432.910512,F,sample_03,tissue,section
sample_03_g042_c02,113.642127,436.065331,E,sample_03,tissue,section
sample_03_g042_c03,109.455649,436.202121,A,sample_03,tissue,section
sample_03_g042_c04,106.282665,434.273908,D,sample_03,tissue,section
sample_03_g042_c05,103.544575,431.488465,A,sample_03,tissue,section
sample_03_g042_c06,104.320842,427.587479,E,sample_03,tissue,section
sample_03_g042_c07,106.792136,424.657859,F,sample_03,tissue,section
sample_03_g042_c08,110.601357,423.148373,A,sample_03,tissue,section
sample_03_g042_c09,114.106549,425.278604,B,sample_03,tissue,section
sample_03_g042_c10,116.527232,428.494979,B,sample_03,tissue,section
sample_03_g043_c01,193.438753,425.394045,F,sample_03,tissue,section
sample_03_g043_c02,196.716166,427.91388,E,sample_03,tissue,section
sample_03_g043_c03,195.391297,431.829531,E,sample_03,tissue,section
sample_03_g043_c04,193.566698,435.04575,C,sample_03,tissue,section
sample_03_g043_c05,189.917349,436.359606,B,sample_03,tissue,section
sample_03_g043_c06,186.073198,435.259661,D,sample_03,tissue,section
sample_03_g043_c07,183.072105,432.151886,A,sample_03,tissue,section
sample_03_g043_c08,183.503807,427.795523,F,sample_03,tissue,section
sample_03_g043_c09,185.920324,424.228548,C,sample_03,tissue,section
sample_03_g043_c10,190.092831,422.857118,A,sample_03,tissue,section
sample_03_g044_c01,275.256546,434.247825,B,sample_03,tissue,section
sample_03_g044_c02,271.840458,436.840852,C,sample_03,tissue,section
sample_03_g044_c03,268.030774,435.145643,A,sample_03,tissue,section
sample_03_g044_c04,264.083357,433.850872,E,sample_03,tissue,section
sample_03_g044_c05,263.421898,429.661963,C,sample_03,tissue,section
sample_03_g044_c06,265.229537,426.144981,C,sample_03,tissue,section
sample_03_g044_c07,268.411979,424.097441,A,sample_03,tissue,section
sample_03_g044_c08,272.636958,423.109555,E,sample_03,tissue,section
sample_03_g044_c09,275.563043,426.37927,D,sample_03,tissue,section
sample_03_g044_c10,275.9964,430.308144,C,sample_03,tissue,section
sample_03_g045_c01,344.745409,432.426773,B,sample_03,tissue,section
sample_03_g045_c02,343.953595,428.801608,D,sample_03,tissue,section
sample_03_g045_c03,346.013002,425.692823,D,sample_03,tissue,section
sample_03_g045_c04,349.213674,423.395194,C,sample_03,tissue,section
sample_03_g045_c05,352.857688,424.889008,E,sample_03,tissue,section
sample_03_g045_c06,355.048808,427.668266,C,sample_03,tissue,section
sample_03_g045_c07,355.950434,431.179371,D,sample_03,tissue,section
sample_03_g045_c08,354.350186,434.699532,A,sample_03,tissue,section
sample_03_g045_c09,350.708436,435.95056,B,sample_03,tissue,section
sample_03_g045_c10,346.924091,435.501281,B,sample_03,tissue,section
sample_03_g046_c01,431.774547,436.657595,D,sample_03,tissue,section
sample_03_g046_c02,427.902125,435.443811,A,sample_03,tissue,section
sample_03_g046_c03,424.832273,433.346339,D,sample_03,tissue,section
sample_03_g046_c04,424.216836,429.689315,E,sample_03,tissue,section
sample_03_g046_c05,425.498311,426.344823,F,sample_03,tissue,section
sample_03_g046_c06,428.380325,423.923441,B,sample_03,tissue,section
sample_03_g046_c07,432.109089,424.527089,C,sample_03,tissue,section
sample_03_g046_c08,436.073876,426.066889,E,sample_03,tissue,section
sample_03_g046_c09,436.574289,430.353186,B,sample_03,tissue,section
sample_03_g046_c10,435.482366,434.451444,F,sample_03,tissue,section
sample_03_g047_c01,506.498072,424.716425,D,sample_03,tissue,section
sample_03_g047_c02,510.306533,422.875883,B,sample_03,tissue,section
sample_03_g047_c03,514.307869,424.577234,C,sample_03,tissue,section
sample_03_g047_c04,515.872503,428.367412,F,sample_03,tissue,section
sample_03_g047_c05,516.120594,432.283987,B,sample_03,tissue,section
sample_03_g047_c06,513.654659,435.514011,E,sample_03,tissue,section
sample_03_g047_c07,509.753372,435.731872,F,sample_03,tissue,section
sample_03_g047_c08,506.499461,434.406497,F,sample_03,tissue,section
sample_03_g047_c09,503.407692,431.832698,B,sample_03,tissue,section
sample_03_g047_c10,504.091167,427.795035,C,sample_03,tissue,section
sample_03_g048_c01,582.924004,428.356396,D,sample_03,tissue,section
sample_03_g048_c02,585.401488,424.695691,E,sample_03,tissue,section
sample_03_g048_c03,589.458234,423.71062,E,sample_03,tissue,section
sample_03_g048_c04,593.26825,424.577177,C,sample_03,tissue,section
sample_03_g048_c05,596.154519,427.397281,F,sample_03,tissue,section
sample_03_g048_c06,596.170383,431.433249,B,sample_03,tissue,section
sample_03_g048_c07,593.818675,434.40478,D,sample_03,tissue,section
sample_03_g048_c08,590.574758,436.672389,D,sample_03,tissue,section
sample_03_g048_c09,586.699537,435.476272,B,sample_03,tissue,section
sample_03_g048_c10,583.533359,432.734714,A,sample_03,tissue,section
sample_03_g049_c01,23.548229,507.674459,B,sample_03,tissue,section
sample_03_g049_c02,26.461951,504.789676,D,sample_03,tissue,section
sample_03_g049_c03,30.232453,502.691379,E,sample_03,tissue,section
sample_03_g049_c04,34.389099,504.34603,E,sample_03,tissue,section
sample_03_g049_c05,35.539861,508.392796,E,sample_03,tissue,section
sample_03_g049_c06,36.363895,512.293866,E,sample_03,tissue,section
sample_03_g049_c07,33.299391,514.858864,C,sample_03,tissue,section
sample_03_g049_c08,29.770638,517.211427,C,sample_03,tissue,section
sample_03_g049_c09,25.648676,515.605309,A,sample_03,tissue,section
sample_03_g049_c10,23.96946,511.749557,B,sample_03,tissue,section
sample_03_g050_c01,111.656959,515.509616,F,sample_03,tissue,section
sample_03_g050_c02,108.149241,515.296226,F,sample_03,tissue,section
sample_03_g050_c03,104.735475,513.650512,A,sample_03,tissue,section
sample_03_g050_c04,102.53583,509.835581,A,sample_03,tissue,section
sample_03_g050_c05,104.060911,505.481865,E,sample_03,tissue,section
sample_03_g050_c06,107.968964,503.246526,B,sample_03,tissue,section
sample_03_g050_c07,112.473628,502.921339,C,sample_03,tissue,section
sample_03_g050_c08,115.698596,506.048496,C,sample_03,tissue,section
sample_03_g050_c09,116.105964,510.134501,A,sample_03,tissue,section
sample_03_g050_c10,114.935695,513.754807,A,sample_03,tissue,section
sample_03_g051_c01,187.687657,502.924913,C,sample_03,tissue,section
sample_03_g051_c02,191.883682,504.168394,E,sample_03,tissue,section
sample_03_g051_c03,194.616894,506.63344,B,sample_03,tissue,section
sample_03_g051_c04,197.459294,509.987126,D,sample_03,tissue,section
sample_03_g051_c05,195.623219,514.070698,D,sample_03,tissue,section
sample_03_g051_c06,191.72837,515.288302,C,sample_03,tissue,section
sample_03_g051_c07,187.739061,516.999539,D,sample_03,tissue,section
sample_03_g051_c08,185.187766,513.508998,B,sample_03,tissue,section
sample_03_g051_c09,184.22513,510.009967,C,sample_03,tissue,section
sample_03_g051_c10,184.733032,506.187195,C,sample_03,tissue,section
sample_03_g052_c01,264.495826,513.665559,D,sample_03,tissue,section
sample_03_g052_c02,262.863902,509.708646,B,sample_03,tissue,section
sample_03_g052_c03,264.308031,505.498624,A,sample_03,tissue,section
sample_03_g052_c04,268.198519,503.57468,B,sample_03,tissue,section
sample_03_g052_c05,272.507771,503.234401,C,sample_03,tissue,section
sample_03_g052_c06,275.227749,506.518529,B,sample_03,tissue,section
sample_03_g052_c07,276.159541,510.251483,A,sample_03,tissue,section
sample_03_g052_c08,275.164225,514.084021,A,sample_03,tissue,section
sample_03_g052_c09,271.564964,515.581737,B,sample_03,tissue,section
sample_03_g052_c10,267.533277,516.654858,C,sample_03,tissue,section
sample_03_g053_c01,345.872905,504.495683,B,sample_03,tissue,section
sample_03_g053_c02,349.90298,503.553854,B,sample_03,tissue,section
sample_03_g053_c03,353.675887,504.777053,D,sample_03,tissue,section
sample_03_g053_c04,355.220511,508.216458,F,sample_03,tissue,section
sample_03_g053_c05,357.078426,512.182709,A,sample_03,tissue,section
sample_03_g053_c06,353.456672,514.610172,E,sample_03,tissue,section
sample_03_g053_c07,350.098225,516.526175,F,sample_03,tissue,section
sample_03_g053_c08,346.178871,515.429318,B,sample_03,tissue,section
sample_03_g053_c09,344.47413,511.887866,A,sample_03,tissue,section
sample_03_g053_c10,344.097586,508.179927,A,sample_03,tissue,section
sample_03_g054_c01,426.516775,503.883847,C,sample_03,tissue,section
sample_03_g054_c02,430.781584,502.963233,B,sample_03,tissue,section
sample_03_g054_c03,434.035938,505.57046,A,sample_03,tissue,section
sample_03_g054_c04,435.869925,508.788451,F,sample_03,tissue,section
sample_03_g054_c05,436.675729,513.019532,B,sample_03,tissue,section
sample_03_g054_c06,432.79911,514.914923,C,sample_03,tissue,section
sample_03_g054_c07,429.243755,516.808633,F,sample_03,tissue,section
sample_03_g054_c08,425.870477,514.532252,D,sample_03,tissue,section
sample_03_g054_c09,422.978081,511.44932,D,sample_03,tissue,section
sample_03_g054_c10,424.906313,507.696049,A,sample_03,tissue,section
sample_03_g055_c01,516.427481,510.82611,E,sample_03,tissue,section
sample_03_g055_c02,514.181965,513.944186,B,sample_03,tissue,section
sample_03_g055_c03,511.220323,516.47321,A,sample_03,tissue,section
sample_03_g055_c04,507.556395,515.163899,F,sample_03,tissue,section
sample_03_g055_c05,503.977231,513.294098,F,sample_03,tissue,section
sample_03_g055_c06,503.184852,509.124064,D,sample_03,tissue,section
sample_03_g055_c07,505.364101,505.627689,A,sample_03,tissue,section
sample_03_g055_c08,508.927493,504.31088,A,sample_03,tissue,section
sample_03_g055_c09,512.706155,504.281273,A,sample_03,tissue,section
sample_03_g055_c10,515.395212,507.049139,E,sample_03,tissue,section
sample_03_g056_c01,595.950204,506.348837,A,sample_03,tissue,section
sample_03_g056_c02,596.776791,510.529286,A,sample_03,tissue,section
sample_03_g056_c03,594.537302,513.870553,D,sample_03,tissue,section
sample_03_g056_c04,591.451632,516.030667,F,sample_03,tissue,section
sample_03_g056_c05,587.572783,515.869701,C,sample_03,tissue,section
sample_03_g056_c06,583.70007,513.865763,E,sample_03,tissue,section
sample_03_g056_c07,583.635265,509.502896,F,sample_03,tissue,section
sample_03_g056_c08,585.045682,505.773711,A,sample_03,tissue,section
sample_03_g056_c09,588.298399,502.930864,B,sample_03,tissue,section
sample_03_g056_c10,592.126172,504.858312,D,sample_03,tissue,section
sample_03_g057_c01,27.662274,584.020992,A,sample_03,tissue,section
sample_03_g057_c02,31.642041,583.716367,A,sample_03,tissue,section
sample_03_g057_c03,34.988185,585.909223,F,sample_03,tissue,section
sample_03_g057_c04,35.716098,589.664911,F,sample_03,tissue,section
sample_03_g057_c05,35.087121,593.258988,B,sample_03,tissue,section
sample_03_g057_c06,32.668846,596.825885,C,sample_03,tissue,section
sample_03_g057_c07,28.552357,595.539727,F,sample_03,tissue,section
sample_03_g057_c08,24.468226,594.536571,F,sample_03,tissue,section
sample_03_g057_c09,23.89415,590.357937,F,sample_03,tissue,section
sample_03_g057_c10,23.705699,585.96765,D,sample_03,tissue,section
sample_03_g058_c01,115.131637,586.368884,A,sample_03,tissue,section
sample_03_g058_c02,117.067353,590.088445,B,sample_03,tissue,section
sample_03_g058_c03,115.621642,594.192838,D,sample_03,tissue,section
sample_03_g058_c04,112.222451,597.142933,B,sample_03,tissue,section
sample_03_g058_c05,107.751271,596.637097,B,sample_03,tissue,section
sample_03_g058_c06,103.974621,594.263523,B,sample_03,tissue,section
sample_03_g058_c07,104.042722,589.925447,A,sample_03,tissue,section
sample_03_g058_c08,105.283944,586.482583,C,sample_03,tissue,section
sample_03_g058_c09,108.007312,583.595522,A,sample_03,tissue,section
sample_03_g058_c10,112.228776,583.421791,E,sample_03,tissue,section
sample_03_g059_c01,188.103204,583.901877,D,sample_03,tissue,section
sample_03_g059_c02,192.393138,582.938671,C,sample_03,tissue,section
sample_03_g059_c03,194.746956,586.641692,F,sample_03,tissue,section
sample_03_g059_c04,197.103485,590.089506,E,sample_03,tissue,section
sample_03_g059_c05,195.749958,594.289307,D,sample_03,tissue,section
sample_03_g059_c06,191.864101,595.99301,E,sample_03,tissue,section
sample_03_g059_c07,188.191623,595.335901,D,sample_03,tissue,section
sample_03_g059_c08,185.22211,593.380193,D,sample_03,tissue,section
sample_03_g059_c09,182.854196,589.90996,B,sample_03,tissue,section
sample_03_g059_c10,185.345196,586.527646,F,sample_03,tissue,section
sample_03_g060_c01,276.566748,586.784135,D,sample_03,tissue,section
sample_03_g060_c02,275.76001,591.006122,C,sample_03,tissue,section
sample_03_g060_c03,274.828722,594.984266,D,sample_03,tissue,section
sample_03_g060_c04,270.875409,596.157191,B,sample_03,tissue,section
sample_03_g060_c05,267.228333,595.232977,A,sample_03,tissue,section
sample_03_g060_c06,264.832043,592.530849,A,sample_03,tissue,section
sample_03_g060_c07,263.241432,588.819456,C,sample_03,tissue,section
sample_03_g060_c08,265.4553,585.308905,D,sample_03,tissue,section
sample_03_g060_c09,268.944808,582.578307,F,sample_03,tissue,section
sample_03_g060_c10,273.456062,583.474866,A,sample_03,tissue,section
